solid OpenSCAD_Model
  facet normal -0.321218 -0.947005 0
    outer loop
      vertex 100.039 -8.53407 1.21
      vertex 100.163 -8.57613 2
      vertex 100.039 -8.53407 2
    endloop
  endfacet
  facet normal -0.321218 -0.947005 -0
    outer loop
      vertex 100.163 -8.57613 2
      vertex 100.039 -8.53407 1.21
      vertex 100.163 -8.57613 1.21
    endloop
  endfacet
  facet normal 0 -1 0
    outer loop
      vertex 16.26 -8.5 1.21
      vertex 99.78 -8.5 2
      vertex 16.26 -8.5 2
    endloop
  endfacet
  facet normal 0 -1 -0
    outer loop
      vertex 99.78 -8.5 2
      vertex 16.26 -8.5 1.21
      vertex 99.78 -8.5 1.21
    endloop
  endfacet
  facet normal -0.194721 -0.980859 0
    outer loop
      vertex 99.9105 -8.50856 1.21
      vertex 100.039 -8.53407 2
      vertex 99.9105 -8.50856 2
    endloop
  endfacet
  facet normal -0.194721 -0.980859 -0
    outer loop
      vertex 100.039 -8.53407 2
      vertex 99.9105 -8.50856 1.21
      vertex 100.039 -8.53407 1.21
    endloop
  endfacet
  facet normal 0.896724 -0.442591 0
    outer loop
      vertex 15.3361 -9.11731 2
      vertex 15.394 -9 1.21
      vertex 15.394 -9 2
    endloop
  endfacet
  facet normal 0.896724 -0.442591 0
    outer loop
      vertex 15.394 -9 1.21
      vertex 15.3361 -9.11731 2
      vertex 15.3361 -9.11731 1.21
    endloop
  endfacet
  facet normal -0.0654532 -0.997856 0
    outer loop
      vertex 99.78 -8.5 1.21
      vertex 99.9105 -8.50856 2
      vertex 99.78 -8.5 2
    endloop
  endfacet
  facet normal -0.0654532 -0.997856 -0
    outer loop
      vertex 99.9105 -8.50856 2
      vertex 99.78 -8.5 1.21
      vertex 99.9105 -8.50856 1.21
    endloop
  endfacet
  facet normal -0.194648 0.980873 0
    outer loop
      vertex 100.039 -66.1459 1.21
      vertex 99.9105 -66.1714 2
      vertex 100.039 -66.1459 2
    endloop
  endfacet
  facet normal -0.194648 0.980873 0
    outer loop
      vertex 99.9105 -66.1714 2
      vertex 100.039 -66.1459 1.21
      vertex 99.9105 -66.1714 1.21
    endloop
  endfacet
  facet normal 0.0654532 -0.997856 0
    outer loop
      vertex 16.1295 -8.50856 1.21
      vertex 16.26 -8.5 2
      vertex 16.1295 -8.50856 2
    endloop
  endfacet
  facet normal 0.0654532 -0.997856 0
    outer loop
      vertex 16.26 -8.5 2
      vertex 16.1295 -8.50856 1.21
      vertex 16.26 -8.5 1.21
    endloop
  endfacet
  facet normal 0.555582 0.831462 -0
    outer loop
      vertex 15.76 -66.046 1.21
      vertex 15.6512 -65.9733 2
      vertex 15.76 -66.046 2
    endloop
  endfacet
  facet normal 0.555582 0.831462 0
    outer loop
      vertex 15.6512 -65.9733 2
      vertex 15.76 -66.046 1.21
      vertex 15.6512 -65.9733 1.21
    endloop
  endfacet
  facet normal 0.997836 -0.0657477 0
    outer loop
      vertex 15.26 -9.5 2
      vertex 15.2686 -9.36948 1.21
      vertex 15.2686 -9.36948 2
    endloop
  endfacet
  facet normal 0.997836 -0.0657477 0
    outer loop
      vertex 15.2686 -9.36948 1.21
      vertex 15.26 -9.5 2
      vertex 15.26 -9.5 1.21
    endloop
  endfacet
  facet normal 0.321451 -0.946926 0
    outer loop
      vertex 15.8773 -8.57613 1.21
      vertex 16.0012 -8.53407 2
      vertex 15.8773 -8.57613 2
    endloop
  endfacet
  facet normal 0.321451 -0.946926 0
    outer loop
      vertex 16.0012 -8.53407 2
      vertex 15.8773 -8.57613 1.21
      vertex 16.0012 -8.53407 1.21
    endloop
  endfacet
  facet normal 0.896709 0.442621 0
    outer loop
      vertex 15.394 -65.68 2
      vertex 15.3361 -65.5627 1.21
      vertex 15.3361 -65.5627 2
    endloop
  endfacet
  facet normal 0.896709 0.442621 0
    outer loop
      vertex 15.3361 -65.5627 1.21
      vertex 15.394 -65.68 2
      vertex 15.394 -65.68 1.21
    endloop
  endfacet
  facet normal 0.659316 0.751866 -0
    outer loop
      vertex 15.6512 -65.9733 1.21
      vertex 15.5529 -65.8871 2
      vertex 15.6512 -65.9733 2
    endloop
  endfacet
  facet normal 0.659316 0.751866 0
    outer loop
      vertex 15.5529 -65.8871 2
      vertex 15.6512 -65.9733 1.21
      vertex 15.5529 -65.8871 1.21
    endloop
  endfacet
  facet normal 0.442621 0.896709 -0
    outer loop
      vertex 15.8773 -66.1039 1.21
      vertex 15.76 -66.046 2
      vertex 15.8773 -66.1039 2
    endloop
  endfacet
  facet normal 0.442621 0.896709 0
    outer loop
      vertex 15.76 -66.046 2
      vertex 15.8773 -66.1039 1.21
      vertex 15.76 -66.046 1.21
    endloop
  endfacet
  facet normal 0.0657577 0.997836 -0
    outer loop
      vertex 16.26 -66.18 1.21
      vertex 16.1295 -66.1714 2
      vertex 16.26 -66.18 2
    endloop
  endfacet
  facet normal 0.0657577 0.997836 0
    outer loop
      vertex 16.1295 -66.1714 2
      vertex 16.26 -66.18 1.21
      vertex 16.1295 -66.1714 1.21
    endloop
  endfacet
  facet normal -0.554876 0.831933 0
    outer loop
      vertex 100.389 -65.9733 1.21
      vertex 100.28 -66.046 2
      vertex 100.389 -65.9733 2
    endloop
  endfacet
  facet normal -0.554876 0.831933 0
    outer loop
      vertex 100.28 -66.046 2
      vertex 100.389 -65.9733 1.21
      vertex 100.28 -66.046 1.21
    endloop
  endfacet
  facet normal -0.98154 -0.191259 0
    outer loop
      vertex 100.771 -9.36948 1.21
      vertex 100.746 -9.24118 2
      vertex 100.746 -9.24118 1.21
    endloop
  endfacet
  facet normal -0.98154 -0.191259 0
    outer loop
      vertex 100.746 -9.24118 2
      vertex 100.771 -9.36948 1.21
      vertex 100.771 -9.36948 2
    endloop
  endfacet
  facet normal -1 0 0
    outer loop
      vertex 100.78 -65.18 1.21
      vertex 100.78 -9.5 2
      vertex 100.78 -9.5 1.21
    endloop
  endfacet
  facet normal -1 -0 0
    outer loop
      vertex 100.78 -9.5 2
      vertex 100.78 -65.18 1.21
      vertex 100.78 -65.18 2
    endloop
  endfacet
  facet normal 1 -0 0
    outer loop
      vertex 15.26 -65.18 2
      vertex 15.26 -9.5 1.21
      vertex 15.26 -9.5 2
    endloop
  endfacet
  facet normal 1 0 0
    outer loop
      vertex 15.26 -9.5 1.21
      vertex 15.26 -65.18 2
      vertex 15.26 -65.18 1.21
    endloop
  endfacet
  facet normal 0.947066 0.321039 0
    outer loop
      vertex 15.3361 -65.5627 2
      vertex 15.2941 -65.4388 1.21
      vertex 15.2941 -65.4388 2
    endloop
  endfacet
  facet normal 0.947066 0.321039 0
    outer loop
      vertex 15.2941 -65.4388 1.21
      vertex 15.3361 -65.5627 2
      vertex 15.3361 -65.5627 1.21
    endloop
  endfacet
  facet normal -0.947066 0.321039 0
    outer loop
      vertex 100.704 -65.5627 1.21
      vertex 100.746 -65.4388 2
      vertex 100.746 -65.4388 1.21
    endloop
  endfacet
  facet normal -0.947066 0.321039 0
    outer loop
      vertex 100.746 -65.4388 2
      vertex 100.704 -65.5627 1.21
      vertex 100.704 -65.5627 2
    endloop
  endfacet
  facet normal 0.195013 -0.980801 0
    outer loop
      vertex 16.0012 -8.53407 1.21
      vertex 16.1295 -8.50856 2
      vertex 16.0012 -8.53407 2
    endloop
  endfacet
  facet normal 0.195013 -0.980801 0
    outer loop
      vertex 16.1295 -8.50856 2
      vertex 16.0012 -8.53407 1.21
      vertex 16.1295 -8.50856 1.21
    endloop
  endfacet
  facet normal -0.830308 -0.557305 0
    outer loop
      vertex 100.646 -9 1.21
      vertex 100.573 -8.89124 2
      vertex 100.573 -8.89124 1.21
    endloop
  endfacet
  facet normal -0.830308 -0.557305 0
    outer loop
      vertex 100.573 -8.89124 2
      vertex 100.646 -9 1.21
      vertex 100.646 -9 2
    endloop
  endfacet
  facet normal 0.751486 0.659749 0
    outer loop
      vertex 15.5529 -65.8871 2
      vertex 15.4666 -65.7888 1.21
      vertex 15.4666 -65.7888 2
    endloop
  endfacet
  facet normal 0.751486 0.659749 0
    outer loop
      vertex 15.4666 -65.7888 1.21
      vertex 15.5529 -65.8871 2
      vertex 15.5529 -65.8871 1.21
    endloop
  endfacet
  facet normal -0.89642 -0.443205 0
    outer loop
      vertex 100.704 -9.11731 1.21
      vertex 100.646 -9 2
      vertex 100.646 -9 1.21
    endloop
  endfacet
  facet normal -0.89642 -0.443205 0
    outer loop
      vertex 100.646 -9 2
      vertex 100.704 -9.11731 1.21
      vertex 100.704 -9.11731 2
    endloop
  endfacet
  facet normal 0.555476 -0.831533 0
    outer loop
      vertex 15.6512 -8.70665 1.21
      vertex 15.76 -8.63397 2
      vertex 15.6512 -8.70665 2
    endloop
  endfacet
  facet normal 0.555476 -0.831533 0
    outer loop
      vertex 15.76 -8.63397 2
      vertex 15.6512 -8.70665 1.21
      vertex 15.76 -8.63397 1.21
    endloop
  endfacet
  facet normal 0 1 -0
    outer loop
      vertex 99.78 -66.18 1.21
      vertex 16.26 -66.18 2
      vertex 99.78 -66.18 2
    endloop
  endfacet
  facet normal 0 1 0
    outer loop
      vertex 16.26 -66.18 2
      vertex 99.78 -66.18 1.21
      vertex 16.26 -66.18 1.21
    endloop
  endfacet
  facet normal 0.321039 0.947066 -0
    outer loop
      vertex 16.0012 -66.1459 1.21
      vertex 15.8773 -66.1039 2
      vertex 16.0012 -66.1459 2
    endloop
  endfacet
  facet normal 0.321039 0.947066 0
    outer loop
      vertex 15.8773 -66.1039 2
      vertex 16.0012 -66.1459 1.21
      vertex 15.8773 -66.1039 1.21
    endloop
  endfacet
  facet normal 0.831815 0.555053 0
    outer loop
      vertex 15.4666 -65.7888 2
      vertex 15.394 -65.68 1.21
      vertex 15.394 -65.68 2
    endloop
  endfacet
  facet normal 0.831815 0.555053 0
    outer loop
      vertex 15.394 -65.68 1.21
      vertex 15.4666 -65.7888 2
      vertex 15.4666 -65.7888 1.21
    endloop
  endfacet
  facet normal -0.752624 0.65845 0
    outer loop
      vertex 100.487 -65.8871 1.21
      vertex 100.573 -65.7888 2
      vertex 100.573 -65.7888 1.21
    endloop
  endfacet
  facet normal -0.752624 0.65845 0
    outer loop
      vertex 100.573 -65.7888 2
      vertex 100.487 -65.8871 1.21
      vertex 100.487 -65.8871 2
    endloop
  endfacet
  facet normal -0.0657577 0.997836 0
    outer loop
      vertex 99.9105 -66.1714 1.21
      vertex 99.78 -66.18 2
      vertex 99.9105 -66.1714 2
    endloop
  endfacet
  facet normal -0.0657577 0.997836 0
    outer loop
      vertex 99.78 -66.18 2
      vertex 99.9105 -66.1714 1.21
      vertex 99.78 -66.18 1.21
    endloop
  endfacet
  facet normal 0.19494 0.980815 -0
    outer loop
      vertex 16.1295 -66.1714 1.21
      vertex 16.0012 -66.1459 2
      vertex 16.1295 -66.1714 2
    endloop
  endfacet
  facet normal 0.19494 0.980815 0
    outer loop
      vertex 16.0012 -66.1459 2
      vertex 16.1295 -66.1714 1.21
      vertex 16.0012 -66.1459 1.21
    endloop
  endfacet
  facet normal -0.443533 0.896258 0
    outer loop
      vertex 100.28 -66.046 1.21
      vertex 100.163 -66.1039 2
      vertex 100.28 -66.046 2
    endloop
  endfacet
  facet normal -0.443533 0.896258 0
    outer loop
      vertex 100.163 -66.1039 2
      vertex 100.28 -66.046 1.21
      vertex 100.163 -66.1039 1.21
    endloop
  endfacet
  facet normal 0.659489 -0.751714 0
    outer loop
      vertex 15.5529 -8.79289 1.21
      vertex 15.6512 -8.70665 2
      vertex 15.5529 -8.79289 2
    endloop
  endfacet
  facet normal 0.659489 -0.751714 0
    outer loop
      vertex 15.6512 -8.70665 2
      vertex 15.5529 -8.79289 1.21
      vertex 15.6512 -8.70665 1.21
    endloop
  endfacet
  facet normal -0.660628 -0.750714 0
    outer loop
      vertex 100.389 -8.70665 1.21
      vertex 100.487 -8.79289 2
      vertex 100.389 -8.70665 2
    endloop
  endfacet
  facet normal -0.660628 -0.750714 -0
    outer loop
      vertex 100.487 -8.79289 2
      vertex 100.389 -8.70665 1.21
      vertex 100.487 -8.79289 1.21
    endloop
  endfacet
  facet normal 0.442252 -0.896891 0
    outer loop
      vertex 15.76 -8.63397 1.21
      vertex 15.8773 -8.57613 2
      vertex 15.76 -8.63397 2
    endloop
  endfacet
  facet normal 0.442252 -0.896891 0
    outer loop
      vertex 15.8773 -8.57613 2
      vertex 15.76 -8.63397 1.21
      vertex 15.8773 -8.57613 1.21
    endloop
  endfacet
  facet normal -0.660455 0.750865 0
    outer loop
      vertex 100.487 -65.8871 1.21
      vertex 100.389 -65.9733 2
      vertex 100.487 -65.8871 2
    endloop
  endfacet
  facet normal -0.660455 0.750865 0
    outer loop
      vertex 100.389 -65.9733 2
      vertex 100.487 -65.8871 1.21
      vertex 100.389 -65.9733 1.21
    endloop
  endfacet
  facet normal 0.980815 0.19494 0
    outer loop
      vertex 15.2941 -65.4388 2
      vertex 15.2686 -65.3105 1.21
      vertex 15.2686 -65.3105 2
    endloop
  endfacet
  facet normal 0.980815 0.19494 0
    outer loop
      vertex 15.2686 -65.3105 1.21
      vertex 15.2941 -65.4388 2
      vertex 15.2941 -65.4388 1.21
    endloop
  endfacet
  facet normal -0.947042 -0.321109 0
    outer loop
      vertex 100.746 -9.24118 1.21
      vertex 100.704 -9.11731 2
      vertex 100.704 -9.11731 1.21
    endloop
  endfacet
  facet normal -0.947042 -0.321109 0
    outer loop
      vertex 100.704 -9.11731 2
      vertex 100.746 -9.24118 1.21
      vertex 100.746 -9.24118 2
    endloop
  endfacet
  facet normal -0.75279 -0.658261 0
    outer loop
      vertex 100.573 -8.89124 1.21
      vertex 100.487 -8.79289 2
      vertex 100.487 -8.79289 1.21
    endloop
  endfacet
  facet normal -0.75279 -0.658261 0
    outer loop
      vertex 100.487 -8.79289 2
      vertex 100.573 -8.89124 1.21
      vertex 100.573 -8.89124 2
    endloop
  endfacet
  facet normal 0.997836 0.0657577 0
    outer loop
      vertex 15.2686 -65.3105 2
      vertex 15.26 -65.18 1.21
      vertex 15.26 -65.18 2
    endloop
  endfacet
  facet normal 0.997836 0.0657577 0
    outer loop
      vertex 15.26 -65.18 1.21
      vertex 15.2686 -65.3105 2
      vertex 15.2686 -65.3105 1.21
    endloop
  endfacet
  facet normal -0.99763 0.0688021 0
    outer loop
      vertex 100.771 -65.3105 1.21
      vertex 100.78 -65.18 2
      vertex 100.78 -65.18 1.21
    endloop
  endfacet
  facet normal -0.99763 0.0688021 0
    outer loop
      vertex 100.78 -65.18 2
      vertex 100.771 -65.3105 1.21
      vertex 100.771 -65.3105 2
    endloop
  endfacet
  facet normal -0.830403 0.557164 0
    outer loop
      vertex 100.573 -65.7888 1.21
      vertex 100.646 -65.68 2
      vertex 100.646 -65.68 1.21
    endloop
  endfacet
  facet normal -0.830403 0.557164 0
    outer loop
      vertex 100.646 -65.68 2
      vertex 100.573 -65.7888 1.21
      vertex 100.573 -65.7888 2
    endloop
  endfacet
  facet normal 0.751653 -0.659559 0
    outer loop
      vertex 15.4666 -8.89124 2
      vertex 15.5529 -8.79289 1.21
      vertex 15.5529 -8.79289 2
    endloop
  endfacet
  facet normal 0.751653 -0.659559 0
    outer loop
      vertex 15.5529 -8.79289 1.21
      vertex 15.4666 -8.89124 2
      vertex 15.4666 -8.89124 1.21
    endloop
  endfacet
  facet normal -0.320807 0.947145 0
    outer loop
      vertex 100.163 -66.1039 1.21
      vertex 100.039 -66.1459 2
      vertex 100.163 -66.1039 2
    endloop
  endfacet
  facet normal -0.320807 0.947145 0
    outer loop
      vertex 100.039 -66.1459 2
      vertex 100.163 -66.1039 1.21
      vertex 100.039 -66.1459 1.21
    endloop
  endfacet
  facet normal 0.831721 -0.555194 0
    outer loop
      vertex 15.394 -9 2
      vertex 15.4666 -8.89124 1.21
      vertex 15.4666 -8.89124 2
    endloop
  endfacet
  facet normal 0.831721 -0.555194 0
    outer loop
      vertex 15.4666 -8.89124 1.21
      vertex 15.394 -9 2
      vertex 15.394 -9 1.21
    endloop
  endfacet
  facet normal -0.896405 0.443235 0
    outer loop
      vertex 100.646 -65.68 1.21
      vertex 100.704 -65.5627 2
      vertex 100.704 -65.5627 1.21
    endloop
  endfacet
  facet normal -0.896405 0.443235 0
    outer loop
      vertex 100.704 -65.5627 2
      vertex 100.646 -65.68 1.21
      vertex 100.646 -65.68 2
    endloop
  endfacet
  facet normal -0.98154 0.191259 0
    outer loop
      vertex 100.746 -65.4388 1.21
      vertex 100.771 -65.3105 2
      vertex 100.771 -65.3105 1.21
    endloop
  endfacet
  facet normal -0.98154 0.191259 0
    outer loop
      vertex 100.771 -65.3105 2
      vertex 100.746 -65.4388 1.21
      vertex 100.746 -65.4388 2
    endloop
  endfacet
  facet normal 0.980815 -0.19494 0
    outer loop
      vertex 15.2686 -9.36948 2
      vertex 15.2941 -9.24118 1.21
      vertex 15.2941 -9.24118 2
    endloop
  endfacet
  facet normal 0.980815 -0.19494 0
    outer loop
      vertex 15.2941 -9.24118 1.21
      vertex 15.2686 -9.36948 2
      vertex 15.2686 -9.36948 1.21
    endloop
  endfacet
  facet normal 0.947042 -0.321109 0
    outer loop
      vertex 15.2941 -9.24118 2
      vertex 15.3361 -9.11731 1.21
      vertex 15.3361 -9.11731 2
    endloop
  endfacet
  facet normal 0.947042 -0.321109 0
    outer loop
      vertex 15.3361 -9.11731 1.21
      vertex 15.2941 -9.24118 2
      vertex 15.2941 -9.24118 1.21
    endloop
  endfacet
  facet normal -0.997631 -0.0687916 0
    outer loop
      vertex 100.78 -9.5 1.21
      vertex 100.771 -9.36948 2
      vertex 100.771 -9.36948 1.21
    endloop
  endfacet
  facet normal -0.997631 -0.0687916 0
    outer loop
      vertex 100.771 -9.36948 2
      vertex 100.78 -9.5 1.21
      vertex 100.78 -9.5 2
    endloop
  endfacet
  facet normal -0.443164 -0.896441 0
    outer loop
      vertex 100.163 -8.57613 1.21
      vertex 100.28 -8.63397 2
      vertex 100.163 -8.57613 2
    endloop
  endfacet
  facet normal -0.443164 -0.896441 -0
    outer loop
      vertex 100.28 -8.63397 2
      vertex 100.163 -8.57613 1.21
      vertex 100.28 -8.63397 1.21
    endloop
  endfacet
  facet normal -0.554771 -0.832003 0
    outer loop
      vertex 100.28 -8.63397 1.21
      vertex 100.389 -8.70665 2
      vertex 100.28 -8.63397 2
    endloop
  endfacet
  facet normal -0.554771 -0.832003 -0
    outer loop
      vertex 100.389 -8.70665 2
      vertex 100.28 -8.63397 1.21
      vertex 100.389 -8.70665 1.21
    endloop
  endfacet
  facet normal -0.138273 -0.69585 -0.704751
    outer loop
      vertex 100.126 -7.32588 0
      vertex 100.351 -7.37059 0
      vertex 100.039 -8.53407 1.21
    endloop
  endfacet
  facet normal 0.394245 -0.589835 -0.704744
    outer loop
      vertex 15.1577 -7.59082 0
      vertex 15.76 -8.63397 1.21
      vertex 14.9672 -7.71815 0
    endloop
  endfacet
  facet normal -0.0463104 -0.707949 -0.704743
    outer loop
      vertex 100.009 -7.31046 0
      vertex 99.78 -8.5 1.21
      vertex 99.78 -7.29548 0
    endloop
  endfacet
  facet normal -0.138242 0.695851 -0.704756
    outer loop
      vertex 100.351 -67.3094 0
      vertex 100.126 -67.3541 0
      vertex 100.039 -66.1459 1.21
    endloop
  endfacet
  facet normal -0.707499 0.0487931 -0.705028
    outer loop
      vertex 101.97 -65.4087 0
      vertex 100.771 -65.3105 1.21
      vertex 100.78 -65.18 1.21
    endloop
  endfacet
  facet normal -0.707561 0.0479703 -0.705022
    outer loop
      vertex 100.771 -65.3105 1.21
      vertex 101.97 -65.4087 0
      vertex 101.966 -65.4677 0
    endloop
  endfacet
  facet normal -0.533523 -0.467568 -0.704793
    outer loop
      vertex 101.339 -7.94117 0
      vertex 101.49 -8.11347 0
      vertex 100.487 -8.79289 1.21
    endloop
  endfacet
  facet normal -0.707805 0.0464236 -0.70488
    outer loop
      vertex 101.985 -65.18 0
      vertex 101.97 -65.4087 0
      vertex 100.78 -65.18 1.21
    endloop
  endfacet
  facet normal 0.671911 -0.227822 -0.704722
    outer loop
      vertex 14.2043 -8.71241 0
      vertex 15.3361 -9.11731 1.21
      vertex 15.2941 -9.24118 1.21
    endloop
  endfacet
  facet normal 0.671928 -0.227772 -0.704722
    outer loop
      vertex 15.3361 -9.11731 1.21
      vertex 14.2043 -8.71241 0
      vertex 14.2233 -8.65636 0
    endloop
  endfacet
  facet normal 0.707923 0.0466524 -0.704747
    outer loop
      vertex 15.2686 -65.3105 1.21
      vertex 14.0705 -65.4087 0
      vertex 15.26 -65.18 1.21
    endloop
  endfacet
  facet normal 0.708 0.0456 -0.704738
    outer loop
      vertex 14.0705 -65.4087 0
      vertex 15.2686 -65.3105 1.21
      vertex 14.0743 -65.4677 0
    endloop
  endfacet
  facet normal -0.533433 -0.467608 -0.704835
    outer loop
      vertex 100.573 -8.89124 1.21
      vertex 101.49 -8.11347 0
      vertex 101.529 -8.15796 0
    endloop
  endfacet
  facet normal -0.534003 -0.466947 -0.704841
    outer loop
      vertex 101.49 -8.11347 0
      vertex 100.573 -8.89124 1.21
      vertex 100.487 -8.79289 1.21
    endloop
  endfacet
  facet normal 0 -0.70871 -0.7055
    outer loop
      vertex 16.26 -7.29548 0
      vertex 99.78 -8.5 1.21
      vertex 16.26 -8.5 1.21
    endloop
  endfacet
  facet normal 0 -0.70871 -0.7055
    outer loop
      vertex 99.78 -8.5 1.21
      vertex 16.26 -7.29548 0
      vertex 99.78 -7.29548 0
    endloop
  endfacet
  facet normal -0.708569 0 -0.705641
    outer loop
      vertex 101.985 -65.18 0
      vertex 100.78 -9.5 1.21
      vertex 101.985 -9.5 0
    endloop
  endfacet
  facet normal -0.708569 -0 -0.705641
    outer loop
      vertex 100.78 -9.5 1.21
      vertex 101.985 -65.18 0
      vertex 100.78 -65.18 1.21
    endloop
  endfacet
  facet normal -0.31441 0.63602 -0.704716
    outer loop
      vertex 100.163 -66.1039 1.21
      vertex 100.677 -67.1905 0
      vertex 100.624 -67.2167 0
    endloop
  endfacet
  facet normal -0.314683 0.635888 -0.704713
    outer loop
      vertex 100.677 -67.1905 0
      vertex 100.163 -66.1039 1.21
      vertex 100.28 -66.046 1.21
    endloop
  endfacet
  facet normal 0.533414 -0.467782 -0.704734
    outer loop
      vertex 14.7012 -7.94117 0
      vertex 15.5529 -8.79289 1.21
      vertex 14.5501 -8.11347 0
    endloop
  endfacet
  facet normal 0.313932 0.636251 -0.70472
    outer loop
      vertex 15.3633 -67.1905 0
      vertex 15.8773 -66.1039 1.21
      vertex 15.4164 -67.2167 0
    endloop
  endfacet
  facet normal 0.314033 0.636202 -0.70472
    outer loop
      vertex 15.8773 -66.1039 1.21
      vertex 15.3633 -67.1905 0
      vertex 15.76 -66.046 1.21
    endloop
  endfacet
  facet normal -0.671812 0.227936 -0.704779
    outer loop
      vertex 100.704 -65.5627 1.21
      vertex 101.836 -65.9676 0
      vertex 101.817 -66.0236 0
    endloop
  endfacet
  facet normal -0.671875 0.227754 -0.704777
    outer loop
      vertex 101.836 -65.9676 0
      vertex 100.704 -65.5627 1.21
      vertex 100.746 -65.4388 1.21
    endloop
  endfacet
  facet normal 0.467799 -0.533398 -0.704735
    outer loop
      vertex 14.8735 -7.79006 0
      vertex 15.5529 -8.79289 1.21
      vertex 14.7012 -7.94117 0
    endloop
  endfacet
  facet normal 0.0465554 -0.70793 -0.704746
    outer loop
      vertex 16.0313 -7.31046 0
      vertex 16.1295 -8.50856 1.21
      vertex 15.9723 -7.31434 0
    endloop
  endfacet
  facet normal 0.0464365 -0.707939 -0.704745
    outer loop
      vertex 16.1295 -8.50856 1.21
      vertex 16.0313 -7.31046 0
      vertex 16.26 -8.5 1.21
    endloop
  endfacet
  facet normal 0.31371 -0.636335 -0.704744
    outer loop
      vertex 15.3633 -7.48946 0
      vertex 15.76 -8.63397 1.21
      vertex 15.1577 -7.59082 0
    endloop
  endfacet
  facet normal -0.588962 -0.395313 -0.704877
    outer loop
      vertex 100.573 -8.89124 1.21
      vertex 101.562 -8.20718 0
      vertex 100.646 -9 1.21
    endloop
  endfacet
  facet normal -0.589167 -0.395012 -0.704874
    outer loop
      vertex 101.562 -8.20718 0
      vertex 100.573 -8.89124 1.21
      vertex 101.529 -8.15796 0
    endloop
  endfacet
  facet normal -0.0464361 -0.707933 -0.704751
    outer loop
      vertex 100.009 -7.31046 0
      vertex 99.9105 -8.50856 1.21
      vertex 99.78 -8.5 1.21
    endloop
  endfacet
  facet normal -0.046555 -0.707925 -0.704752
    outer loop
      vertex 99.9105 -8.50856 1.21
      vertex 100.009 -7.31046 0
      vertex 100.068 -7.31434 0
    endloop
  endfacet
  facet normal 0.707951 -0.0464372 -0.704733
    outer loop
      vertex 14.0705 -9.27132 0
      vertex 15.26 -9.5 1.21
      vertex 14.0555 -9.5 0
    endloop
  endfacet
  facet normal 0.394392 0.58973 -0.704751
    outer loop
      vertex 15.76 -66.046 1.21
      vertex 15.1577 -67.0892 0
      vertex 14.9672 -66.9618 0
    endloop
  endfacet
  facet normal -0.0463725 0.707953 -0.704735
    outer loop
      vertex 100.009 -67.3695 0
      vertex 99.78 -67.3845 0
      vertex 99.78 -66.18 1.21
    endloop
  endfacet
  facet normal 0.58973 0.394392 -0.704751
    outer loop
      vertex 15.394 -65.68 1.21
      vertex 14.4782 -66.4728 0
      vertex 14.3508 -66.2823 0
    endloop
  endfacet
  facet normal 0 0.708716 -0.705494
    outer loop
      vertex 99.78 -67.3845 0
      vertex 16.26 -66.18 1.21
      vertex 99.78 -66.18 1.21
    endloop
  endfacet
  facet normal 0 0.708716 -0.705494
    outer loop
      vertex 16.26 -66.18 1.21
      vertex 99.78 -67.3845 0
      vertex 16.26 -67.3845 0
    endloop
  endfacet
  facet normal 0.695844 -0.138301 -0.704751
    outer loop
      vertex 15.2686 -9.36948 1.21
      vertex 14.0859 -9.1542 0
      vertex 15.2941 -9.24118 1.21
    endloop
  endfacet
  facet normal 0.695711 -0.138998 -0.704745
    outer loop
      vertex 14.0859 -9.1542 0
      vertex 15.2686 -9.36948 1.21
      vertex 14.0743 -9.21226 0
    endloop
  endfacet
  facet normal -0.314301 0.636048 -0.704739
    outer loop
      vertex 100.882 -67.0892 0
      vertex 100.677 -67.1905 0
      vertex 100.28 -66.046 1.21
    endloop
  endfacet
  facet normal 0.138393 -0.695834 -0.704743
    outer loop
      vertex 15.9142 -7.32588 0
      vertex 16.0012 -8.53407 1.21
      vertex 15.6894 -7.37059 0
    endloop
  endfacet
  facet normal 0.671771 0.228155 -0.704747
    outer loop
      vertex 15.2941 -65.4388 1.21
      vertex 14.2043 -65.9676 0
      vertex 14.1306 -65.7506 0
    endloop
  endfacet
  facet normal -0.393689 0.590224 -0.70473
    outer loop
      vertex 101.073 -66.9618 0
      vertex 100.882 -67.0892 0
      vertex 100.28 -66.046 1.21
    endloop
  endfacet
  facet normal 0.636373 -0.31362 -0.70475
    outer loop
      vertex 14.3508 -8.39773 0
      vertex 15.394 -9 1.21
      vertex 14.2495 -8.60328 0
    endloop
  endfacet
  facet normal -0.0455997 0.707995 -0.704744
    outer loop
      vertex 100.009 -67.3695 0
      vertex 99.9105 -66.1714 1.21
      vertex 100.068 -67.3657 0
    endloop
  endfacet
  facet normal -0.046652 0.707917 -0.704753
    outer loop
      vertex 99.9105 -66.1714 1.21
      vertex 100.009 -67.3695 0
      vertex 99.78 -66.18 1.21
    endloop
  endfacet
  facet normal -0.138145 -0.695867 -0.704759
    outer loop
      vertex 99.9105 -8.50856 1.21
      vertex 100.126 -7.32588 0
      vertex 100.039 -8.53407 1.21
    endloop
  endfacet
  facet normal -0.138442 -0.69581 -0.704756
    outer loop
      vertex 100.126 -7.32588 0
      vertex 99.9105 -8.50856 1.21
      vertex 100.068 -7.31434 0
    endloop
  endfacet
  facet normal 0.138906 0.695728 -0.704747
    outer loop
      vertex 15.9142 -67.3541 0
      vertex 16.1295 -66.1714 1.21
      vertex 15.9723 -67.3657 0
    endloop
  endfacet
  facet normal 0.138301 0.695843 -0.704752
    outer loop
      vertex 16.1295 -66.1714 1.21
      vertex 15.9142 -67.3541 0
      vertex 16.0012 -66.1459 1.21
    endloop
  endfacet
  facet normal -0.590364 -0.393473 -0.704733
    outer loop
      vertex 101.562 -8.20718 0
      vertex 101.689 -8.39773 0
      vertex 100.646 -9 1.21
    endloop
  endfacet
  facet normal -0.707805 -0.0464277 -0.70488
    outer loop
      vertex 101.97 -9.27132 0
      vertex 101.985 -9.5 0
      vertex 100.78 -9.5 1.21
    endloop
  endfacet
  facet normal 0.708005 -0.045554 -0.704737
    outer loop
      vertex 15.2686 -9.36948 1.21
      vertex 14.0705 -9.27132 0
      vertex 14.0743 -9.21226 0
    endloop
  endfacet
  facet normal 0.707924 -0.0466453 -0.704746
    outer loop
      vertex 14.0705 -9.27132 0
      vertex 15.2686 -9.36948 1.21
      vertex 15.26 -9.5 1.21
    endloop
  endfacet
  facet normal 0.138354 -0.695839 -0.704746
    outer loop
      vertex 15.9142 -7.32588 0
      vertex 16.1295 -8.50856 1.21
      vertex 16.0012 -8.53407 1.21
    endloop
  endfacet
  facet normal 0.138215 -0.695865 -0.704747
    outer loop
      vertex 16.1295 -8.50856 1.21
      vertex 15.9142 -7.32588 0
      vertex 15.9723 -7.31434 0
    endloop
  endfacet
  facet normal -0.672509 -0.226215 -0.704669
    outer loop
      vertex 101.836 -8.71241 0
      vertex 101.909 -8.92943 0
      vertex 100.746 -9.24118 1.21
    endloop
  endfacet
  facet normal 0.0464332 0.707951 -0.704733
    outer loop
      vertex 16.26 -66.18 1.21
      vertex 16.26 -67.3845 0
      vertex 16.0313 -67.3695 0
    endloop
  endfacet
  facet normal 0.695835 0.138362 -0.704748
    outer loop
      vertex 15.2941 -65.4388 1.21
      vertex 14.1306 -65.7506 0
      vertex 14.0859 -65.5258 0
    endloop
  endfacet
  facet normal 0.467893 -0.533324 -0.704728
    outer loop
      vertex 14.8735 -7.79006 0
      vertex 15.6512 -8.70665 1.21
      vertex 15.5529 -8.79289 1.21
    endloop
  endfacet
  facet normal 0.467753 -0.533445 -0.704729
    outer loop
      vertex 15.6512 -8.70665 1.21
      vertex 14.8735 -7.79006 0
      vertex 14.918 -7.75104 0
    endloop
  endfacet
  facet normal -0.695767 -0.139296 -0.704631
    outer loop
      vertex 101.909 -8.92943 0
      vertex 101.954 -9.1542 0
      vertex 100.746 -9.24118 1.21
    endloop
  endfacet
  facet normal 0.313762 -0.636313 -0.70474
    outer loop
      vertex 15.3633 -7.48946 0
      vertex 15.8773 -8.57613 1.21
      vertex 15.76 -8.63397 1.21
    endloop
  endfacet
  facet normal 0.31373 -0.636328 -0.704741
    outer loop
      vertex 15.8773 -8.57613 1.21
      vertex 15.3633 -7.48946 0
      vertex 15.4164 -7.46328 0
    endloop
  endfacet
  facet normal 0.590097 -0.393904 -0.704716
    outer loop
      vertex 14.4782 -8.20718 0
      vertex 15.4666 -8.89124 1.21
      vertex 15.394 -9 1.21
    endloop
  endfacet
  facet normal 0.590409 -0.393446 -0.704711
    outer loop
      vertex 15.4666 -8.89124 1.21
      vertex 14.4782 -8.20718 0
      vertex 14.511 -8.15796 0
    endloop
  endfacet
  facet normal 0.636202 0.314033 -0.70472
    outer loop
      vertex 14.2495 -66.0767 0
      vertex 15.3361 -65.5627 1.21
      vertex 15.394 -65.68 1.21
    endloop
  endfacet
  facet normal 0.636251 0.313932 -0.70472
    outer loop
      vertex 15.3361 -65.5627 1.21
      vertex 14.2495 -66.0767 0
      vertex 14.2233 -66.0236 0
    endloop
  endfacet
  facet normal 0.39417 0.589899 -0.704733
    outer loop
      vertex 14.9672 -66.9618 0
      vertex 15.6512 -65.9733 1.21
      vertex 15.76 -66.046 1.21
    endloop
  endfacet
  facet normal 0.393548 0.590322 -0.704727
    outer loop
      vertex 15.6512 -65.9733 1.21
      vertex 14.9672 -66.9618 0
      vertex 14.918 -66.929 0
    endloop
  endfacet
  facet normal 0.58978 -0.394321 -0.704749
    outer loop
      vertex 14.4782 -8.20718 0
      vertex 15.394 -9 1.21
      vertex 14.3508 -8.39773 0
    endloop
  endfacet
  facet normal 0.046371 -0.707947 -0.704741
    outer loop
      vertex 16.26 -7.29548 0
      vertex 16.26 -8.5 1.21
      vertex 16.0313 -7.31046 0
    endloop
  endfacet
  facet normal -0.227951 0.671856 -0.704733
    outer loop
      vertex 100.568 -67.2357 0
      vertex 100.163 -66.1039 1.21
      vertex 100.624 -67.2167 0
    endloop
  endfacet
  facet normal -0.227605 0.671976 -0.70473
    outer loop
      vertex 100.163 -66.1039 1.21
      vertex 100.568 -67.2357 0
      vertex 100.039 -66.1459 1.21
    endloop
  endfacet
  facet normal 0.708716 0 -0.705494
    outer loop
      vertex 15.26 -65.18 1.21
      vertex 14.0555 -9.5 0
      vertex 15.26 -9.5 1.21
    endloop
  endfacet
  facet normal 0.708716 0 -0.705494
    outer loop
      vertex 14.0555 -9.5 0
      vertex 15.26 -65.18 1.21
      vertex 14.0555 -65.18 0
    endloop
  endfacet
  facet normal -0.590315 0.393543 -0.704735
    outer loop
      vertex 101.689 -66.2823 0
      vertex 101.562 -66.4728 0
      vertex 100.646 -65.68 1.21
    endloop
  endfacet
  facet normal 0.227772 0.671928 -0.704722
    outer loop
      vertex 15.4724 -67.2357 0
      vertex 15.8773 -66.1039 1.21
      vertex 16.0012 -66.1459 1.21
    endloop
  endfacet
  facet normal 0.227954 0.671865 -0.704723
    outer loop
      vertex 15.8773 -66.1039 1.21
      vertex 15.4724 -67.2357 0
      vertex 15.4164 -67.2167 0
    endloop
  endfacet
  facet normal -0.635532 0.315293 -0.704761
    outer loop
      vertex 101.791 -66.0767 0
      vertex 101.689 -66.2823 0
      vertex 100.646 -65.68 1.21
    endloop
  endfacet
  facet normal 0.228155 0.671771 -0.704747
    outer loop
      vertex 16.0012 -66.1459 1.21
      vertex 15.6894 -67.3094 0
      vertex 15.4724 -67.2357 0
    endloop
  endfacet
  facet normal -0.228148 0.671753 -0.704766
    outer loop
      vertex 100.568 -67.2357 0
      vertex 100.351 -67.3094 0
      vertex 100.039 -66.1459 1.21
    endloop
  endfacet
  facet normal -0.5891 0.395128 -0.704865
    outer loop
      vertex 100.573 -65.7888 1.21
      vertex 101.562 -66.4728 0
      vertex 101.529 -66.522 0
    endloop
  endfacet
  facet normal -0.589038 0.395219 -0.704866
    outer loop
      vertex 101.562 -66.4728 0
      vertex 100.573 -65.7888 1.21
      vertex 100.646 -65.68 1.21
    endloop
  endfacet
  facet normal 0.671865 0.227954 -0.704723
    outer loop
      vertex 14.2043 -65.9676 0
      vertex 15.3361 -65.5627 1.21
      vertex 14.2233 -66.0236 0
    endloop
  endfacet
  facet normal 0.671928 0.227772 -0.704722
    outer loop
      vertex 15.3361 -65.5627 1.21
      vertex 14.2043 -65.9676 0
      vertex 15.2941 -65.4388 1.21
    endloop
  endfacet
  facet normal -0.228066 -0.671784 -0.704764
    outer loop
      vertex 100.351 -7.37059 0
      vertex 100.568 -7.44426 0
      vertex 100.039 -8.53407 1.21
    endloop
  endfacet
  facet normal 0.138362 0.695835 -0.704748
    outer loop
      vertex 16.0012 -66.1459 1.21
      vertex 15.9142 -67.3541 0
      vertex 15.6894 -67.3094 0
    endloop
  endfacet
  facet normal 0.313558 0.636401 -0.704752
    outer loop
      vertex 15.76 -66.046 1.21
      vertex 15.3633 -67.1905 0
      vertex 15.1577 -67.0892 0
    endloop
  endfacet
  facet normal 0.636209 -0.31401 -0.704724
    outer loop
      vertex 15.3361 -9.11731 1.21
      vertex 14.2495 -8.60328 0
      vertex 15.394 -9 1.21
    endloop
  endfacet
  facet normal 0.636202 -0.314026 -0.704724
    outer loop
      vertex 14.2495 -8.60328 0
      vertex 15.3361 -9.11731 1.21
      vertex 14.2233 -8.65636 0
    endloop
  endfacet
  facet normal 0.0466524 0.707923 -0.704747
    outer loop
      vertex 16.0313 -67.3695 0
      vertex 16.1295 -66.1714 1.21
      vertex 16.26 -66.18 1.21
    endloop
  endfacet
  facet normal 0.0456 0.708 -0.704738
    outer loop
      vertex 16.1295 -66.1714 1.21
      vertex 16.0313 -67.3695 0
      vertex 15.9723 -67.3657 0
    endloop
  endfacet
  facet normal 0.394095 -0.58995 -0.704733
    outer loop
      vertex 15.6512 -8.70665 1.21
      vertex 14.9672 -7.71815 0
      vertex 15.76 -8.63397 1.21
    endloop
  endfacet
  facet normal 0.39429 -0.589817 -0.704735
    outer loop
      vertex 14.9672 -7.71815 0
      vertex 15.6512 -8.70665 1.21
      vertex 14.918 -7.75104 0
    endloop
  endfacet
  facet normal -0.139134 0.695672 -0.704756
    outer loop
      vertex 99.9105 -66.1714 1.21
      vertex 100.126 -67.3541 0
      vertex 100.068 -67.3657 0
    endloop
  endfacet
  facet normal -0.138091 0.695871 -0.704765
    outer loop
      vertex 100.126 -67.3541 0
      vertex 99.9105 -66.1714 1.21
      vertex 100.039 -66.1459 1.21
    endloop
  endfacet
  facet normal 0.228057 -0.671808 -0.704744
    outer loop
      vertex 15.8773 -8.57613 1.21
      vertex 15.4724 -7.44426 0
      vertex 16.0012 -8.53407 1.21
    endloop
  endfacet
  facet normal 0.228162 -0.671772 -0.704745
    outer loop
      vertex 15.4724 -7.44426 0
      vertex 15.8773 -8.57613 1.21
      vertex 15.4164 -7.46328 0
    endloop
  endfacet
  facet normal 0.228072 -0.671802 -0.704745
    outer loop
      vertex 15.6894 -7.37059 0
      vertex 16.0012 -8.53407 1.21
      vertex 15.4724 -7.44426 0
    endloop
  endfacet
  facet normal 0.695843 0.138301 -0.704752
    outer loop
      vertex 14.0859 -65.5258 0
      vertex 15.2686 -65.3105 1.21
      vertex 15.2941 -65.4388 1.21
    endloop
  endfacet
  facet normal 0.695728 0.138906 -0.704747
    outer loop
      vertex 15.2686 -65.3105 1.21
      vertex 14.0859 -65.5258 0
      vertex 14.0743 -65.4677 0
    endloop
  endfacet
  facet normal -0.635503 -0.315356 -0.70476
    outer loop
      vertex 101.689 -8.39773 0
      vertex 101.791 -8.60328 0
      vertex 100.646 -9 1.21
    endloop
  endfacet
  facet normal -0.707566 -0.0479218 -0.705021
    outer loop
      vertex 101.97 -9.27132 0
      vertex 100.771 -9.36948 1.21
      vertex 101.966 -9.21226 0
    endloop
  endfacet
  facet normal -0.707501 -0.0487857 -0.705027
    outer loop
      vertex 100.771 -9.36948 1.21
      vertex 101.97 -9.27132 0
      vertex 100.78 -9.5 1.21
    endloop
  endfacet
  facet normal 0.695834 -0.13838 -0.704746
    outer loop
      vertex 14.1306 -8.92943 0
      vertex 15.2941 -9.24118 1.21
      vertex 14.0859 -9.1542 0
    endloop
  endfacet
  facet normal 0.671781 -0.228137 -0.704743
    outer loop
      vertex 14.2043 -8.71241 0
      vertex 15.2941 -9.24118 1.21
      vertex 14.1306 -8.92943 0
    endloop
  endfacet
  facet normal -0.671858 -0.227804 -0.704778
    outer loop
      vertex 100.704 -9.11731 1.21
      vertex 101.836 -8.71241 0
      vertex 100.746 -9.24118 1.21
    endloop
  endfacet
  facet normal -0.671875 -0.227754 -0.704777
    outer loop
      vertex 101.836 -8.71241 0
      vertex 100.704 -9.11731 1.21
      vertex 101.817 -8.65636 0
    endloop
  endfacet
  facet normal -0.694739 -0.143591 -0.704784
    outer loop
      vertex 100.771 -9.36948 1.21
      vertex 101.954 -9.1542 0
      vertex 101.966 -9.21226 0
    endloop
  endfacet
  facet normal -0.696255 -0.135669 -0.704857
    outer loop
      vertex 101.954 -9.1542 0
      vertex 100.771 -9.36948 1.21
      vertex 100.746 -9.24118 1.21
    endloop
  endfacet
  facet normal -0.533495 0.467557 -0.704822
    outer loop
      vertex 101.49 -66.5665 0
      vertex 100.573 -65.7888 1.21
      vertex 101.529 -66.522 0
    endloop
  endfacet
  facet normal -0.533896 0.467091 -0.704826
    outer loop
      vertex 100.573 -65.7888 1.21
      vertex 101.49 -66.5665 0
      vertex 100.487 -65.8871 1.21
    endloop
  endfacet
  facet normal 0.636401 0.313558 -0.704752
    outer loop
      vertex 15.394 -65.68 1.21
      vertex 14.3508 -66.2823 0
      vertex 14.2495 -66.0767 0
    endloop
  endfacet
  facet normal -0.637092 0.311947 -0.704843
    outer loop
      vertex 101.791 -66.0767 0
      vertex 100.704 -65.5627 1.21
      vertex 101.817 -66.0236 0
    endloop
  endfacet
  facet normal -0.635896 0.314425 -0.704821
    outer loop
      vertex 100.704 -65.5627 1.21
      vertex 101.791 -66.0767 0
      vertex 100.646 -65.68 1.21
    endloop
  endfacet
  facet normal 0.533286 -0.467947 -0.704721
    outer loop
      vertex 15.4666 -8.89124 1.21
      vertex 14.5501 -8.11347 0
      vertex 15.5529 -8.79289 1.21
    endloop
  endfacet
  facet normal 0.532927 -0.468363 -0.704716
    outer loop
      vertex 14.5501 -8.11347 0
      vertex 15.4666 -8.89124 1.21
      vertex 14.511 -8.15796 0
    endloop
  endfacet
  facet normal -0.395395 -0.589065 -0.704745
    outer loop
      vertex 100.389 -8.70665 1.21
      vertex 101.073 -7.71815 0
      vertex 101.122 -7.75104 0
    endloop
  endfacet
  facet normal -0.393598 -0.590288 -0.704728
    outer loop
      vertex 101.073 -7.71815 0
      vertex 100.389 -8.70665 1.21
      vertex 100.28 -8.63397 1.21
    endloop
  endfacet
  facet normal -0.468208 -0.532935 -0.704813
    outer loop
      vertex 101.167 -7.79006 0
      vertex 101.339 -7.94117 0
      vertex 100.487 -8.79289 1.21
    endloop
  endfacet
  facet normal -0.533526 0.467571 -0.704789
    outer loop
      vertex 101.49 -66.5665 0
      vertex 101.339 -66.7388 0
      vertex 100.487 -65.8871 1.21
    endloop
  endfacet
  facet normal 0.707951 0.0464332 -0.704733
    outer loop
      vertex 15.26 -65.18 1.21
      vertex 14.0705 -65.4087 0
      vertex 14.0555 -65.18 0
    endloop
  endfacet
  facet normal -0.465283 0.535492 -0.704812
    outer loop
      vertex 100.389 -65.9733 1.21
      vertex 101.167 -66.8899 0
      vertex 101.122 -66.929 0
    endloop
  endfacet
  facet normal -0.468544 0.532683 -0.70478
    outer loop
      vertex 101.167 -66.8899 0
      vertex 100.389 -65.9733 1.21
      vertex 100.487 -65.8871 1.21
    endloop
  endfacet
  facet normal 0.53318 0.468091 -0.704706
    outer loop
      vertex 14.5501 -66.5665 0
      vertex 15.4666 -65.7888 1.21
      vertex 15.5529 -65.8871 1.21
    endloop
  endfacet
  facet normal 0.532989 0.468312 -0.704703
    outer loop
      vertex 15.4666 -65.7888 1.21
      vertex 14.5501 -66.5665 0
      vertex 14.511 -66.522 0
    endloop
  endfacet
  facet normal -0.394652 0.589571 -0.704738
    outer loop
      vertex 101.073 -66.9618 0
      vertex 100.389 -65.9733 1.21
      vertex 101.122 -66.929 0
    endloop
  endfacet
  facet normal -0.393672 0.590237 -0.704728
    outer loop
      vertex 100.389 -65.9733 1.21
      vertex 101.073 -66.9618 0
      vertex 100.28 -66.046 1.21
    endloop
  endfacet
  facet normal 0.590342 0.393561 -0.704703
    outer loop
      vertex 14.4782 -66.4728 0
      vertex 15.4666 -65.7888 1.21
      vertex 14.511 -66.522 0
    endloop
  endfacet
  facet normal 0.590173 0.39381 -0.704705
    outer loop
      vertex 15.4666 -65.7888 1.21
      vertex 14.4782 -66.4728 0
      vertex 15.394 -65.68 1.21
    endloop
  endfacet
  facet normal -0.694756 0.143495 -0.704786
    outer loop
      vertex 101.954 -65.5258 0
      vertex 100.771 -65.3105 1.21
      vertex 101.966 -65.4677 0
    endloop
  endfacet
  facet normal -0.696254 0.135669 -0.704858
    outer loop
      vertex 100.771 -65.3105 1.21
      vertex 101.954 -65.5258 0
      vertex 100.746 -65.4388 1.21
    endloop
  endfacet
  facet normal -0.393543 -0.59033 -0.704723
    outer loop
      vertex 100.882 -7.59082 0
      vertex 101.073 -7.71815 0
      vertex 100.28 -8.63397 1.21
    endloop
  endfacet
  facet normal -0.637043 -0.31204 -0.704846
    outer loop
      vertex 100.704 -9.11731 1.21
      vertex 101.791 -8.60328 0
      vertex 101.817 -8.65636 0
    endloop
  endfacet
  facet normal -0.635903 -0.314401 -0.704825
    outer loop
      vertex 101.791 -8.60328 0
      vertex 100.704 -9.11731 1.21
      vertex 100.646 -9 1.21
    endloop
  endfacet
  facet normal 0.468297 0.532973 -0.704725
    outer loop
      vertex 14.8735 -66.8899 0
      vertex 15.6512 -65.9733 1.21
      vertex 14.918 -66.929 0
    endloop
  endfacet
  facet normal 0.467768 0.533429 -0.704731
    outer loop
      vertex 15.6512 -65.9733 1.21
      vertex 14.8735 -66.8899 0
      vertex 15.5529 -65.8871 1.21
    endloop
  endfacet
  facet normal -0.468194 0.532954 -0.704808
    outer loop
      vertex 101.339 -66.7388 0
      vertex 101.167 -66.8899 0
      vertex 100.487 -65.8871 1.21
    endloop
  endfacet
  facet normal -0.468669 -0.532578 -0.704777
    outer loop
      vertex 100.389 -8.70665 1.21
      vertex 101.167 -7.79006 0
      vertex 100.487 -8.79289 1.21
    endloop
  endfacet
  facet normal -0.464739 -0.535962 -0.704814
    outer loop
      vertex 101.167 -7.79006 0
      vertex 100.389 -8.70665 1.21
      vertex 101.122 -7.75104 0
    endloop
  endfacet
  facet normal -0.314454 -0.635981 -0.704732
    outer loop
      vertex 100.677 -7.48946 0
      vertex 100.882 -7.59082 0
      vertex 100.28 -8.63397 1.21
    endloop
  endfacet
  facet normal 0.467785 0.533417 -0.70473
    outer loop
      vertex 15.5529 -65.8871 1.21
      vertex 14.8735 -66.8899 0
      vertex 14.7012 -66.7388 0
    endloop
  endfacet
  facet normal 0.533417 0.467785 -0.70473
    outer loop
      vertex 15.5529 -65.8871 1.21
      vertex 14.7012 -66.7388 0
      vertex 14.5501 -66.5665 0
    endloop
  endfacet
  facet normal -0.314412 -0.635999 -0.704734
    outer loop
      vertex 100.163 -8.57613 1.21
      vertex 100.677 -7.48946 0
      vertex 100.28 -8.63397 1.21
    endloop
  endfacet
  facet normal -0.314208 -0.636097 -0.704736
    outer loop
      vertex 100.677 -7.48946 0
      vertex 100.163 -8.57613 1.21
      vertex 100.624 -7.46328 0
    endloop
  endfacet
  facet normal -0.228159 -0.671763 -0.704754
    outer loop
      vertex 100.163 -8.57613 1.21
      vertex 100.568 -7.44426 0
      vertex 100.624 -7.46328 0
    endloop
  endfacet
  facet normal -0.227889 -0.671857 -0.704752
    outer loop
      vertex 100.568 -7.44426 0
      vertex 100.163 -8.57613 1.21
      vertex 100.039 -8.53407 1.21
    endloop
  endfacet
  facet normal -0.695769 0.139278 -0.704633
    outer loop
      vertex 101.954 -65.5258 0
      vertex 101.909 -65.7506 0
      vertex 100.746 -65.4388 1.21
    endloop
  endfacet
  facet normal -0.672498 0.226232 -0.704674
    outer loop
      vertex 101.909 -65.7506 0
      vertex 101.836 -65.9676 0
      vertex 100.746 -65.4388 1.21
    endloop
  endfacet
  facet normal 0.466999 -0.531973 -0.70634
    outer loop
      vertex 120.235 -73.8534 0.799999
      vertex 119.748 -73.2187 0
      vertex 120.628 -73.5084 0.799999
    endloop
  endfacet
  facet normal -0.83145 -0.5556 0
    outer loop
      vertex 0.826584 -73.115 42.39
      vertex 0.535904 -72.68 42.4
      vertex 0.535904 -72.68 42.39
    endloop
  endfacet
  facet normal -0.83145 -0.5556 0
    outer loop
      vertex 0.535904 -72.68 42.4
      vertex 0.826584 -73.115 42.39
      vertex 0.826584 -73.115 42.4
    endloop
  endfacet
  facet normal 0.466626 -0.532562 -0.706143
    outer loop
      vertex 120.628 -73.5084 0.799999
      vertex 119.748 -73.2187 0
      vertex 120.063 -72.9427 0
    endloop
  endfacet
  facet normal 0.542324 0.811528 0.217501
    outer loop
      vertex 120.235 10.9632 0.809999
      vertex 119.8 11.2539 0.809999
      vertex 120.235 -0.183505 42.4
    endloop
  endfacet
  facet normal 0 0.96591 0.258878
    outer loop
      vertex 117.8 11.7898 0.809999
      vertex 4 0.643078 42.4
      vertex 117.8 0.643078 42.4
    endloop
  endfacet
  facet normal 0 0.96591 0.258878
    outer loop
      vertex 4 0.643078 42.4
      vertex 117.8 11.7898 0.809999
      vertex 4 11.7898 0.809999
    endloop
  endfacet
  facet normal -0.997858 0.0654119 0
    outer loop
      vertex 0 7.78976 0.799999
      vertex 0.0342255 8.31187 0.809999
      vertex 0.0342255 8.31187 0.799999
    endloop
  endfacet
  facet normal -0.997858 0.0654119 0
    outer loop
      vertex 0.0342255 8.31187 0.809999
      vertex 0 7.78976 0.799999
      vertex 0 7.78976 0.809999
    endloop
  endfacet
  facet normal -0.0463367 -0.706347 -0.706348
    outer loop
      vertex 4 -74.68 0.799999
      vertex 3.58232 -73.8526 0
      vertex 4 -73.88 0
    endloop
  endfacet
  facet normal -0.157079 0.790278 -0.592272
    outer loop
      vertex 3.58232 11.1767 0
      vertex 2.96472 11.6535 0.799999
      vertex 3.47789 11.7555 0.799999
    endloop
  endfacet
  facet normal 0.227127 -0.670404 -0.70638
    outer loop
      vertex 118.835 -74.5437 0.799999
      vertex 118.628 -73.7709 0
      vertex 119.025 -73.6364 0
    endloop
  endfacet
  facet normal 0.694348 -0.138004 -0.706283
    outer loop
      vertex 121.664 -71.7153 0.799999
      vertex 120.973 -71.0977 0
      vertex 121.766 -71.2021 0.799999
    endloop
  endfacet
  facet normal -0.532191 -0.466728 -0.706355
    outer loop
      vertex 1.73726 -72.9427 0
      vertex 1.17157 -73.5084 0.799999
      vertex 1.46127 -72.628 0
    endloop
  endfacet
  facet normal -0.946912 -0.321493 0
    outer loop
      vertex 0.304489 -72.2107 42.39
      vertex 0.136292 -71.7153 42.4
      vertex 0.136292 -71.7153 42.39
    endloop
  endfacet
  facet normal -0.946912 -0.321493 0
    outer loop
      vertex 0.136292 -71.7153 42.4
      vertex 0.304489 -72.2107 42.39
      vertex 0.304489 -72.2107 42.4
    endloop
  endfacet
  facet normal 0.442465 0.896786 -0
    outer loop
      vertex 119.8 11.2539 0.799999
      vertex 119.331 11.4853 0.809999
      vertex 119.8 11.2539 0.809999
    endloop
  endfacet
  facet normal 0.442465 0.896786 0
    outer loop
      vertex 119.331 11.4853 0.809999
      vertex 119.8 11.2539 0.799999
      vertex 119.331 11.4853 0.799999
    endloop
  endfacet
  facet normal 0.997886 -0.064984 0
    outer loop
      vertex 121.766 -71.2021 42.4
      vertex 121.8 -70.68 42.39
      vertex 121.8 -70.68 42.4
    endloop
  endfacet
  facet normal 0.997886 -0.064984 0
    outer loop
      vertex 121.8 -70.68 42.39
      vertex 121.766 -71.2021 42.4
      vertex 121.766 -71.2021 42.39
    endloop
  endfacet
  facet normal -0.227451 -0.670296 -0.706377
    outer loop
      vertex 2.96472 -74.5437 0.799999
      vertex 2.77541 -73.6364 0
      vertex 3.17178 -73.7709 0
    endloop
  endfacet
  facet normal -0.44226 -0.896887 0
    outer loop
      vertex 2 -74.1441 42.39
      vertex 2.46927 -74.3755 42.4
      vertex 2 -74.1441 42.4
    endloop
  endfacet
  facet normal -0.44226 -0.896887 -0
    outer loop
      vertex 2.46927 -74.3755 42.4
      vertex 2 -74.1441 42.39
      vertex 2.46927 -74.3755 42.39
    endloop
  endfacet
  facet normal -0.321469 -0.94692 0
    outer loop
      vertex 2.46927 -74.3755 0.799999
      vertex 2.96472 -74.5437 42.39
      vertex 2.46927 -74.3755 42.39
    endloop
  endfacet
  facet normal -0.321469 -0.94692 -0
    outer loop
      vertex 2.96472 -74.5437 42.39
      vertex 2.46927 -74.3755 0.799999
      vertex 2.96472 -74.5437 0.799999
    endloop
  endfacet
  facet normal -0.393288 -0.588566 -0.706338
    outer loop
      vertex 2 -74.1441 0.799999
      vertex 1.56496 -73.8534 0.799999
      vertex 2.39999 -73.4513 0
    endloop
  endfacet
  facet normal 0.712708 0.141661 -0.687007
    outer loop
      vertex 121.766 8.31187 0.799999
      vertex 120.973 8.4218 0
      vertex 121.664 8.82504 0.799999
    endloop
  endfacet
  facet normal -0.0653634 -0.997862 0
    outer loop
      vertex 3.47789 -74.6458 42.39
      vertex 4 -74.68 42.4
      vertex 3.47789 -74.6458 42.4
    endloop
  endfacet
  facet normal -0.0653634 -0.997862 -0
    outer loop
      vertex 4 -74.68 42.4
      vertex 3.47789 -74.6458 42.39
      vertex 4 -74.68 42.39
    endloop
  endfacet
  facet normal 0.673524 0.331909 -0.660456
    outer loop
      vertex 120.756 9.22872 0
      vertex 120.571 9.60413 0
      vertex 121.264 9.78976 0.799999
    endloop
  endfacet
  facet normal 0.257649 0.759772 -0.596962
    outer loop
      vertex 119.025 10.9605 0
      vertex 118.835 11.6535 0.799999
      vertex 119.331 11.4853 0.799999
    endloop
  endfacet
  facet normal 0.555626 -0.831432 0
    outer loop
      vertex 119.8 -74.1441 0.799999
      vertex 120.235 -73.8534 42.39
      vertex 119.8 -74.1441 42.39
    endloop
  endfacet
  facet normal 0.555626 -0.831432 0
    outer loop
      vertex 120.235 -73.8534 42.39
      vertex 119.8 -74.1441 0.799999
      vertex 120.235 -73.8534 0.799999
    endloop
  endfacet
  facet normal 0.63489 -0.312879 -0.706414
    outer loop
      vertex 121.264 -72.68 0.799999
      vertex 120.571 -72.28 0
      vertex 120.756 -71.9046 0
    endloop
  endfacet
  facet normal -0.321469 -0.94692 0
    outer loop
      vertex 2.46927 -74.3755 42.39
      vertex 2.96472 -74.5437 42.4
      vertex 2.46927 -74.3755 42.4
    endloop
  endfacet
  facet normal -0.321469 -0.94692 -0
    outer loop
      vertex 2.96472 -74.5437 42.4
      vertex 2.46927 -74.3755 42.39
      vertex 2.96472 -74.5437 42.39
    endloop
  endfacet
  facet normal -0.313061 -0.634875 -0.706347
    outer loop
      vertex 2.46927 -74.3755 0.799999
      vertex 2 -74.1441 0.799999
      vertex 2.77541 -73.6364 0
    endloop
  endfacet
  facet normal 0 -1 0
    outer loop
      vertex 4 -74.68 42.39
      vertex 117.8 -74.68 42.4
      vertex 4 -74.68 42.4
    endloop
  endfacet
  facet normal 0 -1 -0
    outer loop
      vertex 117.8 -74.68 42.4
      vertex 4 -74.68 42.39
      vertex 117.8 -74.68 42.39
    endloop
  endfacet
  facet normal 0.352692 0.714835 -0.603837
    outer loop
      vertex 119.8 11.2539 0.799999
      vertex 119.025 10.9605 0
      vertex 119.331 11.4853 0.799999
    endloop
  endfacet
  facet normal 0.751842 -0.659343 0
    outer loop
      vertex 120.628 -73.5084 42.4
      vertex 120.973 -73.115 42.39
      vertex 120.973 -73.115 42.4
    endloop
  endfacet
  facet normal 0.751842 -0.659343 0
    outer loop
      vertex 120.973 -73.115 42.39
      vertex 120.628 -73.5084 42.4
      vertex 120.628 -73.5084 42.39
    endloop
  endfacet
  facet normal 0.0528167 0.805743 -0.589905
    outer loop
      vertex 117.8 11.2041 0
      vertex 117.8 11.7898 0.799999
      vertex 118.218 11.1767 0
    endloop
  endfacet
  facet normal 0.39335 -0.588503 -0.706357
    outer loop
      vertex 120.235 -73.8534 0.799999
      vertex 119.4 -73.4513 0
      vertex 119.748 -73.2187 0
    endloop
  endfacet
  facet normal 0.138329 -0.694187 -0.706378
    outer loop
      vertex 118.835 -74.5437 0.799999
      vertex 118.218 -73.8526 0
      vertex 118.628 -73.7709 0
    endloop
  endfacet
  facet normal 0.669968 -0.228552 -0.706333
    outer loop
      vertex 121.495 -72.2107 0.799999
      vertex 120.756 -71.9046 0
      vertex 121.664 -71.7153 0.799999
    endloop
  endfacet
  facet normal 0.195197 -0.980764 0
    outer loop
      vertex 118.322 -74.6458 0.799999
      vertex 118.835 -74.5437 42.39
      vertex 118.322 -74.6458 42.39
    endloop
  endfacet
  facet normal 0.195197 -0.980764 0
    outer loop
      vertex 118.835 -74.5437 42.39
      vertex 118.322 -74.6458 0.799999
      vertex 118.835 -74.5437 0.799999
    endloop
  endfacet
  facet normal 0.946444 -0.322868 0
    outer loop
      vertex 121.495 -72.2107 42.4
      vertex 121.664 -71.7153 42.39
      vertex 121.664 -71.7153 42.4
    endloop
  endfacet
  facet normal 0.946444 -0.322868 0
    outer loop
      vertex 121.664 -71.7153 42.39
      vertex 121.495 -72.2107 42.4
      vertex 121.495 -72.2107 42.39
    endloop
  endfacet
  facet normal -0.195135 -0.980776 0
    outer loop
      vertex 2.96472 -74.5437 0.799999
      vertex 3.47789 -74.6458 42.39
      vertex 2.96472 -74.5437 42.39
    endloop
  endfacet
  facet normal -0.195135 -0.980776 -0
    outer loop
      vertex 3.47789 -74.6458 42.39
      vertex 2.96472 -74.5437 0.799999
      vertex 3.47789 -74.6458 0.799999
    endloop
  endfacet
  facet normal 0.822114 0.549915 0.147385
    outer loop
      vertex 120.973 -0.921878 42.4
      vertex 121.264 9.78976 0.809999
      vertex 120.973 10.2248 0.809999
    endloop
  endfacet
  facet normal 0.822115 0.549913 0.147384
    outer loop
      vertex 121.264 9.78976 0.809999
      vertex 120.973 -0.921878 42.4
      vertex 121.264 -1.35692 42.4
    endloop
  endfacet
  facet normal 0.555626 0.831432 -0
    outer loop
      vertex 120.235 10.9632 0.799999
      vertex 119.8 11.2539 0.809999
      vertex 120.235 10.9632 0.809999
    endloop
  endfacet
  facet normal 0.555626 0.831432 0
    outer loop
      vertex 119.8 11.2539 0.809999
      vertex 120.235 10.9632 0.799999
      vertex 119.8 11.2539 0.799999
    endloop
  endfacet
  facet normal -0.751855 -0.659328 0
    outer loop
      vertex 1.17157 -73.5084 42.39
      vertex 0.826584 -73.115 42.4
      vertex 0.826584 -73.115 42.39
    endloop
  endfacet
  facet normal -0.751855 -0.659328 0
    outer loop
      vertex 0.826584 -73.115 42.4
      vertex 1.17157 -73.5084 42.39
      vertex 1.17157 -73.5084 42.4
    endloop
  endfacet
  facet normal 0.32115 0.947028 -0
    outer loop
      vertex 119.331 11.4853 0.799999
      vertex 118.835 11.6535 0.809999
      vertex 119.331 11.4853 0.809999
    endloop
  endfacet
  facet normal 0.32115 0.947028 0
    outer loop
      vertex 118.835 11.6535 0.809999
      vertex 119.331 11.4853 0.799999
      vertex 118.835 11.6535 0.799999
    endloop
  endfacet
  facet normal -0.997858 -0.0654131 0
    outer loop
      vertex 0.0342255 -71.2021 0.799999
      vertex 0 -70.68 42.39
      vertex 0 -70.68 0.799999
    endloop
  endfacet
  facet normal -0.997858 -0.0654131 0
    outer loop
      vertex 0 -70.68 42.39
      vertex 0.0342255 -71.2021 0.799999
      vertex 0.0342255 -71.2021 42.39
    endloop
  endfacet
  facet normal 0.138177 -0.694267 -0.706329
    outer loop
      vertex 118.322 -74.6458 0.799999
      vertex 118.218 -73.8526 0
      vertex 118.835 -74.5437 0.799999
    endloop
  endfacet
  facet normal 0.442465 -0.896786 0
    outer loop
      vertex 119.331 -74.3755 0.799999
      vertex 119.8 -74.1441 42.39
      vertex 119.331 -74.3755 42.39
    endloop
  endfacet
  facet normal 0.442465 -0.896786 0
    outer loop
      vertex 119.8 -74.1441 42.39
      vertex 119.331 -74.3755 0.799999
      vertex 119.8 -74.1441 0.799999
    endloop
  endfacet
  facet normal -0.515786 0.588108 -0.622972
    outer loop
      vertex 1.73726 10.2669 0
      vertex 1.17157 10.6182 0.799999
      vertex 2.05196 10.5429 0
    endloop
  endfacet
  facet normal -0.896872 0.442291 0
    outer loop
      vertex 0.304489 9.3205 0.799999
      vertex 0.535904 9.78976 0.809999
      vertex 0.535904 9.78976 0.799999
    endloop
  endfacet
  facet normal -0.896872 0.442291 0
    outer loop
      vertex 0.535904 9.78976 0.809999
      vertex 0.304489 9.3205 0.799999
      vertex 0.304489 9.3205 0.809999
    endloop
  endfacet
  facet normal -0.670298 -0.227499 -0.70636
    outer loop
      vertex 1.04358 -71.9046 0
      vertex 0.136292 -71.7153 0.799999
      vertex 0.909042 -71.5082 0
    endloop
  endfacet
  facet normal 0.673715 0.331646 -0.660393
    outer loop
      vertex 121.495 9.3205 0.799999
      vertex 120.756 9.22872 0
      vertex 121.264 9.78976 0.799999
    endloop
  endfacet
  facet normal 0 -1 0
    outer loop
      vertex 4 -74.68 0.799999
      vertex 117.8 -74.68 42.39
      vertex 4 -74.68 42.39
    endloop
  endfacet
  facet normal 0 -1 -0
    outer loop
      vertex 117.8 -74.68 42.39
      vertex 4 -74.68 0.799999
      vertex 117.8 -74.68 0.799999
    endloop
  endfacet
  facet normal -0.0653634 -0.997862 0
    outer loop
      vertex 3.47789 -74.6458 0.799999
      vertex 4 -74.68 42.39
      vertex 3.47789 -74.6458 42.39
    endloop
  endfacet
  facet normal -0.0653634 -0.997862 -0
    outer loop
      vertex 4 -74.68 42.39
      vertex 3.47789 -74.6458 0.799999
      vertex 4 -74.68 0.799999
    endloop
  endfacet
  facet normal -0.138125 -0.694238 -0.706368
    outer loop
      vertex 3.47789 -74.6458 0.799999
      vertex 2.96472 -74.5437 0.799999
      vertex 3.58232 -73.8526 0
    endloop
  endfacet
  facet normal 0.532375 -0.466876 -0.706119
    outer loop
      vertex 120.628 -73.5084 0.799999
      vertex 120.339 -72.628 0
      vertex 120.973 -73.115 0.799999
    endloop
  endfacet
  facet normal 0.831167 -0.556022 0
    outer loop
      vertex 120.973 -73.115 42.4
      vertex 121.264 -72.68 42.39
      vertex 121.264 -72.68 42.4
    endloop
  endfacet
  facet normal 0.831167 -0.556022 0
    outer loop
      vertex 121.264 -72.68 42.39
      vertex 120.973 -73.115 42.4
      vertex 120.973 -73.115 42.39
    endloop
  endfacet
  facet normal -0.195135 -0.980776 0
    outer loop
      vertex 2.96472 -74.5437 42.39
      vertex 3.47789 -74.6458 42.4
      vertex 2.96472 -74.5437 42.4
    endloop
  endfacet
  facet normal -0.195135 -0.980776 -0
    outer loop
      vertex 3.47789 -74.6458 42.4
      vertex 2.96472 -74.5437 42.39
      vertex 3.47789 -74.6458 42.39
    endloop
  endfacet
  facet normal -0.393327 -0.58852 -0.706356
    outer loop
      vertex 2.39999 -73.4513 0
      vertex 1.56496 -73.8534 0.799999
      vertex 2.05196 -73.2187 0
    endloop
  endfacet
  facet normal 0.659722 0.75151 -0
    outer loop
      vertex 120.628 10.6182 0.799999
      vertex 120.235 10.9632 0.809999
      vertex 120.628 10.6182 0.809999
    endloop
  endfacet
  facet normal 0.659722 0.75151 0
    outer loop
      vertex 120.235 10.9632 0.809999
      vertex 120.628 10.6182 0.799999
      vertex 120.235 10.9632 0.799999
    endloop
  endfacet
  facet normal 0.980815 -0.19494 0
    outer loop
      vertex 121.664 -71.7153 42.39
      vertex 121.766 -71.2021 0.799999
      vertex 121.766 -71.2021 42.39
    endloop
  endfacet
  facet normal 0.980815 -0.19494 0
    outer loop
      vertex 121.766 -71.2021 0.799999
      vertex 121.664 -71.7153 42.39
      vertex 121.664 -71.7153 0.799999
    endloop
  endfacet
  facet normal 0.997886 -0.064984 0
    outer loop
      vertex 121.766 -71.2021 42.39
      vertex 121.8 -70.68 0.799999
      vertex 121.8 -70.68 42.39
    endloop
  endfacet
  facet normal 0.997886 -0.064984 0
    outer loop
      vertex 121.8 -70.68 0.799999
      vertex 121.766 -71.2021 42.39
      vertex 121.766 -71.2021 0.799999
    endloop
  endfacet
  facet normal -0.313035 -0.634899 -0.706337
    outer loop
      vertex 2.77541 -73.6364 0
      vertex 2 -74.1441 0.799999
      vertex 2.39999 -73.4513 0
    endloop
  endfacet
  facet normal -0.980791 -0.195062 0
    outer loop
      vertex 0.136292 -71.7153 42.39
      vertex 0.0342255 -71.2021 42.4
      vertex 0.0342255 -71.2021 42.39
    endloop
  endfacet
  facet normal -0.980791 -0.195062 0
    outer loop
      vertex 0.0342255 -71.2021 42.4
      vertex 0.136292 -71.7153 42.39
      vertex 0.136292 -71.7153 42.4
    endloop
  endfacet
  facet normal 0 -0.707106 -0.707107
    outer loop
      vertex 4 -74.68 0.799999
      vertex 117.8 -73.88 0
      vertex 117.8 -74.68 0.799999
    endloop
  endfacet
  facet normal -0 -0.707106 -0.707107
    outer loop
      vertex 117.8 -73.88 0
      vertex 4 -74.68 0.799999
      vertex 4 -73.88 0
    endloop
  endfacet
  facet normal 0.31322 -0.634833 -0.706314
    outer loop
      vertex 119.331 -74.3755 0.799999
      vertex 119.025 -73.6364 0
      vertex 119.8 -74.1441 0.799999
    endloop
  endfacet
  facet normal 0.0653771 -0.997861 0
    outer loop
      vertex 117.8 -74.68 42.39
      vertex 118.322 -74.6458 42.4
      vertex 117.8 -74.68 42.4
    endloop
  endfacet
  facet normal 0.0653771 -0.997861 0
    outer loop
      vertex 118.322 -74.6458 42.4
      vertex 117.8 -74.68 42.39
      vertex 118.322 -74.6458 42.39
    endloop
  endfacet
  facet normal 0.157276 0.790234 -0.592279
    outer loop
      vertex 118.628 11.0951 0
      vertex 118.218 11.1767 0
      vertex 118.835 11.6535 0.799999
    endloop
  endfacet
  facet normal 0.740371 0.649283 0.174017
    outer loop
      vertex 120.628 -0.528491 42.4
      vertex 120.973 10.2248 0.809999
      vertex 120.628 10.6182 0.809999
    endloop
  endfacet
  facet normal 0.74036 0.649295 0.17402
    outer loop
      vertex 120.973 10.2248 0.809999
      vertex 120.628 -0.528491 42.4
      vertex 120.973 -0.921878 42.4
    endloop
  endfacet
  facet normal 0.313312 -0.634749 -0.706349
    outer loop
      vertex 119.8 -74.1441 0.799999
      vertex 119.025 -73.6364 0
      vertex 119.4 -73.4513 0
    endloop
  endfacet
  facet normal 0.393313 -0.588548 -0.70634
    outer loop
      vertex 119.8 -74.1441 0.799999
      vertex 119.4 -73.4513 0
      vertex 120.235 -73.8534 0.799999
    endloop
  endfacet
  facet normal -0.699751 0.237507 -0.67375
    outer loop
      vertex 0.909042 8.83234 0
      vertex 0.136292 8.82504 0.799999
      vertex 1.04358 9.22872 0
    endloop
  endfacet
  facet normal -0.227557 -0.670292 -0.706347
    outer loop
      vertex 2.96472 -74.5437 0.799999
      vertex 2.46927 -74.3755 0.799999
      vertex 2.77541 -73.6364 0
    endloop
  endfacet
  facet normal -0.052857 0.805741 -0.589904
    outer loop
      vertex 4 11.2041 0
      vertex 3.58232 11.1767 0
      vertex 4 11.7898 0.799999
    endloop
  endfacet
  facet normal -0.712566 0.0467103 -0.700048
    outer loop
      vertex 0.827377 8.4218 0
      vertex 0 7.78976 0.799999
      vertex 0.0342255 8.31187 0.799999
    endloop
  endfacet
  facet normal -0.555591 -0.831456 0
    outer loop
      vertex 1.56496 -73.8534 0.799999
      vertex 2 -74.1441 42.39
      vertex 1.56496 -73.8534 42.39
    endloop
  endfacet
  facet normal -0.555591 -0.831456 -0
    outer loop
      vertex 2 -74.1441 42.39
      vertex 1.56496 -73.8534 0.799999
      vertex 2 -74.1441 0.799999
    endloop
  endfacet
  facet normal -0.659353 -0.751834 0
    outer loop
      vertex 1.17157 -73.5084 42.39
      vertex 1.56496 -73.8534 42.4
      vertex 1.17157 -73.5084 42.4
    endloop
  endfacet
  facet normal -0.659353 -0.751834 -0
    outer loop
      vertex 1.56496 -73.8534 42.4
      vertex 1.17157 -73.5084 42.39
      vertex 1.56496 -73.8534 42.39
    endloop
  endfacet
  facet normal -0.694269 -0.138078 -0.706346
    outer loop
      vertex 0.136292 -71.7153 0.799999
      vertex 0.0342255 -71.2021 0.799999
      vertex 0.827377 -71.0977 0
    endloop
  endfacet
  facet normal 0.532355 -0.466889 -0.706125
    outer loop
      vertex 120.628 -73.5084 0.799999
      vertex 120.063 -72.9427 0
      vertex 120.339 -72.628 0
    endloop
  endfacet
  facet normal 0.0463013 -0.706348 -0.706349
    outer loop
      vertex 117.8 -74.68 0.799999
      vertex 117.8 -73.88 0
      vertex 118.218 -73.8526 0
    endloop
  endfacet
  facet normal 0.706369 -0.0456595 -0.70637
    outer loop
      vertex 121.8 -70.68 0.799999
      vertex 120.973 -71.0977 0
      vertex 121 -70.68 0
    endloop
  endfacet
  facet normal -0.707105 -0 -0.707109
    outer loop
      vertex 0 7.78976 0.799999
      vertex 0.800003 -70.68 0
      vertex 0 -70.68 0.799999
    endloop
  endfacet
  facet normal -0.707105 0 -0.707109
    outer loop
      vertex 0.800003 -70.68 0
      vertex 0 7.78976 0.799999
      vertex 0.800003 8.00412 0
    endloop
  endfacet
  facet normal -0.751855 0.659328 0
    outer loop
      vertex 0.826584 10.2248 0.799999
      vertex 1.17157 10.6182 0.809999
      vertex 1.17157 10.6182 0.799999
    endloop
  endfacet
  facet normal -0.751855 0.659328 0
    outer loop
      vertex 1.17157 10.6182 0.809999
      vertex 0.826584 10.2248 0.799999
      vertex 0.826584 10.2248 0.809999
    endloop
  endfacet
  facet normal -0.138155 -0.694222 -0.706377
    outer loop
      vertex 3.58232 -73.8526 0
      vertex 2.96472 -74.5437 0.799999
      vertex 3.17178 -73.7709 0
    endloop
  endfacet
  facet normal -0.466737 -0.532182 -0.706356
    outer loop
      vertex 2.05196 -73.2187 0
      vertex 1.17157 -73.5084 0.799999
      vertex 1.73726 -72.9427 0
    endloop
  endfacet
  facet normal 0.542297 0.811545 0.217506
    outer loop
      vertex 120.235 -0.183505 42.4
      vertex 119.8 11.2539 0.809999
      vertex 119.8 0.107174 42.4
    endloop
  endfacet
  facet normal 0.430236 0.871943 0.233693
    outer loop
      vertex 119.8 11.2539 0.809999
      vertex 119.331 0.338589 42.4
      vertex 119.8 0.107174 42.4
    endloop
  endfacet
  facet normal 0.430213 0.871953 0.233696
    outer loop
      vertex 119.331 0.338589 42.4
      vertex 119.8 11.2539 0.809999
      vertex 119.331 11.4853 0.809999
    endloop
  endfacet
  facet normal 0.195197 -0.980764 0
    outer loop
      vertex 118.322 -74.6458 42.39
      vertex 118.835 -74.5437 42.4
      vertex 118.322 -74.6458 42.4
    endloop
  endfacet
  facet normal 0.195197 -0.980764 0
    outer loop
      vertex 118.835 -74.5437 42.4
      vertex 118.322 -74.6458 42.39
      vertex 118.835 -74.5437 42.39
    endloop
  endfacet
  facet normal -0.70635 -0.0463037 -0.706347
    outer loop
      vertex 0.0342255 -71.2021 0.799999
      vertex 0 -70.68 0.799999
      vertex 0.827377 -71.0977 0
    endloop
  endfacet
  facet normal 0 0 -1
    outer loop
      vertex 117.8 -73.88 0
      vertex 121 -70.68 0
      vertex 120.973 -71.0977 0
    endloop
  endfacet
  facet normal 0 0 -1
    outer loop
      vertex 121 -70.68 0
      vertex 101.985 -9.5 0
      vertex 121 8.00412 0
    endloop
  endfacet
  facet normal 0 0 -1
    outer loop
      vertex 117.8 -73.88 0
      vertex 120.973 -71.0977 0
      vertex 120.891 -71.5082 0
    endloop
  endfacet
  facet normal 0 0 -1
    outer loop
      vertex 101.97 -9.27132 0
      vertex 121 8.00412 0
      vertex 101.985 -9.5 0
    endloop
  endfacet
  facet normal 0 0 -1
    outer loop
      vertex 117.8 -73.88 0
      vertex 120.891 -71.5082 0
      vertex 120.756 -71.9046 0
    endloop
  endfacet
  facet normal 0 0 -1
    outer loop
      vertex 101.966 -9.21226 0
      vertex 121 8.00412 0
      vertex 101.97 -9.27132 0
    endloop
  endfacet
  facet normal 0 0 -1
    outer loop
      vertex 117.8 -73.88 0
      vertex 120.756 -71.9046 0
      vertex 120.571 -72.28 0
    endloop
  endfacet
  facet normal 0 0 -1
    outer loop
      vertex 101.954 -9.1542 0
      vertex 121 8.00412 0
      vertex 101.966 -9.21226 0
    endloop
  endfacet
  facet normal 0 0 -1
    outer loop
      vertex 117.8 -73.88 0
      vertex 120.571 -72.28 0
      vertex 120.339 -72.628 0
    endloop
  endfacet
  facet normal 0 0 -1
    outer loop
      vertex 101.909 -8.92943 0
      vertex 121 8.00412 0
      vertex 101.954 -9.1542 0
    endloop
  endfacet
  facet normal 0 0 -1
    outer loop
      vertex 117.8 -73.88 0
      vertex 120.339 -72.628 0
      vertex 120.063 -72.9427 0
    endloop
  endfacet
  facet normal 0 0 -1
    outer loop
      vertex 101.836 -8.71241 0
      vertex 121 8.00412 0
      vertex 101.909 -8.92943 0
    endloop
  endfacet
  facet normal 0 0 -1
    outer loop
      vertex 117.8 -73.88 0
      vertex 120.063 -72.9427 0
      vertex 119.748 -73.2187 0
    endloop
  endfacet
  facet normal 0 0 -1
    outer loop
      vertex 101.817 -8.65636 0
      vertex 121 8.00412 0
      vertex 101.836 -8.71241 0
    endloop
  endfacet
  facet normal 0 0 -1
    outer loop
      vertex 117.8 -73.88 0
      vertex 119.748 -73.2187 0
      vertex 119.4 -73.4513 0
    endloop
  endfacet
  facet normal 0 0 -1
    outer loop
      vertex 101.791 -8.60328 0
      vertex 121 8.00412 0
      vertex 101.817 -8.65636 0
    endloop
  endfacet
  facet normal 0 0 -1
    outer loop
      vertex 117.8 -73.88 0
      vertex 119.4 -73.4513 0
      vertex 119.025 -73.6364 0
    endloop
  endfacet
  facet normal 0 0 -1
    outer loop
      vertex 101.689 -8.39773 0
      vertex 121 8.00412 0
      vertex 101.791 -8.60328 0
    endloop
  endfacet
  facet normal 0 0 -1
    outer loop
      vertex 117.8 -73.88 0
      vertex 119.025 -73.6364 0
      vertex 118.628 -73.7709 0
    endloop
  endfacet
  facet normal 0 0 -1
    outer loop
      vertex 101.562 -8.20718 0
      vertex 121 8.00412 0
      vertex 101.689 -8.39773 0
    endloop
  endfacet
  facet normal 0 0 -1
    outer loop
      vertex 117.8 -73.88 0
      vertex 118.628 -73.7709 0
      vertex 118.218 -73.8526 0
    endloop
  endfacet
  facet normal 0 0 -1
    outer loop
      vertex 101.529 -8.15796 0
      vertex 121 8.00412 0
      vertex 101.562 -8.20718 0
    endloop
  endfacet
  facet normal -0 0 -1
    outer loop
      vertex 121 -70.68 0
      vertex 117.8 -73.88 0
      vertex 101.985 -65.18 0
    endloop
  endfacet
  facet normal 0 0 -1
    outer loop
      vertex 101.49 -8.11347 0
      vertex 121 8.00412 0
      vertex 101.529 -8.15796 0
    endloop
  endfacet
  facet normal 0 0 -1
    outer loop
      vertex 121 -70.68 0
      vertex 101.985 -65.18 0
      vertex 101.985 -9.5 0
    endloop
  endfacet
  facet normal 0 0 -1
    outer loop
      vertex 117.8 -73.88 0
      vertex 101.97 -65.4087 0
      vertex 101.985 -65.18 0
    endloop
  endfacet
  facet normal 0 0 -1
    outer loop
      vertex 117.8 -73.88 0
      vertex 101.966 -65.4677 0
      vertex 101.97 -65.4087 0
    endloop
  endfacet
  facet normal 0 0 -1
    outer loop
      vertex 117.8 -73.88 0
      vertex 101.954 -65.5258 0
      vertex 101.966 -65.4677 0
    endloop
  endfacet
  facet normal 0 0 -1
    outer loop
      vertex 117.8 -73.88 0
      vertex 101.909 -65.7506 0
      vertex 101.954 -65.5258 0
    endloop
  endfacet
  facet normal 0 0 -1
    outer loop
      vertex 117.8 -73.88 0
      vertex 101.836 -65.9676 0
      vertex 101.909 -65.7506 0
    endloop
  endfacet
  facet normal 0 0 -1
    outer loop
      vertex 117.8 -73.88 0
      vertex 101.817 -66.0236 0
      vertex 101.836 -65.9676 0
    endloop
  endfacet
  facet normal 0 0 -1
    outer loop
      vertex 117.8 -73.88 0
      vertex 101.791 -66.0767 0
      vertex 101.817 -66.0236 0
    endloop
  endfacet
  facet normal 0 0 -1
    outer loop
      vertex 117.8 -73.88 0
      vertex 101.689 -66.2823 0
      vertex 101.791 -66.0767 0
    endloop
  endfacet
  facet normal 0 0 -1
    outer loop
      vertex 117.8 -73.88 0
      vertex 101.562 -66.4728 0
      vertex 101.689 -66.2823 0
    endloop
  endfacet
  facet normal 0 0 -1
    outer loop
      vertex 117.8 -73.88 0
      vertex 101.529 -66.522 0
      vertex 101.562 -66.4728 0
    endloop
  endfacet
  facet normal 0 0 -1
    outer loop
      vertex 117.8 -73.88 0
      vertex 101.49 -66.5665 0
      vertex 101.529 -66.522 0
    endloop
  endfacet
  facet normal 0 0 -1
    outer loop
      vertex 117.8 -73.88 0
      vertex 101.339 -66.7388 0
      vertex 101.49 -66.5665 0
    endloop
  endfacet
  facet normal 0 0 -1
    outer loop
      vertex 117.8 -73.88 0
      vertex 101.167 -66.8899 0
      vertex 101.339 -66.7388 0
    endloop
  endfacet
  facet normal 0 0 -1
    outer loop
      vertex 117.8 -73.88 0
      vertex 101.122 -66.929 0
      vertex 101.167 -66.8899 0
    endloop
  endfacet
  facet normal 0 0 -1
    outer loop
      vertex 117.8 -73.88 0
      vertex 101.073 -66.9618 0
      vertex 101.122 -66.929 0
    endloop
  endfacet
  facet normal 0 0 -1
    outer loop
      vertex 117.8 -73.88 0
      vertex 100.882 -67.0892 0
      vertex 101.073 -66.9618 0
    endloop
  endfacet
  facet normal 0 0 -1
    outer loop
      vertex 117.8 -73.88 0
      vertex 100.677 -67.1905 0
      vertex 100.882 -67.0892 0
    endloop
  endfacet
  facet normal 0 0 -1
    outer loop
      vertex 117.8 -73.88 0
      vertex 100.624 -67.2167 0
      vertex 100.677 -67.1905 0
    endloop
  endfacet
  facet normal 0 0 -1
    outer loop
      vertex 117.8 -73.88 0
      vertex 100.568 -67.2357 0
      vertex 100.624 -67.2167 0
    endloop
  endfacet
  facet normal 0 0 -1
    outer loop
      vertex 117.8 -73.88 0
      vertex 100.351 -67.3094 0
      vertex 100.568 -67.2357 0
    endloop
  endfacet
  facet normal 0 0 -1
    outer loop
      vertex 117.8 -73.88 0
      vertex 100.126 -67.3541 0
      vertex 100.351 -67.3094 0
    endloop
  endfacet
  facet normal 0 0 -1
    outer loop
      vertex 117.8 -73.88 0
      vertex 100.068 -67.3657 0
      vertex 100.126 -67.3541 0
    endloop
  endfacet
  facet normal 0 0 -1
    outer loop
      vertex 117.8 -73.88 0
      vertex 100.009 -67.3695 0
      vertex 100.068 -67.3657 0
    endloop
  endfacet
  facet normal 0 0 -1
    outer loop
      vertex 117.8 -73.88 0
      vertex 99.78 -67.3845 0
      vertex 100.009 -67.3695 0
    endloop
  endfacet
  facet normal 0 0 -1
    outer loop
      vertex 4 -73.88 0
      vertex 99.78 -67.3845 0
      vertex 117.8 -73.88 0
    endloop
  endfacet
  facet normal 0 0 -1
    outer loop
      vertex 4 -73.88 0
      vertex 14.8735 -66.8899 0
      vertex 14.918 -66.929 0
    endloop
  endfacet
  facet normal 0 0 -1
    outer loop
      vertex 4 -73.88 0
      vertex 14.2495 -66.0767 0
      vertex 14.3508 -66.2823 0
    endloop
  endfacet
  facet normal -0 0 -1
    outer loop
      vertex 14.0705 -65.4087 0
      vertex 0.800003 -70.68 0
      vertex 14.0555 -65.18 0
    endloop
  endfacet
  facet normal -0 0 -1
    outer loop
      vertex 14.0743 -65.4677 0
      vertex 0.800003 -70.68 0
      vertex 14.0705 -65.4087 0
    endloop
  endfacet
  facet normal -0 0 -1
    outer loop
      vertex 14.0859 -65.5258 0
      vertex 0.800003 -70.68 0
      vertex 14.0743 -65.4677 0
    endloop
  endfacet
  facet normal -0 0 -1
    outer loop
      vertex 14.1306 -65.7506 0
      vertex 0.800003 -70.68 0
      vertex 14.0859 -65.5258 0
    endloop
  endfacet
  facet normal 0 0 -1
    outer loop
      vertex 0.800003 -70.68 0
      vertex 14.1306 -65.7506 0
      vertex 4 -73.88 0
    endloop
  endfacet
  facet normal -0 0 -1
    outer loop
      vertex 14.2043 -65.9676 0
      vertex 4 -73.88 0
      vertex 14.1306 -65.7506 0
    endloop
  endfacet
  facet normal -0 0 -1
    outer loop
      vertex 14.2233 -66.0236 0
      vertex 4 -73.88 0
      vertex 14.2043 -65.9676 0
    endloop
  endfacet
  facet normal -0 0 -1
    outer loop
      vertex 14.2495 -66.0767 0
      vertex 4 -73.88 0
      vertex 14.2233 -66.0236 0
    endloop
  endfacet
  facet normal -0 0 -1
    outer loop
      vertex 14.4782 -66.4728 0
      vertex 4 -73.88 0
      vertex 14.3508 -66.2823 0
    endloop
  endfacet
  facet normal -0 0 -1
    outer loop
      vertex 14.511 -66.522 0
      vertex 4 -73.88 0
      vertex 14.4782 -66.4728 0
    endloop
  endfacet
  facet normal -0 0 -1
    outer loop
      vertex 14.5501 -66.5665 0
      vertex 4 -73.88 0
      vertex 14.511 -66.522 0
    endloop
  endfacet
  facet normal -0 0 -1
    outer loop
      vertex 14.7012 -66.7388 0
      vertex 4 -73.88 0
      vertex 14.5501 -66.5665 0
    endloop
  endfacet
  facet normal -0 0 -1
    outer loop
      vertex 14.8735 -66.8899 0
      vertex 4 -73.88 0
      vertex 14.7012 -66.7388 0
    endloop
  endfacet
  facet normal -0 0 -1
    outer loop
      vertex 14.9672 -66.9618 0
      vertex 4 -73.88 0
      vertex 14.918 -66.929 0
    endloop
  endfacet
  facet normal -0 0 -1
    outer loop
      vertex 15.1577 -67.0892 0
      vertex 4 -73.88 0
      vertex 14.9672 -66.9618 0
    endloop
  endfacet
  facet normal -0 0 -1
    outer loop
      vertex 15.3633 -67.1905 0
      vertex 4 -73.88 0
      vertex 15.1577 -67.0892 0
    endloop
  endfacet
  facet normal -0 0 -1
    outer loop
      vertex 15.4164 -67.2167 0
      vertex 4 -73.88 0
      vertex 15.3633 -67.1905 0
    endloop
  endfacet
  facet normal -0 0 -1
    outer loop
      vertex 15.4724 -67.2357 0
      vertex 4 -73.88 0
      vertex 15.4164 -67.2167 0
    endloop
  endfacet
  facet normal -0 0 -1
    outer loop
      vertex 15.6894 -67.3094 0
      vertex 4 -73.88 0
      vertex 15.4724 -67.2357 0
    endloop
  endfacet
  facet normal -0 0 -1
    outer loop
      vertex 15.9142 -67.3541 0
      vertex 4 -73.88 0
      vertex 15.6894 -67.3094 0
    endloop
  endfacet
  facet normal -0 0 -1
    outer loop
      vertex 15.9723 -67.3657 0
      vertex 4 -73.88 0
      vertex 15.9142 -67.3541 0
    endloop
  endfacet
  facet normal -0 0 -1
    outer loop
      vertex 16.0313 -67.3695 0
      vertex 4 -73.88 0
      vertex 15.9723 -67.3657 0
    endloop
  endfacet
  facet normal -0 0 -1
    outer loop
      vertex 16.26 -67.3845 0
      vertex 4 -73.88 0
      vertex 16.0313 -67.3695 0
    endloop
  endfacet
  facet normal -0 0 -1
    outer loop
      vertex 99.78 -67.3845 0
      vertex 4 -73.88 0
      vertex 16.26 -67.3845 0
    endloop
  endfacet
  facet normal 0 0 -1
    outer loop
      vertex 121 8.00412 0
      vertex 117.8 11.2041 0
      vertex 120.973 8.4218 0
    endloop
  endfacet
  facet normal 0 0 -1
    outer loop
      vertex 120.756 9.22872 0
      vertex 117.8 11.2041 0
      vertex 120.571 9.60413 0
    endloop
  endfacet
  facet normal 0 0 -1
    outer loop
      vertex 120.063 10.2669 0
      vertex 117.8 11.2041 0
      vertex 119.748 10.5429 0
    endloop
  endfacet
  facet normal 0 0 -1
    outer loop
      vertex 119.025 10.9605 0
      vertex 117.8 11.2041 0
      vertex 118.628 11.0951 0
    endloop
  endfacet
  facet normal 0 0 -1
    outer loop
      vertex 118.628 11.0951 0
      vertex 117.8 11.2041 0
      vertex 118.218 11.1767 0
    endloop
  endfacet
  facet normal 0 0 -1
    outer loop
      vertex 119.748 10.5429 0
      vertex 117.8 11.2041 0
      vertex 119.4 10.7754 0
    endloop
  endfacet
  facet normal 0 0 -1
    outer loop
      vertex 119.4 10.7754 0
      vertex 117.8 11.2041 0
      vertex 119.025 10.9605 0
    endloop
  endfacet
  facet normal 0 0 -1
    outer loop
      vertex 120.571 9.60413 0
      vertex 117.8 11.2041 0
      vertex 120.339 9.95217 0
    endloop
  endfacet
  facet normal 0 0 -1
    outer loop
      vertex 120.339 9.95217 0
      vertex 117.8 11.2041 0
      vertex 120.063 10.2669 0
    endloop
  endfacet
  facet normal 0 0 -1
    outer loop
      vertex 120.973 8.4218 0
      vertex 117.8 11.2041 0
      vertex 120.891 8.83234 0
    endloop
  endfacet
  facet normal 0 0 -1
    outer loop
      vertex 120.891 8.83234 0
      vertex 117.8 11.2041 0
      vertex 120.756 9.22872 0
    endloop
  endfacet
  facet normal 0 0 -1
    outer loop
      vertex 101.339 -7.94117 0
      vertex 121 8.00412 0
      vertex 101.49 -8.11347 0
    endloop
  endfacet
  facet normal -0 0 -1
    outer loop
      vertex 121 8.00412 0
      vertex 101.339 -7.94117 0
      vertex 117.8 11.2041 0
    endloop
  endfacet
  facet normal 0 0 -1
    outer loop
      vertex 101.167 -7.79006 0
      vertex 117.8 11.2041 0
      vertex 101.339 -7.94117 0
    endloop
  endfacet
  facet normal 0 0 -1
    outer loop
      vertex 101.122 -7.75104 0
      vertex 117.8 11.2041 0
      vertex 101.167 -7.79006 0
    endloop
  endfacet
  facet normal 0 0 -1
    outer loop
      vertex 101.073 -7.71815 0
      vertex 117.8 11.2041 0
      vertex 101.122 -7.75104 0
    endloop
  endfacet
  facet normal 0 0 -1
    outer loop
      vertex 100.882 -7.59082 0
      vertex 117.8 11.2041 0
      vertex 101.073 -7.71815 0
    endloop
  endfacet
  facet normal 0 0 -1
    outer loop
      vertex 100.677 -7.48946 0
      vertex 117.8 11.2041 0
      vertex 100.882 -7.59082 0
    endloop
  endfacet
  facet normal 0 0 -1
    outer loop
      vertex 100.624 -7.46328 0
      vertex 117.8 11.2041 0
      vertex 100.677 -7.48946 0
    endloop
  endfacet
  facet normal 0 0 -1
    outer loop
      vertex 100.568 -7.44426 0
      vertex 117.8 11.2041 0
      vertex 100.624 -7.46328 0
    endloop
  endfacet
  facet normal 0 0 -1
    outer loop
      vertex 100.351 -7.37059 0
      vertex 117.8 11.2041 0
      vertex 100.568 -7.44426 0
    endloop
  endfacet
  facet normal 0 0 -1
    outer loop
      vertex 100.126 -7.32588 0
      vertex 117.8 11.2041 0
      vertex 100.351 -7.37059 0
    endloop
  endfacet
  facet normal 0 0 -1
    outer loop
      vertex 100.068 -7.31434 0
      vertex 117.8 11.2041 0
      vertex 100.126 -7.32588 0
    endloop
  endfacet
  facet normal 0 0 -1
    outer loop
      vertex 100.009 -7.31046 0
      vertex 117.8 11.2041 0
      vertex 100.068 -7.31434 0
    endloop
  endfacet
  facet normal 0 0 -1
    outer loop
      vertex 99.78 -7.29548 0
      vertex 117.8 11.2041 0
      vertex 100.009 -7.31046 0
    endloop
  endfacet
  facet normal 0 0 -1
    outer loop
      vertex 4 11.2041 0
      vertex 99.78 -7.29548 0
      vertex 16.26 -7.29548 0
    endloop
  endfacet
  facet normal 0 0 -1
    outer loop
      vertex 4 11.2041 0
      vertex 16.26 -7.29548 0
      vertex 16.0313 -7.31046 0
    endloop
  endfacet
  facet normal 0 0 -1
    outer loop
      vertex 4 11.2041 0
      vertex 16.0313 -7.31046 0
      vertex 15.9723 -7.31434 0
    endloop
  endfacet
  facet normal 0 0 -1
    outer loop
      vertex 0.800003 8.00412 0
      vertex 14.9672 -7.71815 0
      vertex 14.918 -7.75104 0
    endloop
  endfacet
  facet normal 0 0 -1
    outer loop
      vertex 0.800003 8.00412 0
      vertex 14.4782 -8.20718 0
      vertex 14.3508 -8.39773 0
    endloop
  endfacet
  facet normal -0 0 -1
    outer loop
      vertex 14.0555 -65.18 0
      vertex 0.800003 -70.68 0
      vertex 14.0555 -9.5 0
    endloop
  endfacet
  facet normal 0 0 -1
    outer loop
      vertex 0.800003 8.00412 0
      vertex 14.0555 -9.5 0
      vertex 0.800003 -70.68 0
    endloop
  endfacet
  facet normal 0 0 -1
    outer loop
      vertex 99.78 -7.29548 0
      vertex 4 11.2041 0
      vertex 117.8 11.2041 0
    endloop
  endfacet
  facet normal 0 0 -1
    outer loop
      vertex 15.9142 -7.32588 0
      vertex 4 11.2041 0
      vertex 15.9723 -7.31434 0
    endloop
  endfacet
  facet normal 0 0 -1
    outer loop
      vertex 15.6894 -7.37059 0
      vertex 4 11.2041 0
      vertex 15.9142 -7.32588 0
    endloop
  endfacet
  facet normal 0 0 -1
    outer loop
      vertex 15.4724 -7.44426 0
      vertex 4 11.2041 0
      vertex 15.6894 -7.37059 0
    endloop
  endfacet
  facet normal 0 0 -1
    outer loop
      vertex 15.4164 -7.46328 0
      vertex 4 11.2041 0
      vertex 15.4724 -7.44426 0
    endloop
  endfacet
  facet normal 0 0 -1
    outer loop
      vertex 15.3633 -7.48946 0
      vertex 4 11.2041 0
      vertex 15.4164 -7.46328 0
    endloop
  endfacet
  facet normal 0 0 -1
    outer loop
      vertex 15.1577 -7.59082 0
      vertex 4 11.2041 0
      vertex 15.3633 -7.48946 0
    endloop
  endfacet
  facet normal 0 0 -1
    outer loop
      vertex 14.9672 -7.71815 0
      vertex 0.800003 8.00412 0
      vertex 15.1577 -7.59082 0
    endloop
  endfacet
  facet normal 0 0 -1
    outer loop
      vertex 0.800003 8.00412 0
      vertex 14.918 -7.75104 0
      vertex 14.8735 -7.79006 0
    endloop
  endfacet
  facet normal 0 0 -1
    outer loop
      vertex 0.800003 8.00412 0
      vertex 14.8735 -7.79006 0
      vertex 14.7012 -7.94117 0
    endloop
  endfacet
  facet normal 0 0 -1
    outer loop
      vertex 0.800003 8.00412 0
      vertex 14.7012 -7.94117 0
      vertex 14.5501 -8.11347 0
    endloop
  endfacet
  facet normal 0 0 -1
    outer loop
      vertex 0.800003 8.00412 0
      vertex 14.5501 -8.11347 0
      vertex 14.511 -8.15796 0
    endloop
  endfacet
  facet normal 0 0 -1
    outer loop
      vertex 14.4782 -8.20718 0
      vertex 0.800003 8.00412 0
      vertex 14.511 -8.15796 0
    endloop
  endfacet
  facet normal 0 0 -1
    outer loop
      vertex 0.800003 8.00412 0
      vertex 14.3508 -8.39773 0
      vertex 14.2495 -8.60328 0
    endloop
  endfacet
  facet normal 0 0 -1
    outer loop
      vertex 0.800003 8.00412 0
      vertex 14.2495 -8.60328 0
      vertex 14.2233 -8.65636 0
    endloop
  endfacet
  facet normal 0 0 -1
    outer loop
      vertex 0.800003 8.00412 0
      vertex 14.2233 -8.65636 0
      vertex 14.2043 -8.71241 0
    endloop
  endfacet
  facet normal 0 0 -1
    outer loop
      vertex 0.800003 8.00412 0
      vertex 14.2043 -8.71241 0
      vertex 14.1306 -8.92943 0
    endloop
  endfacet
  facet normal 0 0 -1
    outer loop
      vertex 0.800003 8.00412 0
      vertex 14.1306 -8.92943 0
      vertex 14.0859 -9.1542 0
    endloop
  endfacet
  facet normal 0 0 -1
    outer loop
      vertex 0.800003 8.00412 0
      vertex 14.0859 -9.1542 0
      vertex 14.0743 -9.21226 0
    endloop
  endfacet
  facet normal 0 0 -1
    outer loop
      vertex 14.0555 -9.5 0
      vertex 0.800003 8.00412 0
      vertex 14.0705 -9.27132 0
    endloop
  endfacet
  facet normal 0 0 -1
    outer loop
      vertex 0.800003 -70.68 0
      vertex 4 -73.88 0
      vertex 3.58232 -73.8526 0
    endloop
  endfacet
  facet normal 0 0 -1
    outer loop
      vertex 14.0705 -9.27132 0
      vertex 0.800003 8.00412 0
      vertex 14.0743 -9.21226 0
    endloop
  endfacet
  facet normal 0 0 -1
    outer loop
      vertex 0.800003 -70.68 0
      vertex 3.58232 -73.8526 0
      vertex 3.17178 -73.7709 0
    endloop
  endfacet
  facet normal 0 0 -1
    outer loop
      vertex 15.1577 -7.59082 0
      vertex 0.800003 8.00412 0
      vertex 4 11.2041 0
    endloop
  endfacet
  facet normal 0 0 -1
    outer loop
      vertex 0.800003 -70.68 0
      vertex 3.17178 -73.7709 0
      vertex 2.77541 -73.6364 0
    endloop
  endfacet
  facet normal 0 0 -1
    outer loop
      vertex 4 11.2041 0
      vertex 0.800003 8.00412 0
      vertex 3.58232 11.1767 0
    endloop
  endfacet
  facet normal 0 0 -1
    outer loop
      vertex 0.800003 -70.68 0
      vertex 2.77541 -73.6364 0
      vertex 2.39999 -73.4513 0
    endloop
  endfacet
  facet normal 0 0 -1
    outer loop
      vertex 3.58232 11.1767 0
      vertex 0.800003 8.00412 0
      vertex 3.17178 11.0951 0
    endloop
  endfacet
  facet normal 0 0 -1
    outer loop
      vertex 0.800003 -70.68 0
      vertex 2.39999 -73.4513 0
      vertex 2.05196 -73.2187 0
    endloop
  endfacet
  facet normal 0 0 -1
    outer loop
      vertex 3.17178 11.0951 0
      vertex 0.800003 8.00412 0
      vertex 2.77541 10.9605 0
    endloop
  endfacet
  facet normal 0 0 -1
    outer loop
      vertex 0.800003 -70.68 0
      vertex 2.05196 -73.2187 0
      vertex 1.73726 -72.9427 0
    endloop
  endfacet
  facet normal 0 0 -1
    outer loop
      vertex 2.77541 10.9605 0
      vertex 0.800003 8.00412 0
      vertex 2.39999 10.7754 0
    endloop
  endfacet
  facet normal 0 0 -1
    outer loop
      vertex 0.800003 -70.68 0
      vertex 1.73726 -72.9427 0
      vertex 1.46127 -72.628 0
    endloop
  endfacet
  facet normal 0 0 -1
    outer loop
      vertex 2.39999 10.7754 0
      vertex 0.800003 8.00412 0
      vertex 2.05196 10.5429 0
    endloop
  endfacet
  facet normal 0 0 -1
    outer loop
      vertex 0.800003 -70.68 0
      vertex 1.46127 -72.628 0
      vertex 1.22871 -72.28 0
    endloop
  endfacet
  facet normal 0 0 -1
    outer loop
      vertex 2.05196 10.5429 0
      vertex 0.800003 8.00412 0
      vertex 1.73726 10.2669 0
    endloop
  endfacet
  facet normal 0 0 -1
    outer loop
      vertex 0.800003 -70.68 0
      vertex 1.22871 -72.28 0
      vertex 1.04358 -71.9046 0
    endloop
  endfacet
  facet normal 0 0 -1
    outer loop
      vertex 1.73726 10.2669 0
      vertex 0.800003 8.00412 0
      vertex 1.46127 9.95217 0
    endloop
  endfacet
  facet normal 0 0 -1
    outer loop
      vertex 0.800003 -70.68 0
      vertex 1.04358 -71.9046 0
      vertex 0.909042 -71.5082 0
    endloop
  endfacet
  facet normal 0 0 -1
    outer loop
      vertex 1.46127 9.95217 0
      vertex 0.800003 8.00412 0
      vertex 1.22871 9.60413 0
    endloop
  endfacet
  facet normal 0 0 -1
    outer loop
      vertex 0.800003 -70.68 0
      vertex 0.909042 -71.5082 0
      vertex 0.827377 -71.0977 0
    endloop
  endfacet
  facet normal 0 0 -1
    outer loop
      vertex 1.22871 9.60413 0
      vertex 0.800003 8.00412 0
      vertex 1.04358 9.22872 0
    endloop
  endfacet
  facet normal 0 0 -1
    outer loop
      vertex 1.04358 9.22872 0
      vertex 0.800003 8.00412 0
      vertex 0.909042 8.83234 0
    endloop
  endfacet
  facet normal 0 0 -1
    outer loop
      vertex 0.909042 8.83234 0
      vertex 0.800003 8.00412 0
      vertex 0.827377 8.4218 0
    endloop
  endfacet
  facet normal -0.712639 0.14174 -0.687063
    outer loop
      vertex 0.827377 8.4218 0
      vertex 0.0342255 8.31187 0.799999
      vertex 0.136292 8.82504 0.799999
    endloop
  endfacet
  facet normal -0.555591 -0.831456 0
    outer loop
      vertex 1.56496 -73.8534 42.39
      vertex 2 -74.1441 42.4
      vertex 1.56496 -73.8534 42.4
    endloop
  endfacet
  facet normal -0.555591 -0.831456 -0
    outer loop
      vertex 2 -74.1441 42.4
      vertex 1.56496 -73.8534 42.39
      vertex 2 -74.1441 42.39
    endloop
  endfacet
  facet normal 0.442465 -0.896786 0
    outer loop
      vertex 119.331 -74.3755 42.39
      vertex 119.8 -74.1441 42.4
      vertex 119.331 -74.3755 42.4
    endloop
  endfacet
  facet normal 0.442465 -0.896786 0
    outer loop
      vertex 119.8 -74.1441 42.4
      vertex 119.331 -74.3755 42.39
      vertex 119.8 -74.1441 42.39
    endloop
  endfacet
  facet normal -0.188663 0.948565 0.254227
    outer loop
      vertex 3.47789 11.7555 0.809999
      vertex 2.96472 0.506786 42.4
      vertex 3.47789 0.608852 42.4
    endloop
  endfacet
  facet normal -0.188545 0.948586 0.254235
    outer loop
      vertex 2.96472 0.506786 42.4
      vertex 3.47789 11.7555 0.809999
      vertex 2.96472 11.6535 0.809999
    endloop
  endfacet
  facet normal -0.69425 -0.138114 -0.706358
    outer loop
      vertex 0.909042 -71.5082 0
      vertex 0.136292 -71.7153 0.799999
      vertex 0.827377 -71.0977 0
    endloop
  endfacet
  facet normal 0.555626 -0.831432 0
    outer loop
      vertex 119.8 -74.1441 42.39
      vertex 120.235 -73.8534 42.4
      vertex 119.8 -74.1441 42.4
    endloop
  endfacet
  facet normal 0.555626 -0.831432 0
    outer loop
      vertex 120.235 -73.8534 42.4
      vertex 119.8 -74.1441 42.39
      vertex 120.235 -73.8534 42.39
    endloop
  endfacet
  facet normal 0.32115 -0.947028 0
    outer loop
      vertex 118.835 -74.5437 42.39
      vertex 119.331 -74.3755 42.4
      vertex 118.835 -74.5437 42.4
    endloop
  endfacet
  facet normal 0.32115 -0.947028 0
    outer loop
      vertex 119.331 -74.3755 42.4
      vertex 118.835 -74.5437 42.39
      vertex 119.331 -74.3755 42.39
    endloop
  endfacet
  facet normal 0.0653771 -0.997861 0
    outer loop
      vertex 117.8 -74.68 0.799999
      vertex 118.322 -74.6458 42.39
      vertex 117.8 -74.68 42.39
    endloop
  endfacet
  facet normal 0.0653771 -0.997861 0
    outer loop
      vertex 118.322 -74.6458 42.39
      vertex 117.8 -74.68 0.799999
      vertex 118.322 -74.6458 0.799999
    endloop
  endfacet
  facet normal 0.0462776 -0.706343 -0.706356
    outer loop
      vertex 118.322 -74.6458 0.799999
      vertex 117.8 -74.68 0.799999
      vertex 118.218 -73.8526 0
    endloop
  endfacet
  facet normal -0.44226 -0.896887 0
    outer loop
      vertex 2 -74.1441 0.799999
      vertex 2.46927 -74.3755 42.39
      vertex 2 -74.1441 42.39
    endloop
  endfacet
  facet normal -0.44226 -0.896887 -0
    outer loop
      vertex 2.46927 -74.3755 42.39
      vertex 2 -74.1441 0.799999
      vertex 2.46927 -74.3755 0.799999
    endloop
  endfacet
  facet normal 0.694018 -0.138634 -0.706484
    outer loop
      vertex 121.664 -71.7153 0.799999
      vertex 120.891 -71.5082 0
      vertex 120.973 -71.0977 0
    endloop
  endfacet
  facet normal 0.669984 -0.228173 -0.706441
    outer loop
      vertex 121.664 -71.7153 0.799999
      vertex 120.756 -71.9046 0
      vertex 120.891 -71.5082 0
    endloop
  endfacet
  facet normal -0.0462671 -0.706331 -0.706368
    outer loop
      vertex 4 -74.68 0.799999
      vertex 3.47789 -74.6458 0.799999
      vertex 3.58232 -73.8526 0
    endloop
  endfacet
  facet normal 0.257597 0.759777 -0.596978
    outer loop
      vertex 119.025 10.9605 0
      vertex 118.628 11.0951 0
      vertex 118.835 11.6535 0.799999
    endloop
  endfacet
  facet normal -0.532212 -0.466715 -0.706348
    outer loop
      vertex 1.17157 -73.5084 0.799999
      vertex 0.826584 -73.115 0.799999
      vertex 1.46127 -72.628 0
    endloop
  endfacet
  facet normal -0.44226 0.896887 0
    outer loop
      vertex 2.46927 11.4853 0.799999
      vertex 2 11.2539 0.809999
      vertex 2.46927 11.4853 0.809999
    endloop
  endfacet
  facet normal -0.44226 0.896887 0
    outer loop
      vertex 2 11.2539 0.809999
      vertex 2.46927 11.4853 0.799999
      vertex 2 11.2539 0.799999
    endloop
  endfacet
  facet normal 0.352793 0.714734 -0.603898
    outer loop
      vertex 119.4 10.7754 0
      vertex 119.025 10.9605 0
      vertex 119.8 11.2539 0.799999
    endloop
  endfacet
  facet normal -0.555591 0.831456 0
    outer loop
      vertex 2 11.2539 0.799999
      vertex 1.56496 10.9632 0.809999
      vertex 2 11.2539 0.809999
    endloop
  endfacet
  facet normal -0.555591 0.831456 0
    outer loop
      vertex 1.56496 10.9632 0.809999
      vertex 2 11.2539 0.799999
      vertex 1.56496 10.9632 0.799999
    endloop
  endfacet
  facet normal 0.707106 0 -0.707107
    outer loop
      vertex 121 -70.68 0
      vertex 121.8 7.78976 0.799999
      vertex 121.8 -70.68 0.799999
    endloop
  endfacet
  facet normal 0.707106 0 -0.707107
    outer loop
      vertex 121.8 7.78976 0.799999
      vertex 121 -70.68 0
      vertex 121 8.00412 0
    endloop
  endfacet
  facet normal 0.706447 -0.0460049 -0.70627
    outer loop
      vertex 121.766 -71.2021 0.799999
      vertex 120.973 -71.0977 0
      vertex 121.8 -70.68 0.799999
    endloop
  endfacet
  facet normal 0.659722 -0.75151 0
    outer loop
      vertex 120.235 -73.8534 42.39
      vertex 120.628 -73.5084 42.4
      vertex 120.235 -73.8534 42.4
    endloop
  endfacet
  facet normal 0.659722 -0.75151 0
    outer loop
      vertex 120.628 -73.5084 42.4
      vertex 120.235 -73.8534 42.39
      vertex 120.628 -73.5084 42.39
    endloop
  endfacet
  facet normal -0.659353 0.751834 0
    outer loop
      vertex 1.56496 10.9632 0.799999
      vertex 1.17157 10.6182 0.809999
      vertex 1.56496 10.9632 0.809999
    endloop
  endfacet
  facet normal -0.659353 0.751834 0
    outer loop
      vertex 1.17157 10.6182 0.809999
      vertex 1.56496 10.9632 0.799999
      vertex 1.17157 10.6182 0.799999
    endloop
  endfacet
  facet normal -0.946912 -0.321493 0
    outer loop
      vertex 0.304489 -72.2107 0.799999
      vertex 0.136292 -71.7153 42.39
      vertex 0.136292 -71.7153 0.799999
    endloop
  endfacet
  facet normal -0.946912 -0.321493 0
    outer loop
      vertex 0.136292 -71.7153 42.39
      vertex 0.304489 -72.2107 0.799999
      vertex 0.304489 -72.2107 42.39
    endloop
  endfacet
  facet normal -0.063192 0.96398 0.25836
    outer loop
      vertex 4 11.7898 0.809999
      vertex 3.47789 0.608852 42.4
      vertex 4 0.643078 42.4
    endloop
  endfacet
  facet normal -0.0633281 0.963972 0.258357
    outer loop
      vertex 3.47789 0.608852 42.4
      vertex 4 11.7898 0.809999
      vertex 3.47789 11.7555 0.809999
    endloop
  endfacet
  facet normal 0.646719 0.736727 0.197453
    outer loop
      vertex 120.628 10.6182 0.809999
      vertex 120.235 -0.183505 42.4
      vertex 120.628 -0.528491 42.4
    endloop
  endfacet
  facet normal 0.646734 0.736715 0.19745
    outer loop
      vertex 120.235 -0.183505 42.4
      vertex 120.628 10.6182 0.809999
      vertex 120.235 10.9632 0.809999
    endloop
  endfacet
  facet normal 0.897201 -0.441622 0
    outer loop
      vertex 121.264 -72.68 42.4
      vertex 121.495 -72.2107 42.39
      vertex 121.495 -72.2107 42.4
    endloop
  endfacet
  facet normal 0.897201 -0.441622 0
    outer loop
      vertex 121.495 -72.2107 42.39
      vertex 121.264 -72.68 42.4
      vertex 121.264 -72.68 42.39
    endloop
  endfacet
  facet normal -0.670295 -0.227577 -0.706338
    outer loop
      vertex 0.304489 -72.2107 0.799999
      vertex 0.136292 -71.7153 0.799999
      vertex 1.04358 -71.9046 0
    endloop
  endfacet
  facet normal -0.634866 -0.313087 -0.706343
    outer loop
      vertex 1.22871 -72.28 0
      vertex 0.535904 -72.68 0.799999
      vertex 1.04358 -71.9046 0
    endloop
  endfacet
  facet normal 0.588309 -0.393558 -0.706403
    outer loop
      vertex 120.973 -73.115 0.799999
      vertex 120.571 -72.28 0
      vertex 121.264 -72.68 0.799999
    endloop
  endfacet
  facet normal 0.58921 -0.392806 -0.70607
    outer loop
      vertex 120.973 -73.115 0.799999
      vertex 120.339 -72.628 0
      vertex 120.571 -72.28 0
    endloop
  endfacet
  facet normal -0.634885 -0.313066 -0.706336
    outer loop
      vertex 0.535904 -72.68 0.799999
      vertex 0.304489 -72.2107 0.799999
      vertex 1.04358 -71.9046 0
    endloop
  endfacet
  facet normal 0.0529462 0.805769 -0.589858
    outer loop
      vertex 118.218 11.1767 0
      vertex 117.8 11.7898 0.799999
      vertex 118.322 11.7555 0.799999
    endloop
  endfacet
  facet normal 0.188723 0.948553 0.254226
    outer loop
      vertex 118.835 11.6535 0.809999
      vertex 118.322 0.608852 42.4
      vertex 118.835 0.506786 42.4
    endloop
  endfacet
  facet normal 0.188606 0.948575 0.25423
    outer loop
      vertex 118.322 0.608852 42.4
      vertex 118.835 11.6535 0.809999
      vertex 118.322 11.7555 0.809999
    endloop
  endfacet
  facet normal -0.194951 0.980813 0
    outer loop
      vertex 3.47789 11.7555 0.799999
      vertex 2.96472 11.6535 0.809999
      vertex 3.47789 11.7555 0.809999
    endloop
  endfacet
  facet normal -0.194951 0.980813 0
    outer loop
      vertex 2.96472 11.6535 0.809999
      vertex 3.47789 11.7555 0.799999
      vertex 2.96472 11.6535 0.799999
    endloop
  endfacet
  facet normal -0.542262 0.811567 0.217512
    outer loop
      vertex 2 11.2539 0.809999
      vertex 1.56496 -0.183505 42.4
      vertex 2 0.107174 42.4
    endloop
  endfacet
  facet normal -0.311586 0.917825 0.24599
    outer loop
      vertex 2.96472 11.6535 0.809999
      vertex 2.46927 0.338589 42.4
      vertex 2.96472 0.506786 42.4
    endloop
  endfacet
  facet normal -0.311591 0.917823 0.24599
    outer loop
      vertex 2.46927 0.338589 42.4
      vertex 2.96472 11.6535 0.809999
      vertex 2.46927 11.4853 0.809999
    endloop
  endfacet
  facet normal 0.311274 0.917924 0.246017
    outer loop
      vertex 119.331 11.4853 0.809999
      vertex 118.835 0.506786 42.4
      vertex 119.331 0.338589 42.4
    endloop
  endfacet
  facet normal 0.311279 0.917922 0.246016
    outer loop
      vertex 118.835 0.506786 42.4
      vertex 119.331 11.4853 0.809999
      vertex 118.835 11.6535 0.809999
    endloop
  endfacet
  facet normal 0.32115 -0.947028 0
    outer loop
      vertex 118.835 -74.5437 0.799999
      vertex 119.331 -74.3755 42.39
      vertex 118.835 -74.5437 42.39
    endloop
  endfacet
  facet normal 0.32115 -0.947028 0
    outer loop
      vertex 119.331 -74.3755 42.39
      vertex 118.835 -74.5437 0.799999
      vertex 119.331 -74.3755 0.799999
    endloop
  endfacet
  facet normal 0.22734 -0.670395 -0.706319
    outer loop
      vertex 119.331 -74.3755 0.799999
      vertex 118.835 -74.5437 0.799999
      vertex 119.025 -73.6364 0
    endloop
  endfacet
  facet normal 0.635126 -0.312623 -0.706316
    outer loop
      vertex 121.264 -72.68 0.799999
      vertex 120.756 -71.9046 0
      vertex 121.495 -72.2107 0.799999
    endloop
  endfacet
  facet normal -0.633853 0.42352 -0.647195
    outer loop
      vertex 1.22871 9.60413 0
      vertex 0.535904 9.78976 0.799999
      vertex 0.826584 10.2248 0.799999
    endloop
  endfacet
  facet normal 0.979477 0.194685 0.0521783
    outer loop
      vertex 121.664 -2.32164 42.4
      vertex 121.766 8.31187 0.809999
      vertex 121.664 8.82504 0.809999
    endloop
  endfacet
  facet normal 0.979477 0.194685 0.0521783
    outer loop
      vertex 121.766 8.31187 0.809999
      vertex 121.664 -2.32164 42.4
      vertex 121.766 -2.83481 42.4
    endloop
  endfacet
  facet normal 0.980813 0.194951 0
    outer loop
      vertex 121.766 8.31187 0.809999
      vertex 121.664 8.82504 0.799999
      vertex 121.664 8.82504 0.809999
    endloop
  endfacet
  facet normal 0.980813 0.194951 0
    outer loop
      vertex 121.664 8.82504 0.799999
      vertex 121.766 8.31187 0.809999
      vertex 121.766 8.31187 0.799999
    endloop
  endfacet
  facet normal 0.659722 -0.75151 0
    outer loop
      vertex 120.235 -73.8534 0.799999
      vertex 120.628 -73.5084 42.39
      vertex 120.235 -73.8534 42.39
    endloop
  endfacet
  facet normal 0.659722 -0.75151 0
    outer loop
      vertex 120.628 -73.5084 42.39
      vertex 120.235 -73.8534 0.799999
      vertex 120.628 -73.5084 0.799999
    endloop
  endfacet
  facet normal -0.997858 -0.0654131 0
    outer loop
      vertex 0.0342255 -71.2021 42.39
      vertex 0 -70.68 42.4
      vertex 0 -70.68 42.39
    endloop
  endfacet
  facet normal -0.997858 -0.0654131 0
    outer loop
      vertex 0 -70.68 42.4
      vertex 0.0342255 -71.2021 42.39
      vertex 0.0342255 -71.2021 42.4
    endloop
  endfacet
  facet normal -0.352518 0.714893 -0.60387
    outer loop
      vertex 2.77541 10.9605 0
      vertex 2 11.2539 0.799999
      vertex 2.46927 11.4853 0.799999
    endloop
  endfacet
  facet normal -0.83145 -0.5556 0
    outer loop
      vertex 0.826584 -73.115 0.799999
      vertex 0.535904 -72.68 42.39
      vertex 0.535904 -72.68 0.799999
    endloop
  endfacet
  facet normal -0.83145 -0.5556 0
    outer loop
      vertex 0.535904 -72.68 42.39
      vertex 0.826584 -73.115 0.799999
      vertex 0.826584 -73.115 42.39
    endloop
  endfacet
  facet normal 0.980815 -0.19494 0
    outer loop
      vertex 121.664 -71.7153 42.4
      vertex 121.766 -71.2021 42.39
      vertex 121.766 -71.2021 42.4
    endloop
  endfacet
  facet normal 0.980815 -0.19494 0
    outer loop
      vertex 121.766 -71.2021 42.39
      vertex 121.664 -71.7153 42.4
      vertex 121.664 -71.7153 42.39
    endloop
  endfacet
  facet normal -0.979451 0.194807 0.0522109
    outer loop
      vertex 0.0342255 8.31187 0.809999
      vertex 0.136292 -2.32164 42.4
      vertex 0.136292 8.82504 0.809999
    endloop
  endfacet
  facet normal -0.979451 0.194807 0.0522109
    outer loop
      vertex 0.136292 -2.32164 42.4
      vertex 0.0342255 8.31187 0.809999
      vertex 0.0342255 -2.83481 42.4
    endloop
  endfacet
  facet normal -0.980791 -0.195062 0
    outer loop
      vertex 0.136292 -71.7153 0.799999
      vertex 0.0342255 -71.2021 42.39
      vertex 0.0342255 -71.2021 0.799999
    endloop
  endfacet
  facet normal -0.980791 -0.195062 0
    outer loop
      vertex 0.0342255 -71.2021 42.39
      vertex 0.136292 -71.7153 0.799999
      vertex 0.136292 -71.7153 42.39
    endloop
  endfacet
  facet normal -0.706347 -0.0462905 -0.706351
    outer loop
      vertex 0.827377 -71.0977 0
      vertex 0 -70.68 0.799999
      vertex 0.800003 -70.68 0
    endloop
  endfacet
  facet normal 0.7125 0.046058 -0.700159
    outer loop
      vertex 121 8.00412 0
      vertex 120.973 8.4218 0
      vertex 121.8 7.78976 0.799999
    endloop
  endfacet
  facet normal 0.712467 0.142306 -0.687124
    outer loop
      vertex 120.973 8.4218 0
      vertex 120.891 8.83234 0
      vertex 121.664 8.82504 0.799999
    endloop
  endfacet
  facet normal -0.46673 -0.532194 -0.706352
    outer loop
      vertex 1.56496 -73.8534 0.799999
      vertex 1.17157 -73.5084 0.799999
      vertex 2.05196 -73.2187 0
    endloop
  endfacet
  facet normal -0.896886 -0.442261 0
    outer loop
      vertex 0.535904 -72.68 42.39
      vertex 0.304489 -72.2107 42.4
      vertex 0.304489 -72.2107 42.39
    endloop
  endfacet
  facet normal -0.896886 -0.442261 0
    outer loop
      vertex 0.304489 -72.2107 42.4
      vertex 0.535904 -72.68 42.39
      vertex 0.535904 -72.68 42.4
    endloop
  endfacet
  facet normal 0.699516 0.238243 -0.673734
    outer loop
      vertex 120.891 8.83234 0
      vertex 120.756 9.22872 0
      vertex 121.664 8.82504 0.799999
    endloop
  endfacet
  facet normal -0.542289 0.81155 0.217507
    outer loop
      vertex 2 11.2539 0.809999
      vertex 1.56496 10.9632 0.809999
      vertex 1.56496 -0.183505 42.4
    endloop
  endfacet
  facet normal 0.634481 0.422939 -0.646959
    outer loop
      vertex 120.571 9.60413 0
      vertex 120.339 9.95217 0
      vertex 120.973 10.2248 0.799999
    endloop
  endfacet
  facet normal 0.195013 0.980801 -0
    outer loop
      vertex 118.835 11.6535 0.799999
      vertex 118.322 11.7555 0.809999
      vertex 118.835 11.6535 0.809999
    endloop
  endfacet
  facet normal 0.195013 0.980801 0
    outer loop
      vertex 118.322 11.7555 0.809999
      vertex 118.835 11.6535 0.799999
      vertex 118.322 11.7555 0.799999
    endloop
  endfacet
  facet normal 0.157137 0.790308 -0.592217
    outer loop
      vertex 118.835 11.6535 0.799999
      vertex 118.218 11.1767 0
      vertex 118.322 11.7555 0.799999
    endloop
  endfacet
  facet normal -0.699754 0.23755 -0.673731
    outer loop
      vertex 1.04358 9.22872 0
      vertex 0.136292 8.82504 0.799999
      vertex 0.304489 9.3205 0.799999
    endloop
  endfacet
  facet normal 0.897201 -0.441622 0
    outer loop
      vertex 121.264 -72.68 42.39
      vertex 121.495 -72.2107 0.799999
      vertex 121.495 -72.2107 42.39
    endloop
  endfacet
  facet normal 0.897201 -0.441622 0
    outer loop
      vertex 121.495 -72.2107 0.799999
      vertex 121.264 -72.68 42.39
      vertex 121.264 -72.68 0.799999
    endloop
  endfacet
  facet normal 0.712623 0.0464062 -0.700011
    outer loop
      vertex 121.8 7.78976 0.799999
      vertex 120.973 8.4218 0
      vertex 121.766 8.31187 0.799999
    endloop
  endfacet
  facet normal 0.63362 0.423831 -0.647219
    outer loop
      vertex 121.264 9.78976 0.799999
      vertex 120.571 9.60413 0
      vertex 120.973 10.2248 0.799999
    endloop
  endfacet
  facet normal 0.699542 0.238612 -0.673577
    outer loop
      vertex 121.664 8.82504 0.799999
      vertex 120.756 9.22872 0
      vertex 121.495 9.3205 0.799999
    endloop
  endfacet
  facet normal 1 0 0
    outer loop
      vertex 121.8 -70.68 0.799999
      vertex 121.8 7.78976 0.809999
      vertex 121.8 -3.35692 42.4
    endloop
  endfacet
  facet normal 1 0 0
    outer loop
      vertex 121.8 -70.68 42.39
      vertex 121.8 -3.35692 42.4
      vertex 121.8 -70.68 42.4
    endloop
  endfacet
  facet normal 1 0 0
    outer loop
      vertex 121.8 -70.68 0.799999
      vertex 121.8 -3.35692 42.4
      vertex 121.8 -70.68 42.39
    endloop
  endfacet
  facet normal 1 0 0
    outer loop
      vertex 121.8 7.78976 0.809999
      vertex 121.8 -70.68 0.799999
      vertex 121.8 7.78976 0.799999
    endloop
  endfacet
  facet normal 0.751842 -0.659343 0
    outer loop
      vertex 120.628 -73.5084 42.39
      vertex 120.973 -73.115 0.799999
      vertex 120.973 -73.115 42.39
    endloop
  endfacet
  facet normal 0.751842 -0.659343 0
    outer loop
      vertex 120.973 -73.115 0.799999
      vertex 120.628 -73.5084 42.39
      vertex 120.628 -73.5084 0.799999
    endloop
  endfacet
  facet normal -0.0529342 0.805757 -0.589876
    outer loop
      vertex 3.58232 11.1767 0
      vertex 3.47789 11.7555 0.799999
      vertex 4 11.7898 0.799999
    endloop
  endfacet
  facet normal 0.581224 0.509716 -0.634325
    outer loop
      vertex 120.973 10.2248 0.799999
      vertex 120.339 9.95217 0
      vertex 120.628 10.6182 0.799999
    endloop
  endfacet
  facet normal 0.515679 0.588547 -0.622645
    outer loop
      vertex 120.063 10.2669 0
      vertex 119.748 10.5429 0
      vertex 120.628 10.6182 0.799999
    endloop
  endfacet
  facet normal 0.516054 0.587852 -0.622991
    outer loop
      vertex 120.628 10.6182 0.799999
      vertex 119.748 10.5429 0
      vertex 120.235 10.9632 0.799999
    endloop
  endfacet
  facet normal -0.896886 -0.442261 0
    outer loop
      vertex 0.535904 -72.68 0.799999
      vertex 0.304489 -72.2107 42.39
      vertex 0.304489 -72.2107 0.799999
    endloop
  endfacet
  facet normal -0.896886 -0.442261 0
    outer loop
      vertex 0.304489 -72.2107 42.39
      vertex 0.535904 -72.68 0.799999
      vertex 0.535904 -72.68 42.39
    endloop
  endfacet
  facet normal -0.751855 -0.659328 0
    outer loop
      vertex 1.17157 -73.5084 0.799999
      vertex 0.826584 -73.115 42.39
      vertex 0.826584 -73.115 0.799999
    endloop
  endfacet
  facet normal -0.751855 -0.659328 0
    outer loop
      vertex 0.826584 -73.115 42.39
      vertex 1.17157 -73.5084 0.799999
      vertex 1.17157 -73.5084 42.39
    endloop
  endfacet
  facet normal -0.588558 -0.393292 -0.706343
    outer loop
      vertex 0.826584 -73.115 0.799999
      vertex 0.535904 -72.68 0.799999
      vertex 1.22871 -72.28 0
    endloop
  endfacet
  facet normal -0.58854 -0.393307 -0.70635
    outer loop
      vertex 1.46127 -72.628 0
      vertex 0.826584 -73.115 0.799999
      vertex 1.22871 -72.28 0
    endloop
  endfacet
  facet normal -0.740385 0.649269 0.174013
    outer loop
      vertex 0.826584 10.2248 0.809999
      vertex 1.17157 -0.528491 42.4
      vertex 1.17157 10.6182 0.809999
    endloop
  endfacet
  facet normal -0.740374 0.649281 0.174016
    outer loop
      vertex 1.17157 -0.528491 42.4
      vertex 0.826584 10.2248 0.809999
      vertex 0.826584 -0.921878 42.4
    endloop
  endfacet
  facet normal 0.439091 0.65722 -0.612585
    outer loop
      vertex 119.748 10.5429 0
      vertex 119.4 10.7754 0
      vertex 120.235 10.9632 0.799999
    endloop
  endfacet
  facet normal 0.439151 0.65714 -0.612628
    outer loop
      vertex 120.235 10.9632 0.799999
      vertex 119.4 10.7754 0
      vertex 119.8 11.2539 0.799999
    endloop
  endfacet
  facet normal 0.581234 0.509708 -0.634323
    outer loop
      vertex 120.339 9.95217 0
      vertex 120.063 10.2669 0
      vertex 120.628 10.6182 0.799999
    endloop
  endfacet
  facet normal -0.35249 0.714921 -0.603853
    outer loop
      vertex 2.39999 10.7754 0
      vertex 2 11.2539 0.799999
      vertex 2.77541 10.9605 0
    endloop
  endfacet
  facet normal -0.430034 0.872036 0.233718
    outer loop
      vertex 2.46927 11.4853 0.809999
      vertex 2 0.107174 42.4
      vertex 2.46927 0.338589 42.4
    endloop
  endfacet
  facet normal -0.430011 0.872046 0.233721
    outer loop
      vertex 2 0.107174 42.4
      vertex 2.46927 11.4853 0.809999
      vertex 2 11.2539 0.809999
    endloop
  endfacet
  facet normal 0 0.806869 -0.59073
    outer loop
      vertex 117.8 11.2041 0
      vertex 4 11.7898 0.799999
      vertex 117.8 11.7898 0.799999
    endloop
  endfacet
  facet normal 0 0.806869 -0.59073
    outer loop
      vertex 4 11.7898 0.799999
      vertex 117.8 11.2041 0
      vertex 4 11.2041 0
    endloop
  endfacet
  facet normal 0 1 -0
    outer loop
      vertex 117.8 11.7898 0.799999
      vertex 4 11.7898 0.809999
      vertex 117.8 11.7898 0.809999
    endloop
  endfacet
  facet normal 0 1 0
    outer loop
      vertex 4 11.7898 0.809999
      vertex 117.8 11.7898 0.799999
      vertex 4 11.7898 0.799999
    endloop
  endfacet
  facet normal 0.0655674 0.997848 -0
    outer loop
      vertex 118.322 11.7555 0.799999
      vertex 117.8 11.7898 0.809999
      vertex 118.322 11.7555 0.809999
    endloop
  endfacet
  facet normal 0.0655674 0.997848 0
    outer loop
      vertex 117.8 11.7898 0.809999
      vertex 118.322 11.7555 0.799999
      vertex 117.8 11.7898 0.799999
    endloop
  endfacet
  facet normal 0.0632053 0.963979 0.258359
    outer loop
      vertex 118.322 11.7555 0.809999
      vertex 117.8 0.643078 42.4
      vertex 118.322 0.608852 42.4
    endloop
  endfacet
  facet normal 0.0633414 0.96397 0.258358
    outer loop
      vertex 117.8 0.643078 42.4
      vertex 118.322 11.7555 0.809999
      vertex 117.8 11.7898 0.809999
    endloop
  endfacet
  facet normal 0.831167 -0.556022 0
    outer loop
      vertex 120.973 -73.115 42.39
      vertex 121.264 -72.68 0.799999
      vertex 121.264 -72.68 42.39
    endloop
  endfacet
  facet normal 0.831167 -0.556022 0
    outer loop
      vertex 121.264 -72.68 0.799999
      vertex 120.973 -73.115 42.39
      vertex 120.973 -73.115 0.799999
    endloop
  endfacet
  facet normal -0.439067 0.657241 -0.612581
    outer loop
      vertex 2.05196 10.5429 0
      vertex 1.56496 10.9632 0.799999
      vertex 2.39999 10.7754 0
    endloop
  endfacet
  facet normal 0.831191 0.555987 0
    outer loop
      vertex 121.264 9.78976 0.809999
      vertex 120.973 10.2248 0.799999
      vertex 120.973 10.2248 0.809999
    endloop
  endfacet
  facet normal 0.831191 0.555987 0
    outer loop
      vertex 120.973 10.2248 0.799999
      vertex 121.264 9.78976 0.809999
      vertex 121.264 9.78976 0.799999
    endloop
  endfacet
  facet normal 0 0 1
    outer loop
      vertex 5.3 -70.68 42.4
      vertex 7.2 -70.68 42.4
      vertex 7.17262 -70.2623 42.4
    endloop
  endfacet
  facet normal 0 0 1
    outer loop
      vertex 5.28888 -70.5103 42.4
      vertex 7.17262 -70.2623 42.4
      vertex 7.09096 -69.8518 42.4
    endloop
  endfacet
  facet normal 0 0 1
    outer loop
      vertex 7.2 -70.68 42.4
      vertex 5.3 -70.68 42.4
      vertex 7.17262 -71.0977 42.4
    endloop
  endfacet
  facet normal 0 0 1
    outer loop
      vertex 5.28888 -70.5103 42.4
      vertex 7.09096 -69.8518 42.4
      vertex 6.95641 -69.4554 42.4
    endloop
  endfacet
  facet normal -0 0 1
    outer loop
      vertex 5.28888 -70.8497 42.4
      vertex 7.17262 -71.0977 42.4
      vertex 5.3 -70.68 42.4
    endloop
  endfacet
  facet normal 0 0 1
    outer loop
      vertex 7.17262 -71.0977 42.4
      vertex 5.28888 -70.8497 42.4
      vertex 7.09096 -71.5082 42.4
    endloop
  endfacet
  facet normal 0 0 1
    outer loop
      vertex 5.28888 -70.5103 42.4
      vertex 6.95641 -69.4554 42.4
      vertex 6.77128 -69.08 42.4
    endloop
  endfacet
  facet normal -0 0 1
    outer loop
      vertex 114.627 -70.2623 42.4
      vertex 116.511 -70.5103 42.4
      vertex 114.709 -69.8518 42.4
    endloop
  endfacet
  facet normal 0 0 1
    outer loop
      vertex 116.5 -70.68 42.4
      vertex 114.844 -71.9046 42.4
      vertex 115.029 -72.28 42.4
    endloop
  endfacet
  facet normal 0 0 1
    outer loop
      vertex 116.511 -70.5103 42.4
      vertex 114.627 -70.2623 42.4
      vertex 116.5 -70.68 42.4
    endloop
  endfacet
  facet normal 0 0 1
    outer loop
      vertex 116.5 -70.68 42.4
      vertex 114.709 -71.5082 42.4
      vertex 114.844 -71.9046 42.4
    endloop
  endfacet
  facet normal 0 0 1
    outer loop
      vertex 114.6 -70.68 42.4
      vertex 116.5 -70.68 42.4
      vertex 114.627 -70.2623 42.4
    endloop
  endfacet
  facet normal 0 0 1
    outer loop
      vertex 116.5 -70.68 42.4
      vertex 114.627 -71.0977 42.4
      vertex 114.709 -71.5082 42.4
    endloop
  endfacet
  facet normal 0 0 1
    outer loop
      vertex 116.5 -70.68 42.4
      vertex 114.6 -70.68 42.4
      vertex 114.627 -71.0977 42.4
    endloop
  endfacet
  facet normal 0 0 1
    outer loop
      vertex 116.5 -4 42.4
      vertex 115.029 -5.6 42.4
      vertex 115.261 -5.94804 42.4
    endloop
  endfacet
  facet normal -0 0 1
    outer loop
      vertex 114.627 -3.58232 42.4
      vertex 116.511 -3.83032 42.4
      vertex 114.709 -3.17178 42.4
    endloop
  endfacet
  facet normal 0 0 1
    outer loop
      vertex 116.5 -4 42.4
      vertex 114.844 -5.22459 42.4
      vertex 115.029 -5.6 42.4
    endloop
  endfacet
  facet normal 0 0 1
    outer loop
      vertex 116.511 -3.83032 42.4
      vertex 114.627 -3.58232 42.4
      vertex 116.5 -4 42.4
    endloop
  endfacet
  facet normal 0 0 1
    outer loop
      vertex 116.5 -4 42.4
      vertex 114.709 -4.82822 42.4
      vertex 114.844 -5.22459 42.4
    endloop
  endfacet
  facet normal 0 0 1
    outer loop
      vertex 114.6 -4 42.4
      vertex 116.5 -4 42.4
      vertex 114.627 -3.58232 42.4
    endloop
  endfacet
  facet normal 0 0 1
    outer loop
      vertex 116.5 -4 42.4
      vertex 114.627 -4.41768 42.4
      vertex 114.709 -4.82822 42.4
    endloop
  endfacet
  facet normal 0 0 1
    outer loop
      vertex 116.5 -4 42.4
      vertex 114.6 -4 42.4
      vertex 114.627 -4.41768 42.4
    endloop
  endfacet
  facet normal -0 0 1
    outer loop
      vertex 0 -49.59 42.4
      vertex 2.4 -67.9087 42.4
      vertex 2.4 -49.59 42.4
    endloop
  endfacet
  facet normal 0 -0 1
    outer loop
      vertex 0.0342255 -71.2021 42.4
      vertex 2.4 -67.9087 42.4
      vertex 0 -70.68 42.4
    endloop
  endfacet
  facet normal 0 0 1
    outer loop
      vertex 2.4 -67.9087 42.4
      vertex 1.56496 -73.8534 42.4
      vertex 2 -74.1441 42.4
    endloop
  endfacet
  facet normal 0 0 1
    outer loop
      vertex 2.4 -67.9087 42.4
      vertex 1.17157 -73.5084 42.4
      vertex 1.56496 -73.8534 42.4
    endloop
  endfacet
  facet normal 0 0 1
    outer loop
      vertex 2.4 -67.9087 42.4
      vertex 0.826584 -73.115 42.4
      vertex 1.17157 -73.5084 42.4
    endloop
  endfacet
  facet normal 0 0 1
    outer loop
      vertex 2.4 -67.9087 42.4
      vertex 0.535904 -72.68 42.4
      vertex 0.826584 -73.115 42.4
    endloop
  endfacet
  facet normal 0 0 1
    outer loop
      vertex 2.4 -67.9087 42.4
      vertex 0.304489 -72.2107 42.4
      vertex 0.535904 -72.68 42.4
    endloop
  endfacet
  facet normal 0 0 1
    outer loop
      vertex 2.4 -67.9087 42.4
      vertex 0.136292 -71.7153 42.4
      vertex 0.304489 -72.2107 42.4
    endloop
  endfacet
  facet normal 0 0 1
    outer loop
      vertex 2.4 -67.9087 42.4
      vertex 0 -49.59 42.4
      vertex 0 -70.68 42.4
    endloop
  endfacet
  facet normal 0 0 1
    outer loop
      vertex 2.4 -67.9087 42.4
      vertex 0.0342255 -71.2021 42.4
      vertex 0.136292 -71.7153 42.4
    endloop
  endfacet
  facet normal 0 0 1
    outer loop
      vertex 7.17262 -70.2623 42.4
      vertex 5.28888 -70.5103 42.4
      vertex 5.3 -70.68 42.4
    endloop
  endfacet
  facet normal 0 0 1
    outer loop
      vertex 5.94804 -68.1413 42.4
      vertex 5.2557 -70.3435 42.4
      vertex 5.28888 -70.5103 42.4
    endloop
  endfacet
  facet normal 0 0 1
    outer loop
      vertex 4.65 -69.5542 42.4
      vertex 5.6 -67.9087 42.4
      vertex 5.22459 -67.7236 42.4
    endloop
  endfacet
  facet normal 0 0 1
    outer loop
      vertex 5.94804 -68.1413 42.4
      vertex 5.20104 -70.1825 42.4
      vertex 5.2557 -70.3435 42.4
    endloop
  endfacet
  facet normal 0 0 1
    outer loop
      vertex 5.94804 -68.1413 42.4
      vertex 5.12583 -70.03 42.4
      vertex 5.20104 -70.1825 42.4
    endloop
  endfacet
  facet normal 0 0 1
    outer loop
      vertex 5.94804 -68.1413 42.4
      vertex 5.03136 -69.8886 42.4
      vertex 5.12583 -70.03 42.4
    endloop
  endfacet
  facet normal 0 0 1
    outer loop
      vertex 5.94804 -68.1413 42.4
      vertex 4.91924 -69.7608 42.4
      vertex 5.03136 -69.8886 42.4
    endloop
  endfacet
  facet normal 0 0 1
    outer loop
      vertex 4.49749 -69.479 42.4
      vertex 5.22459 -67.7236 42.4
      vertex 4.82822 -67.589 42.4
    endloop
  endfacet
  facet normal 0 0 1
    outer loop
      vertex 5.94804 -68.1413 42.4
      vertex 4.79139 -69.6486 42.4
      vertex 4.91924 -69.7608 42.4
    endloop
  endfacet
  facet normal 0 0 1
    outer loop
      vertex 5.6 -67.9087 42.4
      vertex 4.65 -69.5542 42.4
      vertex 4.79139 -69.6486 42.4
    endloop
  endfacet
  facet normal 0 0 1
    outer loop
      vertex 5.22459 -67.7236 42.4
      vertex 4.49749 -69.479 42.4
      vertex 4.65 -69.5542 42.4
    endloop
  endfacet
  facet normal 0 0 1
    outer loop
      vertex 4.33646 -69.4243 42.4
      vertex 4.82822 -67.589 42.4
      vertex 4.41768 -67.5074 42.4
    endloop
  endfacet
  facet normal 0 0 1
    outer loop
      vertex 4.82822 -67.589 42.4
      vertex 4.33646 -69.4243 42.4
      vertex 4.49749 -69.479 42.4
    endloop
  endfacet
  facet normal 0 0 1
    outer loop
      vertex 4.41768 -67.5074 42.4
      vertex 4.16968 -69.3911 42.4
      vertex 4.33646 -69.4243 42.4
    endloop
  endfacet
  facet normal 0 0 1
    outer loop
      vertex 4 -67.48 42.4
      vertex 4.16968 -69.3911 42.4
      vertex 4.41768 -67.5074 42.4
    endloop
  endfacet
  facet normal 0 0 1
    outer loop
      vertex 4 -67.48 42.4
      vertex 4 -69.38 42.4
      vertex 4.16968 -69.3911 42.4
    endloop
  endfacet
  facet normal 0 0 1
    outer loop
      vertex 4 -67.48 42.4
      vertex 3.83032 -69.3911 42.4
      vertex 4 -69.38 42.4
    endloop
  endfacet
  facet normal -0 0 1
    outer loop
      vertex 3.58232 -67.5074 42.4
      vertex 3.83032 -69.3911 42.4
      vertex 4 -67.48 42.4
    endloop
  endfacet
  facet normal 0 0 1
    outer loop
      vertex 3.83032 -69.3911 42.4
      vertex 3.58232 -67.5074 42.4
      vertex 3.66354 -69.4243 42.4
    endloop
  endfacet
  facet normal -0 0 1
    outer loop
      vertex 3.17178 -67.589 42.4
      vertex 3.66354 -69.4243 42.4
      vertex 3.58232 -67.5074 42.4
    endloop
  endfacet
  facet normal 0 0 1
    outer loop
      vertex 3.66354 -69.4243 42.4
      vertex 3.17178 -67.589 42.4
      vertex 3.50251 -69.479 42.4
    endloop
  endfacet
  facet normal -0 0 1
    outer loop
      vertex 2.77541 -67.7236 42.4
      vertex 3.50251 -69.479 42.4
      vertex 3.17178 -67.589 42.4
    endloop
  endfacet
  facet normal 0 0 1
    outer loop
      vertex 3.50251 -69.479 42.4
      vertex 2.77541 -67.7236 42.4
      vertex 3.35 -69.5542 42.4
    endloop
  endfacet
  facet normal -0 0 1
    outer loop
      vertex 2.4 -67.9087 42.4
      vertex 3.35 -69.5542 42.4
      vertex 2.77541 -67.7236 42.4
    endloop
  endfacet
  facet normal 0 0 1
    outer loop
      vertex 3.35 -69.5542 42.4
      vertex 2.4 -67.9087 42.4
      vertex 3.20861 -69.6486 42.4
    endloop
  endfacet
  facet normal 0 0 1
    outer loop
      vertex 3.20861 -69.6486 42.4
      vertex 2.4 -67.9087 42.4
      vertex 3.08076 -69.7608 42.4
    endloop
  endfacet
  facet normal 0 0 1
    outer loop
      vertex 3.08076 -69.7608 42.4
      vertex 2.4 -67.9087 42.4
      vertex 2.96864 -69.8886 42.4
    endloop
  endfacet
  facet normal 0 0 1
    outer loop
      vertex 2.96864 -69.8886 42.4
      vertex 2.4 -67.9087 42.4
      vertex 2.87417 -70.03 42.4
    endloop
  endfacet
  facet normal 0 0 1
    outer loop
      vertex 2.87417 -70.03 42.4
      vertex 2.4 -67.9087 42.4
      vertex 2.79896 -70.1825 42.4
    endloop
  endfacet
  facet normal 0 0 1
    outer loop
      vertex 2.79896 -70.1825 42.4
      vertex 2.4 -67.9087 42.4
      vertex 2.7443 -70.3435 42.4
    endloop
  endfacet
  facet normal 0 0 1
    outer loop
      vertex 2.7443 -70.3435 42.4
      vertex 2.4 -67.9087 42.4
      vertex 2.71112 -70.5103 42.4
    endloop
  endfacet
  facet normal 0 0 1
    outer loop
      vertex 2.71112 -70.5103 42.4
      vertex 2.4 -67.9087 42.4
      vertex 2.7 -70.68 42.4
    endloop
  endfacet
  facet normal 0 0 1
    outer loop
      vertex 2 -74.1441 42.4
      vertex 2.7 -70.68 42.4
      vertex 2.4 -67.9087 42.4
    endloop
  endfacet
  facet normal 0 0 1
    outer loop
      vertex 2.7 -70.68 42.4
      vertex 2 -74.1441 42.4
      vertex 2.46927 -74.3755 42.4
    endloop
  endfacet
  facet normal 0 0 1
    outer loop
      vertex 5.3 -4 42.4
      vertex 7.2 -4 42.4
      vertex 7.17262 -3.58232 42.4
    endloop
  endfacet
  facet normal 0 0 1
    outer loop
      vertex 5.28888 -3.83032 42.4
      vertex 7.17262 -3.58232 42.4
      vertex 7.09096 -3.17178 42.4
    endloop
  endfacet
  facet normal 0 0 1
    outer loop
      vertex 7.2 -4 42.4
      vertex 5.3 -4 42.4
      vertex 7.17262 -4.41768 42.4
    endloop
  endfacet
  facet normal 0 0 1
    outer loop
      vertex 5.2557 -3.66354 42.4
      vertex 7.09096 -3.17178 42.4
      vertex 6.95641 -2.77541 42.4
    endloop
  endfacet
  facet normal -0 0 1
    outer loop
      vertex 5.28888 -4.16968 42.4
      vertex 7.17262 -4.41768 42.4
      vertex 5.3 -4 42.4
    endloop
  endfacet
  facet normal 0 0 1
    outer loop
      vertex 5.20104 -3.50251 42.4
      vertex 6.95641 -2.77541 42.4
      vertex 6.77128 -2.4 42.4
    endloop
  endfacet
  facet normal 0 0 1
    outer loop
      vertex 7.17262 -4.41768 42.4
      vertex 5.28888 -4.16968 42.4
      vertex 7.09096 -4.82822 42.4
    endloop
  endfacet
  facet normal 0 0 1
    outer loop
      vertex 6.77128 -5.6 42.4
      vertex 5.12583 -4.65 42.4
      vertex 6.53873 -5.94804 42.4
    endloop
  endfacet
  facet normal -0 0 1
    outer loop
      vertex 5.03136 -4.79139 42.4
      vertex 6.53873 -5.94804 42.4
      vertex 5.12583 -4.65 42.4
    endloop
  endfacet
  facet normal 0 0 1
    outer loop
      vertex 6.53873 -5.94804 42.4
      vertex 5.03136 -4.79139 42.4
      vertex 6.26274 -6.26274 42.4
    endloop
  endfacet
  facet normal -0 0 1
    outer loop
      vertex 4.91924 -4.91924 42.4
      vertex 6.26274 -6.26274 42.4
      vertex 5.03136 -4.79139 42.4
    endloop
  endfacet
  facet normal 0 0 1
    outer loop
      vertex 6.26274 -6.26274 42.4
      vertex 4.91924 -4.91924 42.4
      vertex 5.94804 -6.53873 42.4
    endloop
  endfacet
  facet normal -0 0 1
    outer loop
      vertex 4.79139 -5.03136 42.4
      vertex 5.94804 -6.53873 42.4
      vertex 4.91924 -4.91924 42.4
    endloop
  endfacet
  facet normal 0 0 1
    outer loop
      vertex 5.94804 -6.53873 42.4
      vertex 4.79139 -5.03136 42.4
      vertex 5.6 -6.77128 42.4
    endloop
  endfacet
  facet normal -0 0 1
    outer loop
      vertex 4.65 -5.12583 42.4
      vertex 5.6 -6.77128 42.4
      vertex 4.79139 -5.03136 42.4
    endloop
  endfacet
  facet normal 0 0 1
    outer loop
      vertex 5.6 -6.77128 42.4
      vertex 4.65 -5.12583 42.4
      vertex 5.22459 -6.95641 42.4
    endloop
  endfacet
  facet normal -0 0 1
    outer loop
      vertex 4.49749 -5.20104 42.4
      vertex 5.22459 -6.95641 42.4
      vertex 4.65 -5.12583 42.4
    endloop
  endfacet
  facet normal 0 0 1
    outer loop
      vertex 5.22459 -6.95641 42.4
      vertex 4.49749 -5.20104 42.4
      vertex 4.82822 -7.09096 42.4
    endloop
  endfacet
  facet normal -0 0 1
    outer loop
      vertex 4.33646 -5.2557 42.4
      vertex 4.82822 -7.09096 42.4
      vertex 4.49749 -5.20104 42.4
    endloop
  endfacet
  facet normal 0 0 1
    outer loop
      vertex 4.82822 -7.09096 42.4
      vertex 4.33646 -5.2557 42.4
      vertex 4.41768 -7.17262 42.4
    endloop
  endfacet
  facet normal -0 0 1
    outer loop
      vertex 4.16968 -5.28888 42.4
      vertex 4.41768 -7.17262 42.4
      vertex 4.33646 -5.2557 42.4
    endloop
  endfacet
  facet normal -0 0 1
    outer loop
      vertex 4 -5.3 42.4
      vertex 4.41768 -7.17262 42.4
      vertex 4.16968 -5.28888 42.4
    endloop
  endfacet
  facet normal 0 0 1
    outer loop
      vertex 4 -5.3 42.4
      vertex 4 -7.2 42.4
      vertex 4.41768 -7.17262 42.4
    endloop
  endfacet
  facet normal 0 0 1
    outer loop
      vertex 3.83032 -5.28888 42.4
      vertex 4 -7.2 42.4
      vertex 4 -5.3 42.4
    endloop
  endfacet
  facet normal 0 0 1
    outer loop
      vertex 3.58232 -7.17262 42.4
      vertex 3.83032 -5.28888 42.4
      vertex 3.66354 -5.2557 42.4
    endloop
  endfacet
  facet normal 0 0 1
    outer loop
      vertex 3.83032 -5.28888 42.4
      vertex 3.58232 -7.17262 42.4
      vertex 4 -7.2 42.4
    endloop
  endfacet
  facet normal 0 0 1
    outer loop
      vertex 3.17178 -7.09096 42.4
      vertex 3.66354 -5.2557 42.4
      vertex 3.50251 -5.20104 42.4
    endloop
  endfacet
  facet normal 0 0 1
    outer loop
      vertex 2.77541 -6.95641 42.4
      vertex 3.50251 -5.20104 42.4
      vertex 3.35 -5.12583 42.4
    endloop
  endfacet
  facet normal 0 0 1
    outer loop
      vertex 2.4 -6.77128 42.4
      vertex 3.35 -5.12583 42.4
      vertex 3.20861 -5.03136 42.4
    endloop
  endfacet
  facet normal 0 0 1
    outer loop
      vertex 3.66354 -5.2557 42.4
      vertex 3.17178 -7.09096 42.4
      vertex 3.58232 -7.17262 42.4
    endloop
  endfacet
  facet normal 0 0 1
    outer loop
      vertex 2.4 -6.77128 42.4
      vertex 3.20861 -5.03136 42.4
      vertex 3.08076 -4.91924 42.4
    endloop
  endfacet
  facet normal 0 0 1
    outer loop
      vertex 2.4 -6.77128 42.4
      vertex 3.08076 -4.91924 42.4
      vertex 2.96864 -4.79139 42.4
    endloop
  endfacet
  facet normal 0 0 1
    outer loop
      vertex 2.4 -6.77128 42.4
      vertex 2.96864 -4.79139 42.4
      vertex 2.87417 -4.65 42.4
    endloop
  endfacet
  facet normal 0 0 1
    outer loop
      vertex 2.4 -6.77128 42.4
      vertex 2.87417 -4.65 42.4
      vertex 2.79896 -4.49749 42.4
    endloop
  endfacet
  facet normal 0 0 1
    outer loop
      vertex 3.50251 -5.20104 42.4
      vertex 2.77541 -6.95641 42.4
      vertex 3.17178 -7.09096 42.4
    endloop
  endfacet
  facet normal 0 0 1
    outer loop
      vertex 0 -3.35692 42.4
      vertex 2.79896 -4.49749 42.4
      vertex 2.7443 -4.33646 42.4
    endloop
  endfacet
  facet normal 0 0 1
    outer loop
      vertex 0 -3.35692 42.4
      vertex 2.7443 -4.33646 42.4
      vertex 2.71112 -4.16968 42.4
    endloop
  endfacet
  facet normal 0 0 1
    outer loop
      vertex 0 -3.35692 42.4
      vertex 2.71112 -4.16968 42.4
      vertex 2.7 -4 42.4
    endloop
  endfacet
  facet normal -0 0 1
    outer loop
      vertex 0.304489 -1.82619 42.4
      vertex 2.96864 -3.20861 42.4
      vertex 0.535904 -1.35692 42.4
    endloop
  endfacet
  facet normal 0 0 1
    outer loop
      vertex 3.35 -5.12583 42.4
      vertex 2.4 -6.77128 42.4
      vertex 2.77541 -6.95641 42.4
    endloop
  endfacet
  facet normal 0 0 1
    outer loop
      vertex 2.96864 -3.20861 42.4
      vertex 0.304489 -1.82619 42.4
      vertex 2.87417 -3.35 42.4
    endloop
  endfacet
  facet normal -0 0 1
    outer loop
      vertex 0.136292 -2.32164 42.4
      vertex 2.87417 -3.35 42.4
      vertex 0.304489 -1.82619 42.4
    endloop
  endfacet
  facet normal 0 0 1
    outer loop
      vertex 2.87417 -3.35 42.4
      vertex 0.136292 -2.32164 42.4
      vertex 2.79896 -3.50251 42.4
    endloop
  endfacet
  facet normal -0 0 1
    outer loop
      vertex 0.0342255 -2.83481 42.4
      vertex 2.79896 -3.50251 42.4
      vertex 0.136292 -2.32164 42.4
    endloop
  endfacet
  facet normal 0 0 1
    outer loop
      vertex 2.79896 -3.50251 42.4
      vertex 0.0342255 -2.83481 42.4
      vertex 2.7443 -3.66354 42.4
    endloop
  endfacet
  facet normal -0 0 1
    outer loop
      vertex 0 -3.35692 42.4
      vertex 2.7443 -3.66354 42.4
      vertex 0.0342255 -2.83481 42.4
    endloop
  endfacet
  facet normal 0 0 1
    outer loop
      vertex 2.7443 -3.66354 42.4
      vertex 0 -3.35692 42.4
      vertex 2.71112 -3.83032 42.4
    endloop
  endfacet
  facet normal 0 0 1
    outer loop
      vertex 2.71112 -3.83032 42.4
      vertex 0 -3.35692 42.4
      vertex 2.7 -4 42.4
    endloop
  endfacet
  facet normal 0 0 1
    outer loop
      vertex 2.79896 -4.49749 42.4
      vertex 0 -3.35692 42.4
      vertex 2.4 -6.77128 42.4
    endloop
  endfacet
  facet normal 0 0 1
    outer loop
      vertex 0 -25.09 42.4
      vertex 2.4 -6.77128 42.4
      vertex 0 -3.35692 42.4
    endloop
  endfacet
  facet normal 0 0 1
    outer loop
      vertex 2.4 -6.77128 42.4
      vertex 0 -25.09 42.4
      vertex 2.4 -25.09 42.4
    endloop
  endfacet
  facet normal 0 0 1
    outer loop
      vertex 121.8 -3.35692 42.4
      vertex 119.089 -3.83032 42.4
      vertex 119.1 -4 42.4
    endloop
  endfacet
  facet normal 0 0 1
    outer loop
      vertex 119.8 0.107174 42.4
      vertex 119.056 -3.66354 42.4
      vertex 119.089 -3.83032 42.4
    endloop
  endfacet
  facet normal 0 0 1
    outer loop
      vertex 119.8 0.107174 42.4
      vertex 119.001 -3.50251 42.4
      vertex 119.056 -3.66354 42.4
    endloop
  endfacet
  facet normal 0 0 1
    outer loop
      vertex 119.8 0.107174 42.4
      vertex 118.926 -3.35 42.4
      vertex 119.001 -3.50251 42.4
    endloop
  endfacet
  facet normal 0 0 1
    outer loop
      vertex 118.136 -2.7443 42.4
      vertex 119.331 0.338589 42.4
      vertex 118.835 0.506786 42.4
    endloop
  endfacet
  facet normal 0 0 1
    outer loop
      vertex 119.8 0.107174 42.4
      vertex 118.831 -3.20861 42.4
      vertex 118.926 -3.35 42.4
    endloop
  endfacet
  facet normal 0 0 1
    outer loop
      vertex 119.8 0.107174 42.4
      vertex 118.719 -3.08076 42.4
      vertex 118.831 -3.20861 42.4
    endloop
  endfacet
  facet normal 0 0 1
    outer loop
      vertex 119.8 0.107174 42.4
      vertex 118.591 -2.96864 42.4
      vertex 118.719 -3.08076 42.4
    endloop
  endfacet
  facet normal 0 0 1
    outer loop
      vertex 119.8 0.107174 42.4
      vertex 118.45 -2.87417 42.4
      vertex 118.591 -2.96864 42.4
    endloop
  endfacet
  facet normal 0 0 1
    outer loop
      vertex 117.97 -2.71112 42.4
      vertex 118.835 0.506786 42.4
      vertex 118.322 0.608852 42.4
    endloop
  endfacet
  facet normal 0 0 1
    outer loop
      vertex 119.8 0.107174 42.4
      vertex 118.297 -2.79896 42.4
      vertex 118.45 -2.87417 42.4
    endloop
  endfacet
  facet normal 0 0 1
    outer loop
      vertex 119.331 0.338589 42.4
      vertex 118.136 -2.7443 42.4
      vertex 118.297 -2.79896 42.4
    endloop
  endfacet
  facet normal 0 0 1
    outer loop
      vertex 118.835 0.506786 42.4
      vertex 117.97 -2.71112 42.4
      vertex 118.136 -2.7443 42.4
    endloop
  endfacet
  facet normal 0 0 1
    outer loop
      vertex 118.322 0.608852 42.4
      vertex 117.8 -2.7 42.4
      vertex 117.97 -2.71112 42.4
    endloop
  endfacet
  facet normal 0 0 1
    outer loop
      vertex 117.8 0.643078 42.4
      vertex 117.8 -2.7 42.4
      vertex 118.322 0.608852 42.4
    endloop
  endfacet
  facet normal 0 0 1
    outer loop
      vertex 117.8 0.643078 42.4
      vertex 117.63 -2.71112 42.4
      vertex 117.8 -2.7 42.4
    endloop
  endfacet
  facet normal 0 0 1
    outer loop
      vertex 117.8 0.643078 42.4
      vertex 117.464 -2.7443 42.4
      vertex 117.63 -2.71112 42.4
    endloop
  endfacet
  facet normal 0 0 1
    outer loop
      vertex 117.8 0.643078 42.4
      vertex 117.303 -2.79896 42.4
      vertex 117.464 -2.7443 42.4
    endloop
  endfacet
  facet normal -0 0 1
    outer loop
      vertex 115.029 -2.4 42.4
      vertex 117.303 -2.79896 42.4
      vertex 117.8 0.643078 42.4
    endloop
  endfacet
  facet normal 0 0 1
    outer loop
      vertex 117.303 -2.79896 42.4
      vertex 115.029 -2.4 42.4
      vertex 117.15 -2.87417 42.4
    endloop
  endfacet
  facet normal 0 0 1
    outer loop
      vertex 117.15 -2.87417 42.4
      vertex 115.029 -2.4 42.4
      vertex 117.009 -2.96864 42.4
    endloop
  endfacet
  facet normal 0 0 1
    outer loop
      vertex 117.009 -2.96864 42.4
      vertex 115.029 -2.4 42.4
      vertex 116.881 -3.08076 42.4
    endloop
  endfacet
  facet normal 0 0 1
    outer loop
      vertex 116.881 -3.08076 42.4
      vertex 115.029 -2.4 42.4
      vertex 116.769 -3.20861 42.4
    endloop
  endfacet
  facet normal 0 0 1
    outer loop
      vertex 116.769 -3.20861 42.4
      vertex 115.029 -2.4 42.4
      vertex 116.674 -3.35 42.4
    endloop
  endfacet
  facet normal 0 0 1
    outer loop
      vertex 116.674 -3.35 42.4
      vertex 115.029 -2.4 42.4
      vertex 116.599 -3.50251 42.4
    endloop
  endfacet
  facet normal -0 0 1
    outer loop
      vertex 114.709 -3.17178 42.4
      vertex 116.544 -3.66354 42.4
      vertex 114.844 -2.77541 42.4
    endloop
  endfacet
  facet normal 0 0 1
    outer loop
      vertex 116.5 -4 42.4
      vertex 115.852 -6.53873 42.4
      vertex 116.2 -6.77128 42.4
    endloop
  endfacet
  facet normal 0 0 1
    outer loop
      vertex 116.599 -3.50251 42.4
      vertex 114.844 -2.77541 42.4
      vertex 116.544 -3.66354 42.4
    endloop
  endfacet
  facet normal 0 0 1
    outer loop
      vertex 116.5 -4 42.4
      vertex 115.537 -6.26274 42.4
      vertex 115.852 -6.53873 42.4
    endloop
  endfacet
  facet normal -0 0 1
    outer loop
      vertex 114.844 -2.77541 42.4
      vertex 116.599 -3.50251 42.4
      vertex 115.029 -2.4 42.4
    endloop
  endfacet
  facet normal 0 0 1
    outer loop
      vertex 116.544 -3.66354 42.4
      vertex 114.709 -3.17178 42.4
      vertex 116.511 -3.83032 42.4
    endloop
  endfacet
  facet normal 0 0 1
    outer loop
      vertex 116.5 -4 42.4
      vertex 115.261 -5.94804 42.4
      vertex 115.537 -6.26274 42.4
    endloop
  endfacet
  facet normal 0 0 1
    outer loop
      vertex 117.8 0.643078 42.4
      vertex 6.77128 -2.4 42.4
      vertex 115.029 -2.4 42.4
    endloop
  endfacet
  facet normal -0 0 1
    outer loop
      vertex 5.2557 -4.33646 42.4
      vertex 7.09096 -4.82822 42.4
      vertex 5.28888 -4.16968 42.4
    endloop
  endfacet
  facet normal 0 0 1
    outer loop
      vertex 7.09096 -4.82822 42.4
      vertex 5.2557 -4.33646 42.4
      vertex 6.95641 -5.22459 42.4
    endloop
  endfacet
  facet normal -0 0 1
    outer loop
      vertex 5.20104 -4.49749 42.4
      vertex 6.95641 -5.22459 42.4
      vertex 5.2557 -4.33646 42.4
    endloop
  endfacet
  facet normal 0 0 1
    outer loop
      vertex 6.95641 -5.22459 42.4
      vertex 5.20104 -4.49749 42.4
      vertex 6.77128 -5.6 42.4
    endloop
  endfacet
  facet normal -0 0 1
    outer loop
      vertex 5.12583 -4.65 42.4
      vertex 6.77128 -5.6 42.4
      vertex 5.20104 -4.49749 42.4
    endloop
  endfacet
  facet normal 0 0 1
    outer loop
      vertex 7.17262 -3.58232 42.4
      vertex 5.28888 -3.83032 42.4
      vertex 5.3 -4 42.4
    endloop
  endfacet
  facet normal 0 0 1
    outer loop
      vertex 7.09096 -3.17178 42.4
      vertex 5.2557 -3.66354 42.4
      vertex 5.28888 -3.83032 42.4
    endloop
  endfacet
  facet normal 0 0 1
    outer loop
      vertex 6.95641 -2.77541 42.4
      vertex 5.20104 -3.50251 42.4
      vertex 5.2557 -3.66354 42.4
    endloop
  endfacet
  facet normal 0 0 1
    outer loop
      vertex 6.77128 -2.4 42.4
      vertex 5.12583 -3.35 42.4
      vertex 5.20104 -3.50251 42.4
    endloop
  endfacet
  facet normal 0 0 1
    outer loop
      vertex 6.77128 -2.4 42.4
      vertex 5.03136 -3.20861 42.4
      vertex 5.12583 -3.35 42.4
    endloop
  endfacet
  facet normal 0 0 1
    outer loop
      vertex 6.77128 -2.4 42.4
      vertex 4.91924 -3.08076 42.4
      vertex 5.03136 -3.20861 42.4
    endloop
  endfacet
  facet normal 0 0 1
    outer loop
      vertex 6.77128 -2.4 42.4
      vertex 4.79139 -2.96864 42.4
      vertex 4.91924 -3.08076 42.4
    endloop
  endfacet
  facet normal 0 0 1
    outer loop
      vertex 6.77128 -2.4 42.4
      vertex 4.65 -2.87417 42.4
      vertex 4.79139 -2.96864 42.4
    endloop
  endfacet
  facet normal 0 0 1
    outer loop
      vertex 6.77128 -2.4 42.4
      vertex 4.49749 -2.79896 42.4
      vertex 4.65 -2.87417 42.4
    endloop
  endfacet
  facet normal 0 0 1
    outer loop
      vertex 4 0.643078 42.4
      vertex 4.49749 -2.79896 42.4
      vertex 6.77128 -2.4 42.4
    endloop
  endfacet
  facet normal 0 0 1
    outer loop
      vertex 4.49749 -2.79896 42.4
      vertex 4 0.643078 42.4
      vertex 4.33646 -2.7443 42.4
    endloop
  endfacet
  facet normal -0 0 1
    outer loop
      vertex 4 0.643078 42.4
      vertex 6.77128 -2.4 42.4
      vertex 117.8 0.643078 42.4
    endloop
  endfacet
  facet normal 0 0 1
    outer loop
      vertex 4.33646 -2.7443 42.4
      vertex 4 0.643078 42.4
      vertex 4.16968 -2.71112 42.4
    endloop
  endfacet
  facet normal 0 0 1
    outer loop
      vertex 4 0.643078 42.4
      vertex 4 -2.7 42.4
      vertex 4.16968 -2.71112 42.4
    endloop
  endfacet
  facet normal -0 0 1
    outer loop
      vertex 3.47789 0.608852 42.4
      vertex 4 -2.7 42.4
      vertex 4 0.643078 42.4
    endloop
  endfacet
  facet normal 0 0 1
    outer loop
      vertex 4 -2.7 42.4
      vertex 3.47789 0.608852 42.4
      vertex 3.83032 -2.71112 42.4
    endloop
  endfacet
  facet normal -0 0 1
    outer loop
      vertex 2.96472 0.506786 42.4
      vertex 3.83032 -2.71112 42.4
      vertex 3.47789 0.608852 42.4
    endloop
  endfacet
  facet normal 0 0 1
    outer loop
      vertex 3.83032 -2.71112 42.4
      vertex 2.96472 0.506786 42.4
      vertex 3.66354 -2.7443 42.4
    endloop
  endfacet
  facet normal -0 0 1
    outer loop
      vertex 2.46927 0.338589 42.4
      vertex 3.66354 -2.7443 42.4
      vertex 2.96472 0.506786 42.4
    endloop
  endfacet
  facet normal 0 0 1
    outer loop
      vertex 3.66354 -2.7443 42.4
      vertex 2.46927 0.338589 42.4
      vertex 3.50251 -2.79896 42.4
    endloop
  endfacet
  facet normal -0 0 1
    outer loop
      vertex 2 0.107174 42.4
      vertex 3.50251 -2.79896 42.4
      vertex 2.46927 0.338589 42.4
    endloop
  endfacet
  facet normal 0 0 1
    outer loop
      vertex 3.50251 -2.79896 42.4
      vertex 2 0.107174 42.4
      vertex 3.35 -2.87417 42.4
    endloop
  endfacet
  facet normal -0 0 1
    outer loop
      vertex 1.56496 -0.183505 42.4
      vertex 3.35 -2.87417 42.4
      vertex 2 0.107174 42.4
    endloop
  endfacet
  facet normal -0 0 1
    outer loop
      vertex 1.17157 -0.528491 42.4
      vertex 3.35 -2.87417 42.4
      vertex 1.56496 -0.183505 42.4
    endloop
  endfacet
  facet normal 0 0 1
    outer loop
      vertex 3.35 -2.87417 42.4
      vertex 1.17157 -0.528491 42.4
      vertex 3.20861 -2.96864 42.4
    endloop
  endfacet
  facet normal -0 0 1
    outer loop
      vertex 0.826584 -0.921878 42.4
      vertex 3.20861 -2.96864 42.4
      vertex 1.17157 -0.528491 42.4
    endloop
  endfacet
  facet normal 0 0 1
    outer loop
      vertex 3.20861 -2.96864 42.4
      vertex 0.826584 -0.921878 42.4
      vertex 3.08076 -3.08076 42.4
    endloop
  endfacet
  facet normal -0 0 1
    outer loop
      vertex 0.535904 -1.35692 42.4
      vertex 3.08076 -3.08076 42.4
      vertex 0.826584 -0.921878 42.4
    endloop
  endfacet
  facet normal 0 0 1
    outer loop
      vertex 3.08076 -3.08076 42.4
      vertex 0.535904 -1.35692 42.4
      vertex 2.96864 -3.20861 42.4
    endloop
  endfacet
  facet normal 0 0 1
    outer loop
      vertex 119.089 -3.83032 42.4
      vertex 121.8 -3.35692 42.4
      vertex 121.766 -2.83481 42.4
    endloop
  endfacet
  facet normal 0 0 1
    outer loop
      vertex 121.8 -3.35692 42.4
      vertex 119.4 -6.77129 42.4
      vertex 121.8 -70.68 42.4
    endloop
  endfacet
  facet normal 0 0 1
    outer loop
      vertex 119.089 -3.83032 42.4
      vertex 121.766 -2.83481 42.4
      vertex 121.664 -2.32164 42.4
    endloop
  endfacet
  facet normal -0 0 1
    outer loop
      vertex 119.4 -67.9087 42.4
      vertex 121.8 -70.68 42.4
      vertex 119.4 -6.77129 42.4
    endloop
  endfacet
  facet normal 0 0 1
    outer loop
      vertex 119.089 -3.83032 42.4
      vertex 121.664 -2.32164 42.4
      vertex 121.495 -1.82619 42.4
    endloop
  endfacet
  facet normal -0 0 1
    outer loop
      vertex 119.001 -70.1825 42.4
      vertex 121.8 -70.68 42.4
      vertex 119.4 -67.9087 42.4
    endloop
  endfacet
  facet normal 0 0 1
    outer loop
      vertex 119.089 -3.83032 42.4
      vertex 121.495 -1.82619 42.4
      vertex 121.264 -1.35692 42.4
    endloop
  endfacet
  facet normal -0 -0 1
    outer loop
      vertex 119.056 -70.3435 42.4
      vertex 121.8 -70.68 42.4
      vertex 119.001 -70.1825 42.4
    endloop
  endfacet
  facet normal 0 0 1
    outer loop
      vertex 119.089 -3.83032 42.4
      vertex 121.264 -1.35692 42.4
      vertex 120.973 -0.921878 42.4
    endloop
  endfacet
  facet normal -0 -0 1
    outer loop
      vertex 119.089 -70.5103 42.4
      vertex 121.8 -70.68 42.4
      vertex 119.056 -70.3435 42.4
    endloop
  endfacet
  facet normal 0 0 1
    outer loop
      vertex 119.089 -3.83032 42.4
      vertex 120.973 -0.921878 42.4
      vertex 120.628 -0.528491 42.4
    endloop
  endfacet
  facet normal 0 0 1
    outer loop
      vertex 121.8 -70.68 42.4
      vertex 119.1 -70.68 42.4
      vertex 121.766 -71.2021 42.4
    endloop
  endfacet
  facet normal 0 0 1
    outer loop
      vertex 119.089 -3.83032 42.4
      vertex 120.628 -0.528491 42.4
      vertex 120.235 -0.183505 42.4
    endloop
  endfacet
  facet normal -0 0 1
    outer loop
      vertex 119.089 -70.8497 42.4
      vertex 121.766 -71.2021 42.4
      vertex 119.1 -70.68 42.4
    endloop
  endfacet
  facet normal 0 0 1
    outer loop
      vertex 119.089 -3.83032 42.4
      vertex 120.235 -0.183505 42.4
      vertex 119.8 0.107174 42.4
    endloop
  endfacet
  facet normal -0 0 1
    outer loop
      vertex 119.056 -71.0165 42.4
      vertex 121.664 -71.7153 42.4
      vertex 119.089 -70.8497 42.4
    endloop
  endfacet
  facet normal 0 0 1
    outer loop
      vertex 121.664 -71.7153 42.4
      vertex 119.056 -71.0165 42.4
      vertex 121.495 -72.2107 42.4
    endloop
  endfacet
  facet normal 0 0 1
    outer loop
      vertex 118.297 -2.79896 42.4
      vertex 119.8 0.107174 42.4
      vertex 119.331 0.338589 42.4
    endloop
  endfacet
  facet normal 0 0 1
    outer loop
      vertex 121.8 -3.35692 42.4
      vertex 119.1 -4 42.4
      vertex 119.089 -4.16968 42.4
    endloop
  endfacet
  facet normal 0 0 1
    outer loop
      vertex 121.8 -3.35692 42.4
      vertex 119.089 -4.16968 42.4
      vertex 119.056 -4.33646 42.4
    endloop
  endfacet
  facet normal 0 0 1
    outer loop
      vertex 121.8 -3.35692 42.4
      vertex 119.056 -4.33646 42.4
      vertex 119.001 -4.49749 42.4
    endloop
  endfacet
  facet normal 0 0 1
    outer loop
      vertex 121.8 -3.35692 42.4
      vertex 119.001 -4.49749 42.4
      vertex 119.4 -6.77129 42.4
    endloop
  endfacet
  facet normal -0 0 1
    outer loop
      vertex 118.926 -4.65 42.4
      vertex 119.4 -6.77129 42.4
      vertex 119.001 -4.49749 42.4
    endloop
  endfacet
  facet normal -0 0 1
    outer loop
      vertex 118.831 -4.79139 42.4
      vertex 119.4 -6.77129 42.4
      vertex 118.926 -4.65 42.4
    endloop
  endfacet
  facet normal -0 0 1
    outer loop
      vertex 118.719 -4.91924 42.4
      vertex 119.4 -6.77129 42.4
      vertex 118.831 -4.79139 42.4
    endloop
  endfacet
  facet normal -0 0 1
    outer loop
      vertex 118.591 -5.03136 42.4
      vertex 119.4 -6.77129 42.4
      vertex 118.719 -4.91924 42.4
    endloop
  endfacet
  facet normal -0 0 1
    outer loop
      vertex 118.45 -5.12583 42.4
      vertex 119.4 -6.77129 42.4
      vertex 118.591 -5.03136 42.4
    endloop
  endfacet
  facet normal 0 0 1
    outer loop
      vertex 119.4 -6.77129 42.4
      vertex 118.45 -5.12583 42.4
      vertex 119.025 -6.95641 42.4
    endloop
  endfacet
  facet normal -0 0 1
    outer loop
      vertex 118.297 -5.20104 42.4
      vertex 119.025 -6.95641 42.4
      vertex 118.45 -5.12583 42.4
    endloop
  endfacet
  facet normal 0 0 1
    outer loop
      vertex 119.025 -6.95641 42.4
      vertex 118.297 -5.20104 42.4
      vertex 118.628 -7.09096 42.4
    endloop
  endfacet
  facet normal -0 0 1
    outer loop
      vertex 118.136 -5.2557 42.4
      vertex 118.628 -7.09096 42.4
      vertex 118.297 -5.20104 42.4
    endloop
  endfacet
  facet normal 0 0 1
    outer loop
      vertex 118.628 -7.09096 42.4
      vertex 118.136 -5.2557 42.4
      vertex 118.218 -7.17262 42.4
    endloop
  endfacet
  facet normal -0 0 1
    outer loop
      vertex 117.97 -5.28888 42.4
      vertex 118.218 -7.17262 42.4
      vertex 118.136 -5.2557 42.4
    endloop
  endfacet
  facet normal -0 0 1
    outer loop
      vertex 117.8 -5.3 42.4
      vertex 118.218 -7.17262 42.4
      vertex 117.97 -5.28888 42.4
    endloop
  endfacet
  facet normal 0 0 1
    outer loop
      vertex 117.8 -5.3 42.4
      vertex 117.8 -7.2 42.4
      vertex 118.218 -7.17262 42.4
    endloop
  endfacet
  facet normal 0 0 1
    outer loop
      vertex 117.63 -5.28888 42.4
      vertex 117.8 -7.2 42.4
      vertex 117.8 -5.3 42.4
    endloop
  endfacet
  facet normal 0 0 1
    outer loop
      vertex 117.382 -7.17262 42.4
      vertex 117.63 -5.28888 42.4
      vertex 117.464 -5.2557 42.4
    endloop
  endfacet
  facet normal 0 0 1
    outer loop
      vertex 117.63 -5.28888 42.4
      vertex 117.382 -7.17262 42.4
      vertex 117.8 -7.2 42.4
    endloop
  endfacet
  facet normal 0 0 1
    outer loop
      vertex 116.972 -7.09096 42.4
      vertex 117.464 -5.2557 42.4
      vertex 117.303 -5.20104 42.4
    endloop
  endfacet
  facet normal 0 0 1
    outer loop
      vertex 116.575 -6.95641 42.4
      vertex 117.303 -5.20104 42.4
      vertex 117.15 -5.12583 42.4
    endloop
  endfacet
  facet normal 0 0 1
    outer loop
      vertex 116.2 -6.77128 42.4
      vertex 117.15 -5.12583 42.4
      vertex 117.009 -5.03136 42.4
    endloop
  endfacet
  facet normal 0 0 1
    outer loop
      vertex 117.464 -5.2557 42.4
      vertex 116.972 -7.09096 42.4
      vertex 117.382 -7.17262 42.4
    endloop
  endfacet
  facet normal 0 0 1
    outer loop
      vertex 116.2 -6.77128 42.4
      vertex 117.009 -5.03136 42.4
      vertex 116.881 -4.91924 42.4
    endloop
  endfacet
  facet normal 0 0 1
    outer loop
      vertex 116.2 -6.77128 42.4
      vertex 116.881 -4.91924 42.4
      vertex 116.769 -4.79139 42.4
    endloop
  endfacet
  facet normal 0 0 1
    outer loop
      vertex 116.2 -6.77128 42.4
      vertex 116.769 -4.79139 42.4
      vertex 116.674 -4.65 42.4
    endloop
  endfacet
  facet normal 0 0 1
    outer loop
      vertex 116.2 -6.77128 42.4
      vertex 116.674 -4.65 42.4
      vertex 116.599 -4.49749 42.4
    endloop
  endfacet
  facet normal 0 0 1
    outer loop
      vertex 117.303 -5.20104 42.4
      vertex 116.575 -6.95641 42.4
      vertex 116.972 -7.09096 42.4
    endloop
  endfacet
  facet normal 0 0 1
    outer loop
      vertex 116.2 -6.77128 42.4
      vertex 116.599 -4.49749 42.4
      vertex 116.544 -4.33646 42.4
    endloop
  endfacet
  facet normal 0 0 1
    outer loop
      vertex 116.2 -6.77128 42.4
      vertex 116.544 -4.33646 42.4
      vertex 116.511 -4.16968 42.4
    endloop
  endfacet
  facet normal 0 0 1
    outer loop
      vertex 116.2 -6.77128 42.4
      vertex 116.511 -4.16968 42.4
      vertex 116.5 -4 42.4
    endloop
  endfacet
  facet normal 0 0 1
    outer loop
      vertex 117.15 -5.12583 42.4
      vertex 116.2 -6.77128 42.4
      vertex 116.575 -6.95641 42.4
    endloop
  endfacet
  facet normal -0 0 1
    outer loop
      vertex 119.001 -71.1775 42.4
      vertex 121.495 -72.2107 42.4
      vertex 119.056 -71.0165 42.4
    endloop
  endfacet
  facet normal -0 0 1
    outer loop
      vertex 118.926 -71.33 42.4
      vertex 121.264 -72.68 42.4
      vertex 119.001 -71.1775 42.4
    endloop
  endfacet
  facet normal 0 0 1
    outer loop
      vertex 121.264 -72.68 42.4
      vertex 118.926 -71.33 42.4
      vertex 120.973 -73.115 42.4
    endloop
  endfacet
  facet normal 0 0 1
    outer loop
      vertex 121.495 -72.2107 42.4
      vertex 119.001 -71.1775 42.4
      vertex 121.264 -72.68 42.4
    endloop
  endfacet
  facet normal 0 0 1
    outer loop
      vertex 121.766 -71.2021 42.4
      vertex 119.089 -70.8497 42.4
      vertex 121.664 -71.7153 42.4
    endloop
  endfacet
  facet normal 0 0 1
    outer loop
      vertex 118.45 -69.5542 42.4
      vertex 119.4 -67.9087 42.4
      vertex 119.025 -67.7236 42.4
    endloop
  endfacet
  facet normal 0 -0 1
    outer loop
      vertex 119.1 -70.68 42.4
      vertex 121.8 -70.68 42.4
      vertex 119.089 -70.5103 42.4
    endloop
  endfacet
  facet normal 0 0 1
    outer loop
      vertex 119.4 -67.9087 42.4
      vertex 118.926 -70.03 42.4
      vertex 119.001 -70.1825 42.4
    endloop
  endfacet
  facet normal 0 0 1
    outer loop
      vertex 119.4 -67.9087 42.4
      vertex 118.831 -69.8886 42.4
      vertex 118.926 -70.03 42.4
    endloop
  endfacet
  facet normal 0 0 1
    outer loop
      vertex 119.4 -67.9087 42.4
      vertex 118.719 -69.7608 42.4
      vertex 118.831 -69.8886 42.4
    endloop
  endfacet
  facet normal 0 0 1
    outer loop
      vertex 118.297 -69.479 42.4
      vertex 119.025 -67.7236 42.4
      vertex 118.628 -67.589 42.4
    endloop
  endfacet
  facet normal 0 0 1
    outer loop
      vertex 119.4 -67.9087 42.4
      vertex 118.591 -69.6486 42.4
      vertex 118.719 -69.7608 42.4
    endloop
  endfacet
  facet normal 0 0 1
    outer loop
      vertex 119.4 -67.9087 42.4
      vertex 118.45 -69.5542 42.4
      vertex 118.591 -69.6486 42.4
    endloop
  endfacet
  facet normal 0 0 1
    outer loop
      vertex 119.025 -67.7236 42.4
      vertex 118.297 -69.479 42.4
      vertex 118.45 -69.5542 42.4
    endloop
  endfacet
  facet normal 0 0 1
    outer loop
      vertex 118.136 -69.4243 42.4
      vertex 118.628 -67.589 42.4
      vertex 118.218 -67.5074 42.4
    endloop
  endfacet
  facet normal 0 0 1
    outer loop
      vertex 118.628 -67.589 42.4
      vertex 118.136 -69.4243 42.4
      vertex 118.297 -69.479 42.4
    endloop
  endfacet
  facet normal 0 0 1
    outer loop
      vertex 118.218 -67.5074 42.4
      vertex 117.97 -69.3911 42.4
      vertex 118.136 -69.4243 42.4
    endloop
  endfacet
  facet normal 0 0 1
    outer loop
      vertex 117.8 -67.48 42.4
      vertex 117.97 -69.3911 42.4
      vertex 118.218 -67.5074 42.4
    endloop
  endfacet
  facet normal 0 0 1
    outer loop
      vertex 117.8 -67.48 42.4
      vertex 117.8 -69.38 42.4
      vertex 117.97 -69.3911 42.4
    endloop
  endfacet
  facet normal 0 0 1
    outer loop
      vertex 117.8 -67.48 42.4
      vertex 117.63 -69.3911 42.4
      vertex 117.8 -69.38 42.4
    endloop
  endfacet
  facet normal -0 0 1
    outer loop
      vertex 117.382 -67.5074 42.4
      vertex 117.63 -69.3911 42.4
      vertex 117.8 -67.48 42.4
    endloop
  endfacet
  facet normal 0 0 1
    outer loop
      vertex 117.63 -69.3911 42.4
      vertex 117.382 -67.5074 42.4
      vertex 117.464 -69.4243 42.4
    endloop
  endfacet
  facet normal -0 0 1
    outer loop
      vertex 116.972 -67.589 42.4
      vertex 117.464 -69.4243 42.4
      vertex 117.382 -67.5074 42.4
    endloop
  endfacet
  facet normal 0 0 1
    outer loop
      vertex 117.464 -69.4243 42.4
      vertex 116.972 -67.589 42.4
      vertex 117.303 -69.479 42.4
    endloop
  endfacet
  facet normal -0 0 1
    outer loop
      vertex 116.575 -67.7236 42.4
      vertex 117.303 -69.479 42.4
      vertex 116.972 -67.589 42.4
    endloop
  endfacet
  facet normal 0 0 1
    outer loop
      vertex 117.303 -69.479 42.4
      vertex 116.575 -67.7236 42.4
      vertex 117.15 -69.5542 42.4
    endloop
  endfacet
  facet normal -0 0 1
    outer loop
      vertex 116.2 -67.9087 42.4
      vertex 117.15 -69.5542 42.4
      vertex 116.575 -67.7236 42.4
    endloop
  endfacet
  facet normal 0 0 1
    outer loop
      vertex 117.15 -69.5542 42.4
      vertex 116.2 -67.9087 42.4
      vertex 117.009 -69.6486 42.4
    endloop
  endfacet
  facet normal -0 0 1
    outer loop
      vertex 115.852 -68.1413 42.4
      vertex 117.009 -69.6486 42.4
      vertex 116.2 -67.9087 42.4
    endloop
  endfacet
  facet normal 0 0 1
    outer loop
      vertex 117.009 -69.6486 42.4
      vertex 115.852 -68.1413 42.4
      vertex 116.881 -69.7608 42.4
    endloop
  endfacet
  facet normal -0 0 1
    outer loop
      vertex 115.537 -68.4173 42.4
      vertex 116.881 -69.7608 42.4
      vertex 115.852 -68.1413 42.4
    endloop
  endfacet
  facet normal 0 0 1
    outer loop
      vertex 116.881 -69.7608 42.4
      vertex 115.537 -68.4173 42.4
      vertex 116.769 -69.8886 42.4
    endloop
  endfacet
  facet normal -0 0 1
    outer loop
      vertex 115.261 -68.732 42.4
      vertex 116.769 -69.8886 42.4
      vertex 115.537 -68.4173 42.4
    endloop
  endfacet
  facet normal 0 0 1
    outer loop
      vertex 116.769 -69.8886 42.4
      vertex 115.261 -68.732 42.4
      vertex 116.674 -70.03 42.4
    endloop
  endfacet
  facet normal -0 0 1
    outer loop
      vertex 115.029 -69.08 42.4
      vertex 116.674 -70.03 42.4
      vertex 115.261 -68.732 42.4
    endloop
  endfacet
  facet normal -0 0 1
    outer loop
      vertex 118.831 -71.4714 42.4
      vertex 120.973 -73.115 42.4
      vertex 118.926 -71.33 42.4
    endloop
  endfacet
  facet normal 0 0 1
    outer loop
      vertex 120.973 -73.115 42.4
      vertex 118.831 -71.4714 42.4
      vertex 120.628 -73.5084 42.4
    endloop
  endfacet
  facet normal -0 0 1
    outer loop
      vertex 118.719 -71.5992 42.4
      vertex 120.628 -73.5084 42.4
      vertex 118.831 -71.4714 42.4
    endloop
  endfacet
  facet normal 0 0 1
    outer loop
      vertex 120.628 -73.5084 42.4
      vertex 118.719 -71.5992 42.4
      vertex 120.235 -73.8534 42.4
    endloop
  endfacet
  facet normal -0 0 1
    outer loop
      vertex 118.591 -71.7114 42.4
      vertex 120.235 -73.8534 42.4
      vertex 118.719 -71.5992 42.4
    endloop
  endfacet
  facet normal 0 0 1
    outer loop
      vertex 120.235 -73.8534 42.4
      vertex 118.591 -71.7114 42.4
      vertex 119.8 -74.1441 42.4
    endloop
  endfacet
  facet normal -0 0 1
    outer loop
      vertex 118.45 -71.8058 42.4
      vertex 119.8 -74.1441 42.4
      vertex 118.591 -71.7114 42.4
    endloop
  endfacet
  facet normal 0 0 1
    outer loop
      vertex 119.8 -74.1441 42.4
      vertex 118.45 -71.8058 42.4
      vertex 119.331 -74.3755 42.4
    endloop
  endfacet
  facet normal -0 0 1
    outer loop
      vertex 118.297 -71.881 42.4
      vertex 119.331 -74.3755 42.4
      vertex 118.45 -71.8058 42.4
    endloop
  endfacet
  facet normal 0 0 1
    outer loop
      vertex 119.331 -74.3755 42.4
      vertex 118.297 -71.881 42.4
      vertex 118.835 -74.5437 42.4
    endloop
  endfacet
  facet normal -0 0 1
    outer loop
      vertex 118.136 -71.9357 42.4
      vertex 118.835 -74.5437 42.4
      vertex 118.297 -71.881 42.4
    endloop
  endfacet
  facet normal 0 0 1
    outer loop
      vertex 118.835 -74.5437 42.4
      vertex 118.136 -71.9357 42.4
      vertex 118.322 -74.6458 42.4
    endloop
  endfacet
  facet normal -0 0 1
    outer loop
      vertex 117.97 -71.9689 42.4
      vertex 118.322 -74.6458 42.4
      vertex 118.136 -71.9357 42.4
    endloop
  endfacet
  facet normal -0 0 1
    outer loop
      vertex 117.8 -71.98 42.4
      vertex 118.322 -74.6458 42.4
      vertex 117.97 -71.9689 42.4
    endloop
  endfacet
  facet normal 0 0 1
    outer loop
      vertex 117.8 -71.98 42.4
      vertex 117.8 -74.68 42.4
      vertex 118.322 -74.6458 42.4
    endloop
  endfacet
  facet normal 0 0 1
    outer loop
      vertex 117.63 -71.9689 42.4
      vertex 117.8 -74.68 42.4
      vertex 117.8 -71.98 42.4
    endloop
  endfacet
  facet normal 0 0 1
    outer loop
      vertex 117.464 -71.9357 42.4
      vertex 117.8 -74.68 42.4
      vertex 117.63 -71.9689 42.4
    endloop
  endfacet
  facet normal 0 0 1
    outer loop
      vertex 117.303 -71.881 42.4
      vertex 117.8 -74.68 42.4
      vertex 117.464 -71.9357 42.4
    endloop
  endfacet
  facet normal 0 0 1
    outer loop
      vertex 117.15 -71.8058 42.4
      vertex 117.8 -74.68 42.4
      vertex 117.303 -71.881 42.4
    endloop
  endfacet
  facet normal 0 0 1
    outer loop
      vertex 115.029 -72.28 42.4
      vertex 117.15 -71.8058 42.4
      vertex 117.009 -71.7114 42.4
    endloop
  endfacet
  facet normal 0 0 1
    outer loop
      vertex 115.029 -72.28 42.4
      vertex 117.009 -71.7114 42.4
      vertex 116.881 -71.5992 42.4
    endloop
  endfacet
  facet normal 0 0 1
    outer loop
      vertex 115.029 -72.28 42.4
      vertex 116.881 -71.5992 42.4
      vertex 116.769 -71.4714 42.4
    endloop
  endfacet
  facet normal 0 0 1
    outer loop
      vertex 115.029 -72.28 42.4
      vertex 116.769 -71.4714 42.4
      vertex 116.674 -71.33 42.4
    endloop
  endfacet
  facet normal 0 0 1
    outer loop
      vertex 115.029 -72.28 42.4
      vertex 116.674 -71.33 42.4
      vertex 116.599 -71.1775 42.4
    endloop
  endfacet
  facet normal 0 0 1
    outer loop
      vertex 116.674 -70.03 42.4
      vertex 115.029 -69.08 42.4
      vertex 116.599 -70.1825 42.4
    endloop
  endfacet
  facet normal -0 0 1
    outer loop
      vertex 114.844 -69.4554 42.4
      vertex 116.599 -70.1825 42.4
      vertex 115.029 -69.08 42.4
    endloop
  endfacet
  facet normal 0 0 1
    outer loop
      vertex 116.599 -70.1825 42.4
      vertex 114.844 -69.4554 42.4
      vertex 116.544 -70.3435 42.4
    endloop
  endfacet
  facet normal -0 0 1
    outer loop
      vertex 114.709 -69.8518 42.4
      vertex 116.544 -70.3435 42.4
      vertex 114.844 -69.4554 42.4
    endloop
  endfacet
  facet normal 0 0 1
    outer loop
      vertex 116.544 -70.3435 42.4
      vertex 114.709 -69.8518 42.4
      vertex 116.511 -70.5103 42.4
    endloop
  endfacet
  facet normal 0 0 1
    outer loop
      vertex 116.5 -70.68 42.4
      vertex 115.029 -72.28 42.4
      vertex 116.511 -70.8497 42.4
    endloop
  endfacet
  facet normal 0 0 1
    outer loop
      vertex 116.511 -70.8497 42.4
      vertex 115.029 -72.28 42.4
      vertex 116.544 -71.0165 42.4
    endloop
  endfacet
  facet normal 0 0 1
    outer loop
      vertex 116.544 -71.0165 42.4
      vertex 115.029 -72.28 42.4
      vertex 116.599 -71.1775 42.4
    endloop
  endfacet
  facet normal 0 0 1
    outer loop
      vertex 117.15 -71.8058 42.4
      vertex 115.029 -72.28 42.4
      vertex 117.8 -74.68 42.4
    endloop
  endfacet
  facet normal -0 0 1
    outer loop
      vertex 6.77129 -72.28 42.4
      vertex 117.8 -74.68 42.4
      vertex 115.029 -72.28 42.4
    endloop
  endfacet
  facet normal 0 0 1
    outer loop
      vertex 5.28888 -70.5103 42.4
      vertex 6.77128 -69.08 42.4
      vertex 6.53873 -68.732 42.4
    endloop
  endfacet
  facet normal 0 0 1
    outer loop
      vertex 5.28888 -70.5103 42.4
      vertex 6.53873 -68.732 42.4
      vertex 6.26274 -68.4173 42.4
    endloop
  endfacet
  facet normal 0 0 1
    outer loop
      vertex 5.28888 -70.5103 42.4
      vertex 6.26274 -68.4173 42.4
      vertex 5.94804 -68.1413 42.4
    endloop
  endfacet
  facet normal 0 0 1
    outer loop
      vertex 4.79139 -69.6486 42.4
      vertex 5.94804 -68.1413 42.4
      vertex 5.6 -67.9087 42.4
    endloop
  endfacet
  facet normal -0 0 1
    outer loop
      vertex 5.2557 -71.0165 42.4
      vertex 7.09096 -71.5082 42.4
      vertex 5.28888 -70.8497 42.4
    endloop
  endfacet
  facet normal 0 0 1
    outer loop
      vertex 7.09096 -71.5082 42.4
      vertex 5.2557 -71.0165 42.4
      vertex 6.95641 -71.9046 42.4
    endloop
  endfacet
  facet normal -0 0 1
    outer loop
      vertex 5.20104 -71.1775 42.4
      vertex 6.95641 -71.9046 42.4
      vertex 5.2557 -71.0165 42.4
    endloop
  endfacet
  facet normal 0 0 1
    outer loop
      vertex 6.95641 -71.9046 42.4
      vertex 5.20104 -71.1775 42.4
      vertex 6.77129 -72.28 42.4
    endloop
  endfacet
  facet normal -0 0 1
    outer loop
      vertex 5.12583 -71.33 42.4
      vertex 6.77129 -72.28 42.4
      vertex 5.20104 -71.1775 42.4
    endloop
  endfacet
  facet normal -0 0 1
    outer loop
      vertex 5.03136 -71.4714 42.4
      vertex 6.77129 -72.28 42.4
      vertex 5.12583 -71.33 42.4
    endloop
  endfacet
  facet normal -0 0 1
    outer loop
      vertex 4.91924 -71.5992 42.4
      vertex 6.77129 -72.28 42.4
      vertex 5.03136 -71.4714 42.4
    endloop
  endfacet
  facet normal -0 0 1
    outer loop
      vertex 4.79139 -71.7114 42.4
      vertex 6.77129 -72.28 42.4
      vertex 4.91924 -71.5992 42.4
    endloop
  endfacet
  facet normal -0 0 1
    outer loop
      vertex 4.65 -71.8058 42.4
      vertex 6.77129 -72.28 42.4
      vertex 4.79139 -71.7114 42.4
    endloop
  endfacet
  facet normal -0 0 1
    outer loop
      vertex 4.49749 -71.881 42.4
      vertex 6.77129 -72.28 42.4
      vertex 4.65 -71.8058 42.4
    endloop
  endfacet
  facet normal 0 0 1
    outer loop
      vertex 4 -74.68 42.4
      vertex 4.49749 -71.881 42.4
      vertex 4.33646 -71.9357 42.4
    endloop
  endfacet
  facet normal 0 0 1
    outer loop
      vertex 4 -74.68 42.4
      vertex 4.33646 -71.9357 42.4
      vertex 4.16968 -71.9689 42.4
    endloop
  endfacet
  facet normal 0 0 1
    outer loop
      vertex 4 -74.68 42.4
      vertex 4.16968 -71.9689 42.4
      vertex 4 -71.98 42.4
    endloop
  endfacet
  facet normal 0 0 1
    outer loop
      vertex 6.77129 -72.28 42.4
      vertex 4 -74.68 42.4
      vertex 117.8 -74.68 42.4
    endloop
  endfacet
  facet normal 0 0 1
    outer loop
      vertex 4.49749 -71.881 42.4
      vertex 4 -74.68 42.4
      vertex 6.77129 -72.28 42.4
    endloop
  endfacet
  facet normal 0 0 1
    outer loop
      vertex 3.83032 -71.9689 42.4
      vertex 4 -74.68 42.4
      vertex 4 -71.98 42.4
    endloop
  endfacet
  facet normal 0 0 1
    outer loop
      vertex 3.47789 -74.6458 42.4
      vertex 3.83032 -71.9689 42.4
      vertex 3.66354 -71.9357 42.4
    endloop
  endfacet
  facet normal 0 0 1
    outer loop
      vertex 2.96472 -74.5437 42.4
      vertex 3.66354 -71.9357 42.4
      vertex 3.50251 -71.881 42.4
    endloop
  endfacet
  facet normal 0 0 1
    outer loop
      vertex 3.83032 -71.9689 42.4
      vertex 3.47789 -74.6458 42.4
      vertex 4 -74.68 42.4
    endloop
  endfacet
  facet normal 0 0 1
    outer loop
      vertex 2.46927 -74.3755 42.4
      vertex 3.50251 -71.881 42.4
      vertex 3.35 -71.8058 42.4
    endloop
  endfacet
  facet normal 0 0 1
    outer loop
      vertex 2.46927 -74.3755 42.4
      vertex 3.35 -71.8058 42.4
      vertex 3.20861 -71.7114 42.4
    endloop
  endfacet
  facet normal 0 0 1
    outer loop
      vertex 2.46927 -74.3755 42.4
      vertex 3.20861 -71.7114 42.4
      vertex 3.08076 -71.5992 42.4
    endloop
  endfacet
  facet normal 0 0 1
    outer loop
      vertex 2.46927 -74.3755 42.4
      vertex 3.08076 -71.5992 42.4
      vertex 2.96864 -71.4714 42.4
    endloop
  endfacet
  facet normal 0 0 1
    outer loop
      vertex 3.66354 -71.9357 42.4
      vertex 2.96472 -74.5437 42.4
      vertex 3.47789 -74.6458 42.4
    endloop
  endfacet
  facet normal 0 0 1
    outer loop
      vertex 2.46927 -74.3755 42.4
      vertex 2.96864 -71.4714 42.4
      vertex 2.87417 -71.33 42.4
    endloop
  endfacet
  facet normal 0 0 1
    outer loop
      vertex 2.46927 -74.3755 42.4
      vertex 2.87417 -71.33 42.4
      vertex 2.79896 -71.1775 42.4
    endloop
  endfacet
  facet normal 0 0 1
    outer loop
      vertex 2.46927 -74.3755 42.4
      vertex 2.79896 -71.1775 42.4
      vertex 2.7443 -71.0165 42.4
    endloop
  endfacet
  facet normal 0 0 1
    outer loop
      vertex 2.46927 -74.3755 42.4
      vertex 2.7443 -71.0165 42.4
      vertex 2.71112 -70.8497 42.4
    endloop
  endfacet
  facet normal 0 0 1
    outer loop
      vertex 3.50251 -71.881 42.4
      vertex 2.46927 -74.3755 42.4
      vertex 2.96472 -74.5437 42.4
    endloop
  endfacet
  facet normal 0 0 1
    outer loop
      vertex 2.46927 -74.3755 42.4
      vertex 2.71112 -70.8497 42.4
      vertex 2.7 -70.68 42.4
    endloop
  endfacet
  facet normal -0.997705 0.0654018 0.0175286
    outer loop
      vertex 0 7.78976 0.809999
      vertex 0.0342255 -2.83481 42.4
      vertex 0.0342255 8.31187 0.809999
    endloop
  endfacet
  facet normal -0.997705 0.0654018 0.0175286
    outer loop
      vertex 0.0342255 -2.83481 42.4
      vertex 0 7.78976 0.809999
      vertex 0 -3.35692 42.4
    endloop
  endfacet
  facet normal 0.997735 0.0649729 0.0174136
    outer loop
      vertex 121.766 -2.83481 42.4
      vertex 121.8 7.78976 0.809999
      vertex 121.766 8.31187 0.809999
    endloop
  endfacet
  facet normal 0.997735 0.0649729 0.0174136
    outer loop
      vertex 121.8 7.78976 0.809999
      vertex 121.766 -2.83481 42.4
      vertex 121.8 -3.35692 42.4
    endloop
  endfacet
  facet normal -0.712562 0.0467001 -0.700053
    outer loop
      vertex 0.800003 8.00412 0
      vertex 0 7.78976 0.799999
      vertex 0.827377 8.4218 0
    endloop
  endfacet
  facet normal -0.712633 0.141758 -0.687066
    outer loop
      vertex 0.827377 8.4218 0
      vertex 0.136292 8.82504 0.799999
      vertex 0.909042 8.83234 0
    endloop
  endfacet
  facet normal -0.0655537 0.997849 0
    outer loop
      vertex 4 11.7898 0.799999
      vertex 3.47789 11.7555 0.809999
      vertex 4 11.7898 0.809999
    endloop
  endfacet
  facet normal -0.0655537 0.997849 0
    outer loop
      vertex 3.47789 11.7555 0.809999
      vertex 4 11.7898 0.799999
      vertex 3.47789 11.7555 0.799999
    endloop
  endfacet
  facet normal -0.943429 0.320272 0.0858372
    outer loop
      vertex 0.136292 8.82504 0.809999
      vertex 0.304489 -1.82619 42.4
      vertex 0.304489 9.3205 0.809999
    endloop
  endfacet
  facet normal -0.943427 0.320278 0.0858387
    outer loop
      vertex 0.304489 -1.82619 42.4
      vertex 0.136292 8.82504 0.809999
      vertex 0.136292 -2.32164 42.4
    endloop
  endfacet
  facet normal -0.659353 -0.751834 0
    outer loop
      vertex 1.17157 -73.5084 0.799999
      vertex 1.56496 -73.8534 42.39
      vertex 1.17157 -73.5084 42.39
    endloop
  endfacet
  facet normal -0.659353 -0.751834 -0
    outer loop
      vertex 1.56496 -73.8534 42.39
      vertex 1.17157 -73.5084 0.799999
      vertex 1.56496 -73.8534 0.799999
    endloop
  endfacet
  facet normal 0.751842 0.659343 0
    outer loop
      vertex 120.973 10.2248 0.809999
      vertex 120.628 10.6182 0.799999
      vertex 120.628 10.6182 0.809999
    endloop
  endfacet
  facet normal 0.751842 0.659343 0
    outer loop
      vertex 120.628 10.6182 0.799999
      vertex 120.973 10.2248 0.809999
      vertex 120.973 10.2248 0.799999
    endloop
  endfacet
  facet normal -0.257892 0.759646 -0.597017
    outer loop
      vertex 2.77541 10.9605 0
      vertex 2.46927 11.4853 0.799999
      vertex 2.96472 11.6535 0.799999
    endloop
  endfacet
  facet normal -0.321469 0.94692 0
    outer loop
      vertex 2.96472 11.6535 0.799999
      vertex 2.46927 11.4853 0.809999
      vertex 2.96472 11.6535 0.809999
    endloop
  endfacet
  facet normal -0.321469 0.94692 0
    outer loop
      vertex 2.46927 11.4853 0.809999
      vertex 2.96472 11.6535 0.799999
      vertex 2.46927 11.4853 0.799999
    endloop
  endfacet
  facet normal 0.946444 -0.322868 0
    outer loop
      vertex 121.495 -72.2107 42.39
      vertex 121.664 -71.7153 0.799999
      vertex 121.664 -71.7153 42.39
    endloop
  endfacet
  facet normal 0.946444 -0.322868 0
    outer loop
      vertex 121.664 -71.7153 0.799999
      vertex 121.495 -72.2107 42.39
      vertex 121.495 -72.2107 0.799999
    endloop
  endfacet
  facet normal 0.890966 0.438591 0.117548
    outer loop
      vertex 121.264 -1.35692 42.4
      vertex 121.495 9.3205 0.809999
      vertex 121.264 9.78976 0.809999
    endloop
  endfacet
  facet normal 0.89097 0.438583 0.117546
    outer loop
      vertex 121.495 9.3205 0.809999
      vertex 121.264 -1.35692 42.4
      vertex 121.495 -1.82619 42.4
    endloop
  endfacet
  facet normal 0.997886 0.0649827 0
    outer loop
      vertex 121.8 7.78976 0.809999
      vertex 121.766 8.31187 0.799999
      vertex 121.766 8.31187 0.809999
    endloop
  endfacet
  facet normal 0.997886 0.0649827 0
    outer loop
      vertex 121.766 8.31187 0.799999
      vertex 121.8 7.78976 0.809999
      vertex 121.8 7.78976 0.799999
    endloop
  endfacet
  facet normal -0.581057 0.509535 -0.634623
    outer loop
      vertex 1.46127 9.95217 0
      vertex 1.17157 10.6182 0.799999
      vertex 1.73726 10.2669 0
    endloop
  endfacet
  facet normal -0.980789 0.195073 0
    outer loop
      vertex 0.0342255 8.31187 0.799999
      vertex 0.136292 8.82504 0.809999
      vertex 0.136292 8.82504 0.799999
    endloop
  endfacet
  facet normal -0.980789 0.195073 0
    outer loop
      vertex 0.136292 8.82504 0.809999
      vertex 0.0342255 8.31187 0.799999
      vertex 0.0342255 8.31187 0.809999
    endloop
  endfacet
  facet normal -0.673517 0.332144 -0.660344
    outer loop
      vertex 1.04358 9.22872 0
      vertex 0.304489 9.3205 0.799999
      vertex 0.535904 9.78976 0.799999
    endloop
  endfacet
  facet normal -0.67352 0.33214 -0.660343
    outer loop
      vertex 1.04358 9.22872 0
      vertex 0.535904 9.78976 0.799999
      vertex 1.22871 9.60413 0
    endloop
  endfacet
  facet normal -1 0 0
    outer loop
      vertex 0 -42.2433 26.8108
      vertex 0 -41.5109 28.1576
      vertex 0 -41.5109 26.5565
    endloop
  endfacet
  facet normal -1 0 0
    outer loop
      vertex 0 -41.5109 28.1576
      vertex 0 -42.2433 26.8108
      vertex 0 -42.2433 27.9033
    endloop
  endfacet
  facet normal -1 0 0
    outer loop
      vertex 0 -44.3774 25.6443
      vertex 0 -41.5109 25.9625
      vertex 0 -41.5109 25.6443
    endloop
  endfacet
  facet normal -1 -0 0
    outer loop
      vertex 0 -41.5109 25.9625
      vertex 0 -44.3774 25.6443
      vertex 0 -44.3774 27.0041
    endloop
  endfacet
  facet normal -1 0 0
    outer loop
      vertex 0 -42.5993 24.3403
      vertex 0 -41.5109 25.0441
      vertex 0 -41.5109 23.675
    endloop
  endfacet
  facet normal -1 -0 0
    outer loop
      vertex 0 -41.5109 25.0441
      vertex 0 -42.5993 24.3403
      vertex 0 -42.5993 25.0441
    endloop
  endfacet
  facet normal -1 0 0
    outer loop
      vertex 0 -43.0031 23.3129
      vertex 0 -41.5109 22.9996
      vertex 0 -41.5109 22.0121
    endloop
  endfacet
  facet normal -1 0 0
    outer loop
      vertex 0 -41.5109 22.9996
      vertex 0 -42.7381 23.694
      vertex 0 -42.7153 23.7747
    endloop
  endfacet
  facet normal -1 0 0
    outer loop
      vertex 0 -41.5109 22.9996
      vertex 0 -42.767 23.6183
      vertex 0 -42.7381 23.694
    endloop
  endfacet
  facet normal -1 0 0
    outer loop
      vertex 0 -41.5109 22.9996
      vertex 0 -42.802 23.5474
      vertex 0 -42.767 23.6183
    endloop
  endfacet
  facet normal -1 0 0
    outer loop
      vertex 0 -41.5109 22.9996
      vertex 0 -42.8432 23.4814
      vertex 0 -42.802 23.5474
    endloop
  endfacet
  facet normal -1 0 0
    outer loop
      vertex 0 -41.5109 22.9996
      vertex 0 -42.8904 23.4203
      vertex 0 -42.8432 23.4814
    endloop
  endfacet
  facet normal -1 0 0
    outer loop
      vertex 0 -41.5109 22.9996
      vertex 0 -42.9437 23.3642
      vertex 0 -42.8904 23.4203
    endloop
  endfacet
  facet normal -1 0 0
    outer loop
      vertex 0 -41.5109 22.9996
      vertex 0 -43.0031 23.3129
      vertex 0 -42.9437 23.3642
    endloop
  endfacet
  facet normal -1 0 0
    outer loop
      vertex 0 -41.5109 22.0121
      vertex 0 -43.0673 23.2676
      vertex 0 -43.0031 23.3129
    endloop
  endfacet
  facet normal -1 0 0
    outer loop
      vertex 0 -41.5109 22.0121
      vertex 0 -43.1348 23.2292
      vertex 0 -43.0673 23.2676
    endloop
  endfacet
  facet normal -1 0 0
    outer loop
      vertex 0 -41.5109 22.0121
      vertex 0 -43.2057 23.1978
      vertex 0 -43.1348 23.2292
    endloop
  endfacet
  facet normal -1 0 0
    outer loop
      vertex 0 -43.9135 22.0121
      vertex 0 -43.2057 23.1978
      vertex 0 -41.5109 22.0121
    endloop
  endfacet
  facet normal -1 0 0
    outer loop
      vertex 0 -43.2057 23.1978
      vertex 0 -43.9135 22.0121
      vertex 0 -43.28 23.1734
    endloop
  endfacet
  facet normal -1 0 0
    outer loop
      vertex 0 -43.28 23.1734
      vertex 0 -43.9135 22.0121
      vertex 0 -43.3576 23.1559
    endloop
  endfacet
  facet normal -1 0 0
    outer loop
      vertex 0 -43.3576 23.1559
      vertex 0 -43.9135 22.0121
      vertex 0 -43.4386 23.1455
    endloop
  endfacet
  facet normal -1 0 0
    outer loop
      vertex 0 -43.9135 22.9377
      vertex 0 -43.4386 23.1455
      vertex 0 -43.9135 22.0121
    endloop
  endfacet
  facet normal -1 0 0
    outer loop
      vertex 0 -43.4386 23.1455
      vertex 0 -43.9135 22.9377
      vertex 0 -43.5229 23.142
    endloop
  endfacet
  facet normal -1 -0 0
    outer loop
      vertex 0 -43.5229 23.142
      vertex 0 -43.9135 22.9377
      vertex 0 -43.637 23.1477
    endloop
  endfacet
  facet normal -1 -0 0
    outer loop
      vertex 0 -43.637 23.1477
      vertex 0 -43.9135 22.9377
      vertex 0 -43.7432 23.1647
    endloop
  endfacet
  facet normal -1 -0 0
    outer loop
      vertex 0 -43.7432 23.1647
      vertex 0 -43.9135 22.9377
      vertex 0 -43.8416 23.1932
    endloop
  endfacet
  facet normal -1 0 0
    outer loop
      vertex 0 -43.9135 22.9377
      vertex 0 -43.9321 23.233
      vertex 0 -43.8416 23.1932
    endloop
  endfacet
  facet normal -1 0 0
    outer loop
      vertex 0 -43.9135 22.9377
      vertex 0 -44.0148 23.2842
      vertex 0 -43.9321 23.233
    endloop
  endfacet
  facet normal -1 0 0
    outer loop
      vertex 0 -44.3774 22.9377
      vertex 0 -44.0148 23.2842
      vertex 0 -43.9135 22.9377
    endloop
  endfacet
  facet normal -1 -0 0
    outer loop
      vertex 0 -44.0148 23.2842
      vertex 0 -44.3774 22.9377
      vertex 0 -44.0896 23.3468
    endloop
  endfacet
  facet normal -1 -0 0
    outer loop
      vertex 0 -44.0896 23.3468
      vertex 0 -44.3774 22.9377
      vertex 0 -44.1566 23.4207
    endloop
  endfacet
  facet normal -1 -0 0
    outer loop
      vertex 0 -44.1566 23.4207
      vertex 0 -44.3774 22.9377
      vertex 0 -44.2152 23.5051
    endloop
  endfacet
  facet normal -1 0 0
    outer loop
      vertex 0 -44.3774 22.9377
      vertex 0 -44.2647 23.5991
      vertex 0 -44.2152 23.5051
    endloop
  endfacet
  facet normal -1 0 0
    outer loop
      vertex 0 -44.3774 22.9377
      vertex 0 -44.3053 23.7026
      vertex 0 -44.2647 23.5991
    endloop
  endfacet
  facet normal -1 0 0
    outer loop
      vertex 0 -44.3774 22.9377
      vertex 0 -44.3368 23.8156
      vertex 0 -44.3053 23.7026
    endloop
  endfacet
  facet normal -1 0 0
    outer loop
      vertex 0 -44.3774 22.9377
      vertex 0 -44.3593 23.9382
      vertex 0 -44.3368 23.8156
    endloop
  endfacet
  facet normal -1 0 0
    outer loop
      vertex 0 -44.3774 22.9377
      vertex 0 -44.3729 24.0704
      vertex 0 -44.3593 23.9382
    endloop
  endfacet
  facet normal -1 0 0
    outer loop
      vertex 0 -49.0042 33.8858
      vertex 0 -44.3729 24.0704
      vertex 0 -44.3774 22.9377
    endloop
  endfacet
  facet normal -1 -0 0
    outer loop
      vertex 0 -33.2521 24.4119
      vertex 0 -41.5109 23.675
      vertex 0 -33.2558 24.5566
    endloop
  endfacet
  facet normal -1 0 0
    outer loop
      vertex 0 -41.5109 25.0441
      vertex 0 -33.2558 24.5566
      vertex 0 -41.5109 23.675
    endloop
  endfacet
  facet normal -1 0 0
    outer loop
      vertex 0 -33.2558 24.5566
      vertex 0 -41.5109 25.0441
      vertex 0 -33.2558 25.8688
    endloop
  endfacet
  facet normal -1 0 0
    outer loop
      vertex 0 -41.5109 25.6443
      vertex 0 -33.2558 25.8688
      vertex 0 -41.5109 25.0441
    endloop
  endfacet
  facet normal -1 0 0
    outer loop
      vertex 0 -41.5109 25.9625
      vertex 0 -33.2558 25.8688
      vertex 0 -41.5109 25.6443
    endloop
  endfacet
  facet normal -1 0 0
    outer loop
      vertex 0 -41.5109 26.5565
      vertex 0 -33.2558 25.8688
      vertex 0 -41.5109 25.9625
    endloop
  endfacet
  facet normal -1 0 0
    outer loop
      vertex 0 -41.5109 28.1576
      vertex 0 -33.2558 25.8688
      vertex 0 -41.5109 26.5565
    endloop
  endfacet
  facet normal -1 0 0
    outer loop
      vertex 0 -41.5109 28.7578
      vertex 0 -33.2558 25.8688
      vertex 0 -41.5109 28.1576
    endloop
  endfacet
  facet normal -1 0 0
    outer loop
      vertex 0 -33.2558 25.8688
      vertex 0 -41.5109 28.7578
      vertex 0 -41.4948 30.0027
    endloop
  endfacet
  facet normal -1 0 0
    outer loop
      vertex 0 -41.5109 28.7578
      vertex 0 -41.5254 29.8563
      vertex 0 -41.4948 30.0027
    endloop
  endfacet
  facet normal -1 0 0
    outer loop
      vertex 0 -41.5109 28.7578
      vertex 0 -41.5682 29.721
      vertex 0 -41.5254 29.8563
    endloop
  endfacet
  facet normal -1 0 0
    outer loop
      vertex 0 -41.5109 28.7578
      vertex 0 -41.6234 29.5969
      vertex 0 -41.5682 29.721
    endloop
  endfacet
  facet normal -1 0 0
    outer loop
      vertex 0 -41.5109 28.7578
      vertex 0 -41.6907 29.4839
      vertex 0 -41.6234 29.5969
    endloop
  endfacet
  facet normal -1 0 0
    outer loop
      vertex 0 -41.5109 28.7578
      vertex 0 -41.7703 29.3822
      vertex 0 -41.6907 29.4839
    endloop
  endfacet
  facet normal -1 0 0
    outer loop
      vertex 0 -41.5109 28.7578
      vertex 0 -41.8611 29.2928
      vertex 0 -41.7703 29.3822
    endloop
  endfacet
  facet normal -1 0 0
    outer loop
      vertex 0 -41.5109 28.7578
      vertex 0 -41.9618 29.2173
      vertex 0 -41.8611 29.2928
    endloop
  endfacet
  facet normal -1 0 0
    outer loop
      vertex 0 -41.5109 28.7578
      vertex 0 -42.0726 29.1554
      vertex 0 -41.9618 29.2173
    endloop
  endfacet
  facet normal -1 0 0
    outer loop
      vertex 0 -41.5109 28.7578
      vertex 0 -42.1933 29.1073
      vertex 0 -42.0726 29.1554
    endloop
  endfacet
  facet normal -1 0 0
    outer loop
      vertex 0 -41.5109 28.7578
      vertex 0 -42.3241 29.0729
      vertex 0 -42.1933 29.1073
    endloop
  endfacet
  facet normal -1 0 0
    outer loop
      vertex 0 -41.5109 28.7578
      vertex 0 -42.4648 29.0523
      vertex 0 -42.3241 29.0729
    endloop
  endfacet
  facet normal -1 0 0
    outer loop
      vertex 0 -41.5109 28.7578
      vertex 0 -42.6156 29.0455
      vertex 0 -42.4648 29.0523
    endloop
  endfacet
  facet normal -1 0 0
    outer loop
      vertex 0 -44.3774 27.7121
      vertex 0 -42.6156 29.0455
      vertex 0 -41.5109 28.7578
    endloop
  endfacet
  facet normal -1 -0 0
    outer loop
      vertex 0 -42.6156 29.0455
      vertex 0 -44.3774 27.7121
      vertex 0 -44.3774 29.0455
    endloop
  endfacet
  facet normal -1 -0 0
    outer loop
      vertex 0 -41.5109 21.4119
      vertex 0 -43.9135 20.4842
      vertex 0 -43.9135 21.4119
    endloop
  endfacet
  facet normal -1 0 0
    outer loop
      vertex 0 -42.5382 30.9463
      vertex 0 -41.9402 30.3129
      vertex 0 -41.9439 30.2241
    endloop
  endfacet
  facet normal -1 -0 -0
    outer loop
      vertex 0 -42.4511 30.9364
      vertex 0 -41.9402 30.3129
      vertex 0 -42.5382 30.9463
    endloop
  endfacet
  facet normal -1 0 0
    outer loop
      vertex 0 -42.4688 29.6597
      vertex 0 -41.9439 30.2241
      vertex 0 -41.9552 30.1413
    endloop
  endfacet
  facet normal -1 -0 -0
    outer loop
      vertex 0 -42.3708 30.9199
      vertex 0 -41.9438 30.3993
      vertex 0 -42.4511 30.9364
    endloop
  endfacet
  facet normal -1 0 0
    outer loop
      vertex 0 -42.3869 29.6774
      vertex 0 -41.9552 30.1413
      vertex 0 -41.974 30.0646
    endloop
  endfacet
  facet normal -1 0 0
    outer loop
      vertex 0 -41.9438 30.3993
      vertex 0 -42.3708 30.9199
      vertex 0 -41.9545 30.4795
    endloop
  endfacet
  facet normal -1 0 0
    outer loop
      vertex 0 -42.3114 29.7021
      vertex 0 -41.974 30.0646
      vertex 0 -42.0003 29.994
    endloop
  endfacet
  facet normal -1 0 0
    outer loop
      vertex 0 -41.9545 30.4795
      vertex 0 -42.3708 30.9199
      vertex 0 -41.9725 30.5536
    endloop
  endfacet
  facet normal -1 0 0
    outer loop
      vertex 0 -42.3114 29.7021
      vertex 0 -42.0003 29.994
      vertex 0 -42.0341 29.9295
    endloop
  endfacet
  facet normal -1 0 0
    outer loop
      vertex 0 -41.9725 30.5536
      vertex 0 -42.2971 30.8968
      vertex 0 -41.9977 30.6214
    endloop
  endfacet
  facet normal -1 0 0
    outer loop
      vertex 0 -42.3114 29.7021
      vertex 0 -42.0341 29.9295
      vertex 0 -42.0755 29.871
    endloop
  endfacet
  facet normal -1 0 0
    outer loop
      vertex 0 -41.9977 30.6214
      vertex 0 -42.2971 30.8968
      vertex 0 -42.03 30.6831
    endloop
  endfacet
  facet normal -1 0 0
    outer loop
      vertex 0 -42.3114 29.7021
      vertex 0 -42.0755 29.871
      vertex 0 -42.1243 29.8185
    endloop
  endfacet
  facet normal -1 0 0
    outer loop
      vertex 0 -42.0695 30.7386
      vertex 0 -42.2971 30.8968
      vertex 0 -42.1162 30.7879
    endloop
  endfacet
  facet normal -1 0 0
    outer loop
      vertex 0 -42.2426 29.7338
      vertex 0 -42.1243 29.8185
      vertex 0 -42.1802 29.7727
    endloop
  endfacet
  facet normal -1 0 0
    outer loop
      vertex 0 -42.1162 30.7879
      vertex 0 -42.2971 30.8968
      vertex 0 -42.1698 30.8308
    endloop
  endfacet
  facet normal -1 0 0
    outer loop
      vertex 0 -42.3114 29.7021
      vertex 0 -42.1243 29.8185
      vertex 0 -42.2426 29.7338
    endloop
  endfacet
  facet normal -1 0 0
    outer loop
      vertex 0 -42.1698 30.8308
      vertex 0 -42.2971 30.8968
      vertex 0 -42.2301 30.8671
    endloop
  endfacet
  facet normal -1 0 0
    outer loop
      vertex 0 -41.974 30.0646
      vertex 0 -42.3114 29.7021
      vertex 0 -42.3869 29.6774
    endloop
  endfacet
  facet normal -1 0 0
    outer loop
      vertex 0 -42.03 30.6831
      vertex 0 -42.2971 30.8968
      vertex 0 -42.0695 30.7386
    endloop
  endfacet
  facet normal -1 0 0
    outer loop
      vertex 0 -41.9552 30.1413
      vertex 0 -42.3869 29.6774
      vertex 0 -42.4688 29.6597
    endloop
  endfacet
  facet normal -1 -0 -0
    outer loop
      vertex 0 -42.2971 30.8968
      vertex 0 -41.9725 30.5536
      vertex 0 -42.3708 30.9199
    endloop
  endfacet
  facet normal -1 -0 0
    outer loop
      vertex 0 -41.9439 30.2241
      vertex 0 -42.4688 29.6597
      vertex 0 -42.5382 30.9463
    endloop
  endfacet
  facet normal -1 0 0
    outer loop
      vertex 0 -41.9402 30.3129
      vertex 0 -42.4511 30.9364
      vertex 0 -41.9438 30.3993
    endloop
  endfacet
  facet normal -1 0 0
    outer loop
      vertex 0 -42.5573 29.6492
      vertex 0 -42.5382 30.9463
      vertex 0 -42.4688 29.6597
    endloop
  endfacet
  facet normal -1 0 0
    outer loop
      vertex 0 -42.5573 29.6492
      vertex 0 -42.6319 30.9496
      vertex 0 -42.5382 30.9463
    endloop
  endfacet
  facet normal -1 0 0
    outer loop
      vertex 0 -42.6522 29.6456
      vertex 0 -42.6319 30.9496
      vertex 0 -42.5573 29.6492
    endloop
  endfacet
  facet normal -1 0 0
    outer loop
      vertex 0 -44.3774 30.9496
      vertex 0 -42.6522 29.6456
      vertex 0 -44.3774 29.6456
    endloop
  endfacet
  facet normal -1 0 0
    outer loop
      vertex 0 -42.6522 29.6456
      vertex 0 -44.3774 30.9496
      vertex 0 -42.6319 30.9496
    endloop
  endfacet
  facet normal -1 0 0
    outer loop
      vertex 0 -32.2914 27.9054
      vertex 0 -32.5316 28.0233
      vertex 0 -32.5004 28.0222
    endloop
  endfacet
  facet normal -1 0 0
    outer loop
      vertex 0 -32.7511 27.0471
      vertex 0 -32.1023 27.3316
      vertex 0 -32.7188 27.0136
    endloop
  endfacet
  facet normal -1 0 0
    outer loop
      vertex 0 -32.8657 27.3414
      vertex 0 -32.1233 27.4263
      vertex 0 -32.8561 27.2803
    endloop
  endfacet
  facet normal -1 0 -0
    outer loop
      vertex 0 -32.8664 27.6228
      vertex 0 -32.18 27.6528
      vertex 0 -32.8733 27.4781
    endloop
  endfacet
  facet normal -1 0 0
    outer loop
      vertex 0 -32.7797 27.0845
      vertex 0 -32.1023 27.3316
      vertex 0 -32.7511 27.0471
    endloop
  endfacet
  facet normal -1 -0 0
    outer loop
      vertex 0 -32.1023 27.3316
      vertex 0 -32.7797 27.0845
      vertex 0 -32.1233 27.4263
    endloop
  endfacet
  facet normal -1 0 -0
    outer loop
      vertex 0 -32.8454 27.7452
      vertex 0 -32.18 27.6528
      vertex 0 -32.8664 27.6228
    endloop
  endfacet
  facet normal -1 0 0
    outer loop
      vertex 0 -32.8046 27.1261
      vertex 0 -32.1233 27.4263
      vertex 0 -32.7797 27.0845
    endloop
  endfacet
  facet normal -1 0 0
    outer loop
      vertex 0 -32.8561 27.2803
      vertex 0 -32.1233 27.4263
      vertex 0 -32.8428 27.224
    endloop
  endfacet
  facet normal -1 0 0
    outer loop
      vertex 0 -32.18 27.6528
      vertex 0 -32.8454 27.7452
      vertex 0 -32.5316 28.0233
    endloop
  endfacet
  facet normal -1 0 0
    outer loop
      vertex 0 -32.8256 27.1727
      vertex 0 -32.1233 27.4263
      vertex 0 -32.8046 27.1261
    endloop
  endfacet
  facet normal -1 0 0
    outer loop
      vertex 0 -32.8428 27.224
      vertex 0 -32.1233 27.4263
      vertex 0 -32.8256 27.1727
    endloop
  endfacet
  facet normal -1 0 -0
    outer loop
      vertex 0 -32.8106 27.8453
      vertex 0 -32.5316 28.0233
      vertex 0 -32.8454 27.7452
    endloop
  endfacet
  facet normal -1 -0 0
    outer loop
      vertex 0 -32.1233 27.4263
      vertex 0 -32.8657 27.3414
      vertex 0 -32.1432 27.5113
    endloop
  endfacet
  facet normal -1 0 0
    outer loop
      vertex 0 -32.8714 27.4073
      vertex 0 -32.1432 27.5113
      vertex 0 -32.8657 27.3414
    endloop
  endfacet
  facet normal -1 0 0
    outer loop
      vertex 0 -32.5316 28.0233
      vertex 0 -32.8106 27.8453
      vertex 0 -32.6222 28.0122
    endloop
  endfacet
  facet normal -1 0 0
    outer loop
      vertex 0 -32.8733 27.4781
      vertex 0 -32.1432 27.5113
      vertex 0 -32.8714 27.4073
    endloop
  endfacet
  facet normal -1 -0 0
    outer loop
      vertex 0 -32.1432 27.5113
      vertex 0 -32.8733 27.4781
      vertex 0 -32.1621 27.5869
    endloop
  endfacet
  facet normal -1 0 0
    outer loop
      vertex 0 -32.6222 28.0122
      vertex 0 -32.7617 27.9232
      vertex 0 -32.699 27.9788
    endloop
  endfacet
  facet normal -1 -0 0
    outer loop
      vertex 0 -32.1621 27.5869
      vertex 0 -32.8733 27.4781
      vertex 0 -32.18 27.6528
    endloop
  endfacet
  facet normal -1 0 -0
    outer loop
      vertex 0 -32.7617 27.9232
      vertex 0 -32.6222 28.0122
      vertex 0 -32.8106 27.8453
    endloop
  endfacet
  facet normal -1 0 0
    outer loop
      vertex 0 -31.4166 30.9463
      vertex 0 -30.8186 30.3129
      vertex 0 -30.8224 30.2241
    endloop
  endfacet
  facet normal -1 -0 -0
    outer loop
      vertex 0 -31.3296 30.9364
      vertex 0 -30.8186 30.3129
      vertex 0 -31.4166 30.9463
    endloop
  endfacet
  facet normal -1 0 0
    outer loop
      vertex 0 -31.3473 29.6597
      vertex 0 -30.8224 30.2241
      vertex 0 -30.8337 30.1413
    endloop
  endfacet
  facet normal -1 -0 -0
    outer loop
      vertex 0 -31.2492 30.9199
      vertex 0 -30.8222 30.3993
      vertex 0 -31.3296 30.9364
    endloop
  endfacet
  facet normal -1 0 0
    outer loop
      vertex 0 -31.2653 29.6774
      vertex 0 -30.8337 30.1413
      vertex 0 -30.8524 30.0646
    endloop
  endfacet
  facet normal -1 0 0
    outer loop
      vertex 0 -30.8222 30.3993
      vertex 0 -31.2492 30.9199
      vertex 0 -30.833 30.4795
    endloop
  endfacet
  facet normal -1 0 0
    outer loop
      vertex 0 -31.1899 29.7021
      vertex 0 -30.8524 30.0646
      vertex 0 -30.8787 29.994
    endloop
  endfacet
  facet normal -1 0 0
    outer loop
      vertex 0 -30.833 30.4795
      vertex 0 -31.2492 30.9199
      vertex 0 -30.8509 30.5536
    endloop
  endfacet
  facet normal -1 0 0
    outer loop
      vertex 0 -31.1899 29.7021
      vertex 0 -30.8787 29.994
      vertex 0 -30.9126 29.9295
    endloop
  endfacet
  facet normal -1 0 0
    outer loop
      vertex 0 -30.8509 30.5536
      vertex 0 -31.1755 30.8968
      vertex 0 -30.8761 30.6214
    endloop
  endfacet
  facet normal -1 0 0
    outer loop
      vertex 0 -31.1899 29.7021
      vertex 0 -30.9126 29.9295
      vertex 0 -30.9539 29.871
    endloop
  endfacet
  facet normal -1 0 0
    outer loop
      vertex 0 -30.8761 30.6214
      vertex 0 -31.1755 30.8968
      vertex 0 -30.9084 30.6831
    endloop
  endfacet
  facet normal -1 0 0
    outer loop
      vertex 0 -31.1899 29.7021
      vertex 0 -30.9539 29.871
      vertex 0 -31.0027 29.8185
    endloop
  endfacet
  facet normal -1 0 0
    outer loop
      vertex 0 -30.9479 30.7386
      vertex 0 -31.1755 30.8968
      vertex 0 -30.9946 30.7879
    endloop
  endfacet
  facet normal -1 0 0
    outer loop
      vertex 0 -31.121 29.7338
      vertex 0 -31.0027 29.8185
      vertex 0 -31.0586 29.7727
    endloop
  endfacet
  facet normal -1 0 0
    outer loop
      vertex 0 -30.9946 30.7879
      vertex 0 -31.1755 30.8968
      vertex 0 -31.0482 30.8308
    endloop
  endfacet
  facet normal -1 0 0
    outer loop
      vertex 0 -31.1899 29.7021
      vertex 0 -31.0027 29.8185
      vertex 0 -31.121 29.7338
    endloop
  endfacet
  facet normal -1 0 0
    outer loop
      vertex 0 -31.0482 30.8308
      vertex 0 -31.1755 30.8968
      vertex 0 -31.1085 30.8671
    endloop
  endfacet
  facet normal -1 0 0
    outer loop
      vertex 0 -30.8524 30.0646
      vertex 0 -31.1899 29.7021
      vertex 0 -31.2653 29.6774
    endloop
  endfacet
  facet normal -1 0 0
    outer loop
      vertex 0 -30.9084 30.6831
      vertex 0 -31.1755 30.8968
      vertex 0 -30.9479 30.7386
    endloop
  endfacet
  facet normal -1 0 0
    outer loop
      vertex 0 -30.8337 30.1413
      vertex 0 -31.2653 29.6774
      vertex 0 -31.3473 29.6597
    endloop
  endfacet
  facet normal -1 -0 -0
    outer loop
      vertex 0 -31.1755 30.8968
      vertex 0 -30.8509 30.5536
      vertex 0 -31.2492 30.9199
    endloop
  endfacet
  facet normal -1 -0 0
    outer loop
      vertex 0 -30.8224 30.2241
      vertex 0 -31.3473 29.6597
      vertex 0 -31.4166 30.9463
    endloop
  endfacet
  facet normal -1 0 0
    outer loop
      vertex 0 -30.8186 30.3129
      vertex 0 -31.3296 30.9364
      vertex 0 -30.8222 30.3993
    endloop
  endfacet
  facet normal -1 0 0
    outer loop
      vertex 0 -31.4357 29.6492
      vertex 0 -31.4166 30.9463
      vertex 0 -31.3473 29.6597
    endloop
  endfacet
  facet normal -1 0 0
    outer loop
      vertex 0 -31.4357 29.6492
      vertex 0 -31.5103 30.9496
      vertex 0 -31.4166 30.9463
    endloop
  endfacet
  facet normal -1 0 0
    outer loop
      vertex 0 -31.5307 29.6456
      vertex 0 -31.5103 30.9496
      vertex 0 -31.4357 29.6492
    endloop
  endfacet
  facet normal -1 0 0
    outer loop
      vertex 0 -33.2558 30.9496
      vertex 0 -31.5307 29.6456
      vertex 0 -33.2558 29.6456
    endloop
  endfacet
  facet normal -1 0 0
    outer loop
      vertex 0 -31.5307 29.6456
      vertex 0 -33.2558 30.9496
      vertex 0 -31.5103 30.9496
    endloop
  endfacet
  facet normal -1 0 0
    outer loop
      vertex 0 -31.5821 27.3335
      vertex 0 -30.7983 27.4578
      vertex 0 -30.8061 27.291
    endloop
  endfacet
  facet normal -1 0 0
    outer loop
      vertex 0 -31.6014 27.4153
      vertex 0 -30.7983 27.4578
      vertex 0 -31.5821 27.3335
    endloop
  endfacet
  facet normal -1 -0 0
    outer loop
      vertex 0 -30.7983 27.4578
      vertex 0 -31.6014 27.4153
      vertex 0 -30.8004 27.5417
    endloop
  endfacet
  facet normal -1 0 0
    outer loop
      vertex 0 -31.5299 27.1472
      vertex 0 -30.8061 27.291
      vertex 0 -30.8295 27.1499
    endloop
  endfacet
  facet normal -1 -0 0
    outer loop
      vertex 0 -30.8004 27.5417
      vertex 0 -31.6014 27.4153
      vertex 0 -30.8067 27.6202
    endloop
  endfacet
  facet normal -1 0 0
    outer loop
      vertex 0 -31.6215 27.5069
      vertex 0 -30.8067 27.6202
      vertex 0 -31.6014 27.4153
    endloop
  endfacet
  facet normal -1 0 0
    outer loop
      vertex 0 -31.482 27.0346
      vertex 0 -30.8295 27.1499
      vertex 0 -30.8685 27.0344
    endloop
  endfacet
  facet normal -1 -0 0
    outer loop
      vertex 0 -30.8067 27.6202
      vertex 0 -31.6215 27.5069
      vertex 0 -30.8171 27.6933
    endloop
  endfacet
  facet normal -1 -0 0
    outer loop
      vertex 0 -30.8171 27.6933
      vertex 0 -31.6215 27.5069
      vertex 0 -30.8318 27.761
    endloop
  endfacet
  facet normal -1 0 0
    outer loop
      vertex 0 -31.4453 26.9741
      vertex 0 -30.8685 27.0344
      vertex 0 -30.9232 26.9446
    endloop
  endfacet
  facet normal -1 0 0
    outer loop
      vertex 0 -31.6426 27.6083
      vertex 0 -30.8318 27.761
      vertex 0 -31.6215 27.5069
    endloop
  endfacet
  facet normal -1 -0 0
    outer loop
      vertex 0 -30.8318 27.761
      vertex 0 -31.6426 27.6083
      vertex 0 -30.8507 27.8233
    endloop
  endfacet
  facet normal -1 0 0
    outer loop
      vertex 0 -31.0793 26.842
      vertex 0 -30.9232 26.9446
      vertex 0 -30.9934 26.8805
    endloop
  endfacet
  facet normal -1 -0 0
    outer loop
      vertex 0 -30.8507 27.8233
      vertex 0 -31.6426 27.6083
      vertex 0 -30.8738 27.8803
    endloop
  endfacet
  facet normal -1 -0 0
    outer loop
      vertex 0 -30.8738 27.8803
      vertex 0 -31.6426 27.6083
      vertex 0 -30.901 27.9318
    endloop
  endfacet
  facet normal -1 0 0
    outer loop
      vertex 0 -31.1807 26.8291
      vertex 0 -30.9232 26.9446
      vertex 0 -31.0793 26.842
    endloop
  endfacet
  facet normal -1 -0 0
    outer loop
      vertex 0 -30.901 27.9318
      vertex 0 -31.6426 27.6083
      vertex 0 -30.9329 27.9783
    endloop
  endfacet
  facet normal -1 -0 0
    outer loop
      vertex 0 -30.9329 27.9783
      vertex 0 -31.6426 27.6083
      vertex 0 -30.9699 28.0203
    endloop
  endfacet
  facet normal -1 -0 0
    outer loop
      vertex 0 -30.9232 26.9446
      vertex 0 -31.1807 26.8291
      vertex 0 -31.4453 26.9741
    endloop
  endfacet
  facet normal -1 0 0
    outer loop
      vertex 0 -31.4253 26.9475
      vertex 0 -31.1807 26.8291
      vertex 0 -31.2148 26.8306
    endloop
  endfacet
  facet normal -1 -0 0
    outer loop
      vertex 0 -30.9699 28.0203
      vertex 0 -31.6426 27.6083
      vertex 0 -31.012 28.0577
    endloop
  endfacet
  facet normal -1 0 0
    outer loop
      vertex 0 -31.4043 26.9232
      vertex 0 -31.2148 26.8306
      vertex 0 -31.247 26.835
    endloop
  endfacet
  facet normal -1 0 0
    outer loop
      vertex 0 -30.3846 27.9029
      vertex 0 -26.5724 33.3681
      vertex 0 -30.3646 27.7697
    endloop
  endfacet
  facet normal -1 0 0
    outer loop
      vertex 0 -26.8289 33.3171
      vertex 0 -30.3548 30.1604
      vertex 0 -30.3487 30.3292
    endloop
  endfacet
  facet normal -1 0 0
    outer loop
      vertex 0 -26.5724 33.3681
      vertex 0 -30.3846 27.9029
      vertex 0 -26.8289 33.3171
    endloop
  endfacet
  facet normal -1 0 0
    outer loop
      vertex 0 -26.8289 33.3171
      vertex 0 -30.3732 30.0027
      vertex 0 -30.3548 30.1604
    endloop
  endfacet
  facet normal -1 0 0
    outer loop
      vertex 0 -30.4038 29.8563
      vertex 0 -26.8289 33.3171
      vertex 0 -30.3846 27.9029
    endloop
  endfacet
  facet normal -1 0 0
    outer loop
      vertex 0 -26.8289 33.3171
      vertex 0 -30.4038 29.8563
      vertex 0 -30.3732 30.0027
    endloop
  endfacet
  facet normal -1 0 0
    outer loop
      vertex 0 -30.4125 28.0264
      vertex 0 -30.4038 29.8563
      vertex 0 -30.3846 27.9029
    endloop
  endfacet
  facet normal -1 0 0
    outer loop
      vertex 0 -30.4125 28.0264
      vertex 0 -30.4467 29.721
      vertex 0 -30.4038 29.8563
    endloop
  endfacet
  facet normal -1 0 0
    outer loop
      vertex 0 -30.4483 28.1402
      vertex 0 -30.4467 29.721
      vertex 0 -30.4125 28.0264
    endloop
  endfacet
  facet normal -1 0 0
    outer loop
      vertex 0 -30.4922 28.2443
      vertex 0 -30.4467 29.721
      vertex 0 -30.4483 28.1402
    endloop
  endfacet
  facet normal -1 0 0
    outer loop
      vertex 0 -30.4922 28.2443
      vertex 0 -30.5018 29.5969
      vertex 0 -30.4467 29.721
    endloop
  endfacet
  facet normal -1 0 0
    outer loop
      vertex 0 -30.544 28.3387
      vertex 0 -30.5018 29.5969
      vertex 0 -30.4922 28.2443
    endloop
  endfacet
  facet normal -1 0 0
    outer loop
      vertex 0 -30.544 28.3387
      vertex 0 -30.5692 29.4839
      vertex 0 -30.5018 29.5969
    endloop
  endfacet
  facet normal -1 0 0
    outer loop
      vertex 0 -30.6039 28.4236
      vertex 0 -30.5692 29.4839
      vertex 0 -30.544 28.3387
    endloop
  endfacet
  facet normal -1 0 0
    outer loop
      vertex 0 -30.6039 28.4236
      vertex 0 -30.6488 29.3822
      vertex 0 -30.5692 29.4839
    endloop
  endfacet
  facet normal -1 0 0
    outer loop
      vertex 0 -30.6721 28.4994
      vertex 0 -30.6488 29.3822
      vertex 0 -30.6039 28.4236
    endloop
  endfacet
  facet normal -1 0 0
    outer loop
      vertex 0 -30.6721 28.4994
      vertex 0 -30.7395 29.2928
      vertex 0 -30.6488 29.3822
    endloop
  endfacet
  facet normal -1 0 0
    outer loop
      vertex 0 -30.7484 28.5661
      vertex 0 -30.7395 29.2928
      vertex 0 -30.6721 28.4994
    endloop
  endfacet
  facet normal -1 0 0
    outer loop
      vertex 0 -30.8402 29.2173
      vertex 0 -30.7484 28.5661
      vertex 0 -30.833 28.6236
    endloop
  endfacet
  facet normal -1 0 0
    outer loop
      vertex 0 -30.7484 28.5661
      vertex 0 -30.8402 29.2173
      vertex 0 -30.7395 29.2928
    endloop
  endfacet
  facet normal -1 0 0
    outer loop
      vertex 0 -30.9258 28.6721
      vertex 0 -30.8402 29.2173
      vertex 0 -30.833 28.6236
    endloop
  endfacet
  facet normal -1 0 0
    outer loop
      vertex 0 -30.9258 28.6721
      vertex 0 -30.951 29.1554
      vertex 0 -30.8402 29.2173
    endloop
  endfacet
  facet normal -1 0 0
    outer loop
      vertex 0 -31.0268 28.7113
      vertex 0 -30.951 29.1554
      vertex 0 -30.9258 28.6721
    endloop
  endfacet
  facet normal -1 0 0
    outer loop
      vertex 0 -31.0268 28.7113
      vertex 0 -31.0717 29.1073
      vertex 0 -30.951 29.1554
    endloop
  endfacet
  facet normal -1 0 0
    outer loop
      vertex 0 -31.136 28.7415
      vertex 0 -31.0717 29.1073
      vertex 0 -31.0268 28.7113
    endloop
  endfacet
  facet normal -1 0 0
    outer loop
      vertex 0 -31.136 28.7415
      vertex 0 -31.2025 29.0729
      vertex 0 -31.0717 29.1073
    endloop
  endfacet
  facet normal -1 0 0
    outer loop
      vertex 0 -31.8714 28.2838
      vertex 0 -31.136 28.7415
      vertex 0 -31.2316 28.1617
    endloop
  endfacet
  facet normal -1 0 0
    outer loop
      vertex 0 -31.4043 26.9232
      vertex 0 -31.247 26.835
      vertex 0 -31.2775 26.8424
    endloop
  endfacet
  facet normal -1 -0 0
    outer loop
      vertex 0 -30.8061 27.291
      vertex 0 -31.5638 27.2616
      vertex 0 -31.5821 27.3335
    endloop
  endfacet
  facet normal -1 0 0
    outer loop
      vertex 0 -31.3821 26.9014
      vertex 0 -31.2775 26.8424
      vertex 0 -31.3063 26.8527
    endloop
  endfacet
  facet normal -1 0 0
    outer loop
      vertex 0 -31.3821 26.9014
      vertex 0 -31.3063 26.8527
      vertex 0 -31.3333 26.866
    endloop
  endfacet
  facet normal -1 -0 0
    outer loop
      vertex 0 -31.1116 28.1188
      vertex 0 -31.6635 27.6962
      vertex 0 -31.1691 28.1425
    endloop
  endfacet
  facet normal -1 0 0
    outer loop
      vertex 0 -31.3821 26.9014
      vertex 0 -31.3333 26.866
      vertex 0 -31.3586 26.8822
    endloop
  endfacet
  facet normal -1 0 0
    outer loop
      vertex 0 -31.2775 26.8424
      vertex 0 -31.3821 26.9014
      vertex 0 -31.4043 26.9232
    endloop
  endfacet
  facet normal -1 0 0
    outer loop
      vertex 0 -31.2148 26.8306
      vertex 0 -31.4043 26.9232
      vertex 0 -31.4253 26.9475
    endloop
  endfacet
  facet normal -1 0 0
    outer loop
      vertex 0 -31.1807 26.8291
      vertex 0 -31.4253 26.9475
      vertex 0 -31.4453 26.9741
    endloop
  endfacet
  facet normal -1 0 0
    outer loop
      vertex 0 -30.8685 27.0344
      vertex 0 -31.4453 26.9741
      vertex 0 -31.4642 27.0032
    endloop
  endfacet
  facet normal -1 -0 0
    outer loop
      vertex 0 -30.8685 27.0344
      vertex 0 -31.4642 27.0032
      vertex 0 -31.482 27.0346
    endloop
  endfacet
  facet normal -1 0 0
    outer loop
      vertex 0 -30.8295 27.1499
      vertex 0 -31.482 27.0346
      vertex 0 -31.4987 27.0685
    endloop
  endfacet
  facet normal -1 -0 0
    outer loop
      vertex 0 -31.0593 28.0906
      vertex 0 -31.6635 27.6962
      vertex 0 -31.1116 28.1188
    endloop
  endfacet
  facet normal -1 0 0
    outer loop
      vertex 0 -30.8295 27.1499
      vertex 0 -31.4987 27.0685
      vertex 0 -31.5144 27.1048
    endloop
  endfacet
  facet normal -1 0 0
    outer loop
      vertex 0 -30.8295 27.1499
      vertex 0 -31.5144 27.1048
      vertex 0 -31.5299 27.1472
    endloop
  endfacet
  facet normal -1 0 0
    outer loop
      vertex 0 -30.8061 27.291
      vertex 0 -31.5299 27.1472
      vertex 0 -31.5464 27.1995
    endloop
  endfacet
  facet normal -1 0 0
    outer loop
      vertex 0 -30.8061 27.291
      vertex 0 -31.5464 27.1995
      vertex 0 -31.5638 27.2616
    endloop
  endfacet
  facet normal -1 -0 0
    outer loop
      vertex 0 -31.012 28.0577
      vertex 0 -31.6426 27.6083
      vertex 0 -31.0593 28.0906
    endloop
  endfacet
  facet normal -1 0 0
    outer loop
      vertex 0 -31.6635 27.6962
      vertex 0 -31.0593 28.0906
      vertex 0 -31.6426 27.6083
    endloop
  endfacet
  facet normal -1 -0 0
    outer loop
      vertex 0 -31.1691 28.1425
      vertex 0 -31.6635 27.6962
      vertex 0 -31.2316 28.1617
    endloop
  endfacet
  facet normal -1 0 0
    outer loop
      vertex 0 -31.6832 27.7761
      vertex 0 -31.2316 28.1617
      vertex 0 -31.6635 27.6962
    endloop
  endfacet
  facet normal -1 0 0
    outer loop
      vertex 0 -31.7017 27.848
      vertex 0 -31.2316 28.1617
      vertex 0 -31.6832 27.7761
    endloop
  endfacet
  facet normal -1 0 0
    outer loop
      vertex 0 -31.719 27.9119
      vertex 0 -31.2316 28.1617
      vertex 0 -31.7017 27.848
    endloop
  endfacet
  facet normal -1 0 0
    outer loop
      vertex 0 -31.735 27.9679
      vertex 0 -31.2316 28.1617
      vertex 0 -31.719 27.9119
    endloop
  endfacet
  facet normal -1 0 0
    outer loop
      vertex 0 -31.7499 28.0159
      vertex 0 -31.2316 28.1617
      vertex 0 -31.735 27.9679
    endloop
  endfacet
  facet normal -1 0 0
    outer loop
      vertex 0 -31.7636 28.0559
      vertex 0 -31.2316 28.1617
      vertex 0 -31.7499 28.0159
    endloop
  endfacet
  facet normal -1 0 0
    outer loop
      vertex 0 -31.777 28.0914
      vertex 0 -31.2316 28.1617
      vertex 0 -31.7636 28.0559
    endloop
  endfacet
  facet normal -1 0 0
    outer loop
      vertex 0 -31.7911 28.126
      vertex 0 -31.2316 28.1617
      vertex 0 -31.777 28.0914
    endloop
  endfacet
  facet normal -1 0 0
    outer loop
      vertex 0 -31.8058 28.1595
      vertex 0 -31.2316 28.1617
      vertex 0 -31.7911 28.126
    endloop
  endfacet
  facet normal -1 0 0
    outer loop
      vertex 0 -31.136 28.7415
      vertex 0 -31.3433 29.0523
      vertex 0 -31.2025 29.0729
    endloop
  endfacet
  facet normal -1 0 0
    outer loop
      vertex 0 -31.8212 28.1921
      vertex 0 -31.2316 28.1617
      vertex 0 -31.8058 28.1595
    endloop
  endfacet
  facet normal -1 0 0
    outer loop
      vertex 0 -31.8373 28.2236
      vertex 0 -31.2316 28.1617
      vertex 0 -31.8212 28.1921
    endloop
  endfacet
  facet normal -1 0 0
    outer loop
      vertex 0 -31.854 28.2542
      vertex 0 -31.2316 28.1617
      vertex 0 -31.8373 28.2236
    endloop
  endfacet
  facet normal -1 0 0
    outer loop
      vertex 0 -31.8714 28.2838
      vertex 0 -31.2316 28.1617
      vertex 0 -31.854 28.2542
    endloop
  endfacet
  facet normal -1 0 0
    outer loop
      vertex 0 -31.136 28.7415
      vertex 0 -31.494 29.0455
      vertex 0 -31.3433 29.0523
    endloop
  endfacet
  facet normal -1 0 0
    outer loop
      vertex 0 -31.136 28.7415
      vertex 0 -31.8714 28.2838
      vertex 0 -31.8897 28.3122
    endloop
  endfacet
  facet normal -1 0 0
    outer loop
      vertex 0 -31.9089 28.3394
      vertex 0 -31.136 28.7415
      vertex 0 -31.8897 28.3122
    endloop
  endfacet
  facet normal -1 -0 0
    outer loop
      vertex 0 -31.136 28.7415
      vertex 0 -31.9089 28.3394
      vertex 0 -31.494 29.0455
    endloop
  endfacet
  facet normal -1 0 0
    outer loop
      vertex 0 -31.9293 28.3653
      vertex 0 -31.494 29.0455
      vertex 0 -31.9089 28.3394
    endloop
  endfacet
  facet normal -1 0 0
    outer loop
      vertex 0 -31.9506 28.39
      vertex 0 -31.494 29.0455
      vertex 0 -31.9293 28.3653
    endloop
  endfacet
  facet normal -1 0 0
    outer loop
      vertex 0 -31.973 28.4135
      vertex 0 -31.494 29.0455
      vertex 0 -31.9506 28.39
    endloop
  endfacet
  facet normal -1 0 0
    outer loop
      vertex 0 -31.9965 28.4357
      vertex 0 -31.494 29.0455
      vertex 0 -31.973 28.4135
    endloop
  endfacet
  facet normal -1 0 0
    outer loop
      vertex 0 -32.0209 28.4567
      vertex 0 -31.494 29.0455
      vertex 0 -31.9965 28.4357
    endloop
  endfacet
  facet normal -1 0 0
    outer loop
      vertex 0 -32.0466 28.4764
      vertex 0 -31.494 29.0455
      vertex 0 -32.0209 28.4567
    endloop
  endfacet
  facet normal -1 0 0
    outer loop
      vertex 0 -32.0734 28.4948
      vertex 0 -31.494 29.0455
      vertex 0 -32.0466 28.4764
    endloop
  endfacet
  facet normal -1 0 0
    outer loop
      vertex 0 -32.1015 28.5119
      vertex 0 -31.494 29.0455
      vertex 0 -32.0734 28.4948
    endloop
  endfacet
  facet normal -1 0 0
    outer loop
      vertex 0 -32.1309 28.5278
      vertex 0 -31.494 29.0455
      vertex 0 -32.1015 28.5119
    endloop
  endfacet
  facet normal -1 0 0
    outer loop
      vertex 0 -32.1615 28.5423
      vertex 0 -31.494 29.0455
      vertex 0 -32.1309 28.5278
    endloop
  endfacet
  facet normal -1 0 0
    outer loop
      vertex 0 -32.1933 28.5556
      vertex 0 -31.494 29.0455
      vertex 0 -32.1615 28.5423
    endloop
  endfacet
  facet normal -1 0 0
    outer loop
      vertex 0 -32.2264 28.5675
      vertex 0 -31.494 29.0455
      vertex 0 -32.1933 28.5556
    endloop
  endfacet
  facet normal -1 0 0
    outer loop
      vertex 0 -32.2608 28.5781
      vertex 0 -31.494 29.0455
      vertex 0 -32.2264 28.5675
    endloop
  endfacet
  facet normal -1 0 0
    outer loop
      vertex 0 -32.2967 28.587
      vertex 0 -31.494 29.0455
      vertex 0 -32.2608 28.5781
    endloop
  endfacet
  facet normal -1 0 0
    outer loop
      vertex 0 -32.3339 28.5942
      vertex 0 -31.494 29.0455
      vertex 0 -32.2967 28.587
    endloop
  endfacet
  facet normal -1 0 0
    outer loop
      vertex 0 -32.3726 28.5999
      vertex 0 -31.494 29.0455
      vertex 0 -32.3339 28.5942
    endloop
  endfacet
  facet normal -1 0 0
    outer loop
      vertex 0 -32.4126 28.604
      vertex 0 -31.494 29.0455
      vertex 0 -32.3726 28.5999
    endloop
  endfacet
  facet normal -1 0 0
    outer loop
      vertex 0 -32.4541 28.6064
      vertex 0 -31.494 29.0455
      vertex 0 -32.4126 28.604
    endloop
  endfacet
  facet normal -1 0 0
    outer loop
      vertex 0 -33.2558 29.0455
      vertex 0 -32.4541 28.6064
      vertex 0 -32.497 28.6072
    endloop
  endfacet
  facet normal -1 0 0
    outer loop
      vertex 0 -33.2558 29.0455
      vertex 0 -32.497 28.6072
      vertex 0 -32.6043 28.6012
    endloop
  endfacet
  facet normal -1 0 0
    outer loop
      vertex 0 -33.2558 29.0455
      vertex 0 -32.6043 28.6012
      vertex 0 -32.7042 28.5834
    endloop
  endfacet
  facet normal -1 0 0
    outer loop
      vertex 0 -33.2558 29.0455
      vertex 0 -32.7042 28.5834
      vertex 0 -32.7966 28.5536
    endloop
  endfacet
  facet normal -1 0 0
    outer loop
      vertex 0 -32.4541 28.6064
      vertex 0 -33.2558 29.0455
      vertex 0 -31.494 29.0455
    endloop
  endfacet
  facet normal -1 0 0
    outer loop
      vertex 0 -32.8816 28.5119
      vertex 0 -33.2558 29.0455
      vertex 0 -32.7966 28.5536
    endloop
  endfacet
  facet normal -1 0 0
    outer loop
      vertex 0 -32.9592 28.4582
      vertex 0 -33.2558 29.0455
      vertex 0 -32.8816 28.5119
    endloop
  endfacet
  facet normal -1 0 0
    outer loop
      vertex 0 -33.0293 28.3927
      vertex 0 -33.2558 29.0455
      vertex 0 -32.9592 28.4582
    endloop
  endfacet
  facet normal -1 0 0
    outer loop
      vertex 0 -33.092 28.3153
      vertex 0 -33.2558 29.0455
      vertex 0 -33.0293 28.3927
    endloop
  endfacet
  facet normal -1 0 0
    outer loop
      vertex 0 -33.1468 28.2264
      vertex 0 -33.2558 29.0455
      vertex 0 -33.092 28.3153
    endloop
  endfacet
  facet normal -1 0 0
    outer loop
      vertex 0 -33.1932 28.1268
      vertex 0 -33.2558 29.0455
      vertex 0 -33.1468 28.2264
    endloop
  endfacet
  facet normal -1 0 0
    outer loop
      vertex 0 -33.2311 28.0163
      vertex 0 -33.2558 29.0455
      vertex 0 -33.1932 28.1268
    endloop
  endfacet
  facet normal -1 0 0
    outer loop
      vertex 0 -41.4703 30.3292
      vertex 0 -33.2558 29.6456
      vertex 0 -33.2558 29.0455
    endloop
  endfacet
  facet normal -1 0 0
    outer loop
      vertex 0 -33.2558 29.6456
      vertex 0 -41.4703 30.3292
      vertex 0 -33.2558 30.9496
    endloop
  endfacet
  facet normal -1 0 0
    outer loop
      vertex 0 -41.4703 30.3292
      vertex 0 -33.2558 29.0455
      vertex 0 -33.2606 27.8949
    endloop
  endfacet
  facet normal -1 0 0
    outer loop
      vertex 0 -33.2606 27.8949
      vertex 0 -33.2558 29.0455
      vertex 0 -33.2311 28.0163
    endloop
  endfacet
  facet normal -1 0 0
    outer loop
      vertex 0 -30.8186 23.4235
      vertex 0 7.78976 0.809999
      vertex 0 7.78976 0.799999
    endloop
  endfacet
  facet normal -1 0 0
    outer loop
      vertex 0 7.78976 0.809999
      vertex 0 -25.5033 34.0825
      vertex 0 -3.35692 42.4
    endloop
  endfacet
  facet normal -1 0 0
    outer loop
      vertex 0 -3.35692 42.4
      vertex 0 -25.1071 35.0389
      vertex 0 -25.09 35.3
    endloop
  endfacet
  facet normal -1 0 0
    outer loop
      vertex 0 -3.35692 42.4
      vertex 0 -25.1581 34.7824
      vertex 0 -25.1071 35.0389
    endloop
  endfacet
  facet normal -1 0 0
    outer loop
      vertex 0 -3.35692 42.4
      vertex 0 -25.2422 34.5346
      vertex 0 -25.1581 34.7824
    endloop
  endfacet
  facet normal -1 0 0
    outer loop
      vertex 0 -3.35692 42.4
      vertex 0 -25.3579 34.3
      vertex 0 -25.2422 34.5346
    endloop
  endfacet
  facet normal -1 0 0
    outer loop
      vertex 0 -3.35692 42.4
      vertex 0 -25.5033 34.0825
      vertex 0 -25.3579 34.3
    endloop
  endfacet
  facet normal -1 0 0
    outer loop
      vertex 0 7.78976 0.809999
      vertex 0 -30.4286 24.03
      vertex 0 -25.5033 34.0825
    endloop
  endfacet
  facet normal -1 0 0
    outer loop
      vertex 0 -25.5033 34.0825
      vertex 0 -30.4286 24.03
      vertex 0 -25.6758 33.8858
    endloop
  endfacet
  facet normal -1 0 -0
    outer loop
      vertex 0 -30.4068 24.1556
      vertex 0 -25.6758 33.8858
      vertex 0 -30.4286 24.03
    endloop
  endfacet
  facet normal -1 0 -0
    outer loop
      vertex 0 -30.3937 24.2904
      vertex 0 -25.6758 33.8858
      vertex 0 -30.4068 24.1556
    endloop
  endfacet
  facet normal -1 0 0
    outer loop
      vertex 0 -25.6758 33.8858
      vertex 0 -30.3937 24.2904
      vertex 0 -25.8725 33.7133
    endloop
  endfacet
  facet normal -1 0 -0
    outer loop
      vertex 0 -30.3894 24.4346
      vertex 0 -25.8725 33.7133
      vertex 0 -30.3937 24.2904
    endloop
  endfacet
  facet normal -1 0 0
    outer loop
      vertex 0 -25.8725 33.7133
      vertex 0 -30.3894 25.8688
      vertex 0 -26.09 33.5679
    endloop
  endfacet
  facet normal -1 0 -0
    outer loop
      vertex 0 -30.3669 27.1526
      vertex 0 -26.09 33.5679
      vertex 0 -30.3894 25.8688
    endloop
  endfacet
  facet normal -1 0 0
    outer loop
      vertex 0 -30.3646 27.7697
      vertex 0 -26.5724 33.3681
      vertex 0 -30.3527 27.6267
    endloop
  endfacet
  facet normal -1 0 0
    outer loop
      vertex 0 -30.3527 27.6267
      vertex 0 -26.3246 33.4522
      vertex 0 -30.3487 27.4741
    endloop
  endfacet
  facet normal -1 0 -0
    outer loop
      vertex 0 -30.3487 27.4741
      vertex 0 -26.3246 33.4522
      vertex 0 -30.3532 27.3074
    endloop
  endfacet
  facet normal -1 0 0
    outer loop
      vertex 0 -26.09 33.5679
      vertex 0 -30.3532 27.3074
      vertex 0 -26.3246 33.4522
    endloop
  endfacet
  facet normal -1 0 -0
    outer loop
      vertex 0 -30.3532 27.3074
      vertex 0 -26.09 33.5679
      vertex 0 -30.3669 27.1526
    endloop
  endfacet
  facet normal -1 0 0
    outer loop
      vertex 0 -30.3894 25.8688
      vertex 0 -25.8725 33.7133
      vertex 0 -30.3894 24.4346
    endloop
  endfacet
  facet normal -1 0 0
    outer loop
      vertex 0 7.78976 0.809999
      vertex 0 -30.4591 23.9138
      vertex 0 -30.4286 24.03
    endloop
  endfacet
  facet normal -1 0 0
    outer loop
      vertex 0 7.78976 0.809999
      vertex 0 -30.4984 23.8068
      vertex 0 -30.4591 23.9138
    endloop
  endfacet
  facet normal -1 0 0
    outer loop
      vertex 0 7.78976 0.809999
      vertex 0 -30.5463 23.7092
      vertex 0 -30.4984 23.8068
    endloop
  endfacet
  facet normal -1 0 0
    outer loop
      vertex 0 7.78976 0.809999
      vertex 0 -30.603 23.6208
      vertex 0 -30.5463 23.7092
    endloop
  endfacet
  facet normal -1 0 0
    outer loop
      vertex 0 7.78976 0.809999
      vertex 0 -30.6676 23.5431
      vertex 0 -30.603 23.6208
    endloop
  endfacet
  facet normal -1 0 0
    outer loop
      vertex 0 7.78976 0.809999
      vertex 0 -30.7395 23.4773
      vertex 0 -30.6676 23.5431
    endloop
  endfacet
  facet normal -1 0 0
    outer loop
      vertex 0 7.78976 0.809999
      vertex 0 -30.8186 23.4235
      vertex 0 -30.7395 23.4773
    endloop
  endfacet
  facet normal -1 0 0
    outer loop
      vertex 0 7.78976 0.799999
      vertex 0 -30.9049 23.3817
      vertex 0 -30.8186 23.4235
    endloop
  endfacet
  facet normal -1 0 0
    outer loop
      vertex 0 7.78976 0.799999
      vertex 0 -30.9985 23.3518
      vertex 0 -30.9049 23.3817
    endloop
  endfacet
  facet normal -1 0 0
    outer loop
      vertex 0 7.78976 0.799999
      vertex 0 -31.0992 23.3338
      vertex 0 -30.9985 23.3518
    endloop
  endfacet
  facet normal -1 0 0
    outer loop
      vertex 0 7.78976 0.799999
      vertex 0 -31.2072 23.3279
      vertex 0 -31.0992 23.3338
    endloop
  endfacet
  facet normal -1 0 0
    outer loop
      vertex 0 -43.9135 20.4842
      vertex 0 -31.2072 23.3279
      vertex 0 7.78976 0.799999
    endloop
  endfacet
  facet normal -1 0 -0
    outer loop
      vertex 0 -41.5109 21.4119
      vertex 0 -31.2072 23.3279
      vertex 0 -43.9135 20.4842
    endloop
  endfacet
  facet normal -1 -0 0
    outer loop
      vertex 0 -31.2072 23.3279
      vertex 0 -41.5109 21.4119
      vertex 0 -31.2886 23.3316
    endloop
  endfacet
  facet normal -1 -0 0
    outer loop
      vertex 0 -31.2886 23.3316
      vertex 0 -41.5109 21.4119
      vertex 0 -31.3652 23.3427
    endloop
  endfacet
  facet normal -1 0 -0
    outer loop
      vertex 0 -32.6338 23.4981
      vertex 0 -31.3652 23.3427
      vertex 0 -41.5109 21.4119
    endloop
  endfacet
  facet normal -1 0 0
    outer loop
      vertex 0 -31.8824 23.9439
      vertex 0 -31.9159 23.9637
      vertex 0 -31.8968 24.0399
    endloop
  endfacet
  facet normal -1 0 0
    outer loop
      vertex 0 -31.9394 23.8933
      vertex 0 -31.8824 23.9439
      vertex 0 -31.8624 23.8546
    endloop
  endfacet
  facet normal -1 0 0
    outer loop
      vertex 0 -31.9674 23.8287
      vertex 0 -31.8624 23.8546
      vertex 0 -31.8367 23.7722
    endloop
  endfacet
  facet normal -1 0 0
    outer loop
      vertex 0 -31.9998 23.7699
      vertex 0 -31.8367 23.7722
      vertex 0 -31.8055 23.6964
    endloop
  endfacet
  facet normal -1 -0 0
    outer loop
      vertex 0 -31.8824 23.9439
      vertex 0 -31.9394 23.8933
      vertex 0 -31.9159 23.9637
    endloop
  endfacet
  facet normal -1 0 0
    outer loop
      vertex 0 -32.0367 23.7168
      vertex 0 -31.8055 23.6964
      vertex 0 -31.7687 23.6275
    endloop
  endfacet
  facet normal -1 -0 0
    outer loop
      vertex 0 -31.8624 23.8546
      vertex 0 -31.9674 23.8287
      vertex 0 -31.9394 23.8933
    endloop
  endfacet
  facet normal -1 0 0
    outer loop
      vertex 0 -32.1237 23.6279
      vertex 0 -31.7687 23.6275
      vertex 0 -31.7262 23.5653
    endloop
  endfacet
  facet normal -1 0 0
    outer loop
      vertex 0 -32.1732 23.5921
      vertex 0 -31.7262 23.5653
      vertex 0 -31.6782 23.5099
    endloop
  endfacet
  facet normal -1 -0 0
    outer loop
      vertex 0 -31.8367 23.7722
      vertex 0 -31.9998 23.7699
      vertex 0 -31.9674 23.8287
    endloop
  endfacet
  facet normal -1 0 0
    outer loop
      vertex 0 -32.2258 23.5617
      vertex 0 -31.6782 23.5099
      vertex 0 -31.6249 23.4616
    endloop
  endfacet
  facet normal -1 0 0
    outer loop
      vertex 0 -31.8055 23.6964
      vertex 0 -32.0367 23.7168
      vertex 0 -31.9998 23.7699
    endloop
  endfacet
  facet normal -1 0 0
    outer loop
      vertex 0 -32.2815 23.5368
      vertex 0 -31.6249 23.4616
      vertex 0 -31.5671 23.4208
    endloop
  endfacet
  facet normal -1 0 0
    outer loop
      vertex 0 -31.7687 23.6275
      vertex 0 -32.0779 23.6695
      vertex 0 -32.0367 23.7168
    endloop
  endfacet
  facet normal -1 -0 -0
    outer loop
      vertex 0 -32.5356 23.4926
      vertex 0 -31.3652 23.3427
      vertex 0 -32.6338 23.4981
    endloop
  endfacet
  facet normal -1 0 0
    outer loop
      vertex 0 -31.7687 23.6275
      vertex 0 -32.1237 23.6279
      vertex 0 -32.0779 23.6695
    endloop
  endfacet
  facet normal -1 0 0
    outer loop
      vertex 0 -31.7262 23.5653
      vertex 0 -32.1732 23.5921
      vertex 0 -32.1237 23.6279
    endloop
  endfacet
  facet normal -1 0 0
    outer loop
      vertex 0 -31.6782 23.5099
      vertex 0 -32.2258 23.5617
      vertex 0 -32.1732 23.5921
    endloop
  endfacet
  facet normal -1 0 0
    outer loop
      vertex 0 -31.6249 23.4616
      vertex 0 -32.2815 23.5368
      vertex 0 -32.2258 23.5617
    endloop
  endfacet
  facet normal -1 0 0
    outer loop
      vertex 0 -31.5671 23.4208
      vertex 0 -32.3404 23.5175
      vertex 0 -32.2815 23.5368
    endloop
  endfacet
  facet normal -1 0 0
    outer loop
      vertex 0 -31.5045 23.3873
      vertex 0 -32.3404 23.5175
      vertex 0 -31.5671 23.4208
    endloop
  endfacet
  facet normal -1 0 -0
    outer loop
      vertex 0 -32.3404 23.5175
      vertex 0 -31.5045 23.3873
      vertex 0 -32.4024 23.5037
    endloop
  endfacet
  facet normal -1 0 0
    outer loop
      vertex 0 -31.4372 23.3613
      vertex 0 -32.4674 23.4954
      vertex 0 -31.5045 23.3873
    endloop
  endfacet
  facet normal -1 0 -0
    outer loop
      vertex 0 -32.4024 23.5037
      vertex 0 -31.5045 23.3873
      vertex 0 -32.4674 23.4954
    endloop
  endfacet
  facet normal -1 0 0
    outer loop
      vertex 0 -31.3652 23.3427
      vertex 0 -32.5356 23.4926
      vertex 0 -31.4372 23.3613
    endloop
  endfacet
  facet normal -1 -0 0
    outer loop
      vertex 0 -32.6338 23.4981
      vertex 0 -41.5109 21.4119
      vertex 0 -32.7249 23.5146
    endloop
  endfacet
  facet normal -1 -0 0
    outer loop
      vertex 0 -32.7249 23.5146
      vertex 0 -41.5109 21.4119
      vertex 0 -32.8088 23.5422
    endloop
  endfacet
  facet normal -1 -0 0
    outer loop
      vertex 0 -33.2224 24.1536
      vertex 0 -41.5109 23.675
      vertex 0 -33.2409 24.2775
    endloop
  endfacet
  facet normal -1 0 0
    outer loop
      vertex 0 -33.2558 25.8688
      vertex 0 -41.4948 30.0027
      vertex 0 -33.2679 27.0578
    endloop
  endfacet
  facet normal -1 0 0
    outer loop
      vertex 0 -33.2679 27.0578
      vertex 0 -41.4948 30.0027
      vertex 0 -33.2849 27.183
    endloop
  endfacet
  facet normal -1 0 0
    outer loop
      vertex 0 -33.2849 27.183
      vertex 0 -41.4948 30.0027
      vertex 0 -33.2951 27.3191
    endloop
  endfacet
  facet normal -1 0 0
    outer loop
      vertex 0 -33.2951 27.3191
      vertex 0 -41.4948 30.0027
      vertex 0 -33.2985 27.4659
    endloop
  endfacet
  facet normal -1 0 0
    outer loop
      vertex 0 -41.5109 23.675
      vertex 0 -33.2224 24.1536
      vertex 0 -41.5109 22.9996
    endloop
  endfacet
  facet normal -1 -0 0
    outer loop
      vertex 0 -33.1963 24.0401
      vertex 0 -41.5109 22.9996
      vertex 0 -33.2224 24.1536
    endloop
  endfacet
  facet normal -1 -0 0
    outer loop
      vertex 0 -33.1629 23.9371
      vertex 0 -41.5109 22.9996
      vertex 0 -33.1963 24.0401
    endloop
  endfacet
  facet normal -1 0 0
    outer loop
      vertex 0 -41.5109 22.9996
      vertex 0 -33.1629 23.9371
      vertex 0 -41.5109 22.0121
    endloop
  endfacet
  facet normal -1 -0 0
    outer loop
      vertex 0 -33.122 23.8444
      vertex 0 -41.5109 22.0121
      vertex 0 -33.1629 23.9371
    endloop
  endfacet
  facet normal -1 0 0
    outer loop
      vertex 0 -41.5109 22.0121
      vertex 0 -33.122 23.8444
      vertex 0 -41.5109 21.4119
    endloop
  endfacet
  facet normal -1 0 0
    outer loop
      vertex 0 -41.5109 21.4119
      vertex 0 -33.122 23.8444
      vertex 0 -33.0737 23.7622
    endloop
  endfacet
  facet normal -1 0 0
    outer loop
      vertex 0 -41.5109 21.4119
      vertex 0 -33.0737 23.7622
      vertex 0 -33.0181 23.6907
    endloop
  endfacet
  facet normal -1 0 0
    outer loop
      vertex 0 -41.5109 21.4119
      vertex 0 -33.0181 23.6907
      vertex 0 -32.9555 23.6302
    endloop
  endfacet
  facet normal -1 0 0
    outer loop
      vertex 0 -33.2985 27.4659
      vertex 0 -41.4764 30.1604
      vertex 0 -41.4703 30.3292
    endloop
  endfacet
  facet normal -1 0 0
    outer loop
      vertex 0 -33.2985 27.4659
      vertex 0 -41.4948 30.0027
      vertex 0 -41.4764 30.1604
    endloop
  endfacet
  facet normal -1 -0 0
    outer loop
      vertex 0 -33.2409 24.2775
      vertex 0 -41.5109 23.675
      vertex 0 -33.2521 24.4119
    endloop
  endfacet
  facet normal -1 -0 0
    outer loop
      vertex 0 -32.8857 23.5807
      vertex 0 -41.5109 21.4119
      vertex 0 -32.9555 23.6302
    endloop
  endfacet
  facet normal -1 -0 0
    outer loop
      vertex 0 -32.8088 23.5422
      vertex 0 -41.5109 21.4119
      vertex 0 -32.8857 23.5807
    endloop
  endfacet
  facet normal -1 0 -0
    outer loop
      vertex 0 -32.4674 23.4954
      vertex 0 -31.4372 23.3613
      vertex 0 -32.5356 23.4926
    endloop
  endfacet
  facet normal -1 0 0
    outer loop
      vertex 0 -70.68 0.799999
      vertex 0 -43.9135 20.4842
      vertex 0 7.78976 0.799999
    endloop
  endfacet
  facet normal -1 0 0
    outer loop
      vertex 0 -49.0042 33.8858
      vertex 0 -44.3774 22.9377
      vertex 0 -44.3774 20.4842
    endloop
  endfacet
  facet normal -1 0 0
    outer loop
      vertex 0 -44.3729 24.0704
      vertex 0 -49.0042 33.8858
      vertex 0 -44.3774 24.2121
    endloop
  endfacet
  facet normal -1 -0 -0
    outer loop
      vertex 0 -48.8075 33.7133
      vertex 0 -44.3774 24.2121
      vertex 0 -49.0042 33.8858
    endloop
  endfacet
  facet normal -1 -0 -0
    outer loop
      vertex 0 -48.59 33.5679
      vertex 0 -44.3774 25.6443
      vertex 0 -48.8075 33.7133
    endloop
  endfacet
  facet normal -1 0 0
    outer loop
      vertex 0 -44.3774 25.6443
      vertex 0 -48.59 33.5679
      vertex 0 -44.3774 27.0041
    endloop
  endfacet
  facet normal -1 0 0
    outer loop
      vertex 0 -44.3774 27.0041
      vertex 0 -48.3554 33.4522
      vertex 0 -44.3774 27.7121
    endloop
  endfacet
  facet normal -1 0 0
    outer loop
      vertex 0 -44.3774 27.7121
      vertex 0 -48.1076 33.3681
      vertex 0 -44.3774 29.0455
    endloop
  endfacet
  facet normal -1 0 0
    outer loop
      vertex 0 -44.3774 29.0455
      vertex 0 -47.8511 33.3171
      vertex 0 -44.3774 29.6456
    endloop
  endfacet
  facet normal -1 0 0
    outer loop
      vertex 0 -44.3774 29.6456
      vertex 0 -47.59 33.3
      vertex 0 -44.3774 30.9496
    endloop
  endfacet
  facet normal -1 0 0
    outer loop
      vertex 0 -44.3774 30.9496
      vertex 0 -47.59 33.3
      vertex 0 -44.3774 31.5498
    endloop
  endfacet
  facet normal -1 -0 -0
    outer loop
      vertex 0 -47.59 33.3
      vertex 0 -44.3774 29.6456
      vertex 0 -47.8511 33.3171
    endloop
  endfacet
  facet normal -1 -0 -0
    outer loop
      vertex 0 -47.8511 33.3171
      vertex 0 -44.3774 29.0455
      vertex 0 -48.1076 33.3681
    endloop
  endfacet
  facet normal -1 -0 -0
    outer loop
      vertex 0 -48.1076 33.3681
      vertex 0 -44.3774 27.7121
      vertex 0 -48.3554 33.4522
    endloop
  endfacet
  facet normal -1 -0 -0
    outer loop
      vertex 0 -48.3554 33.4522
      vertex 0 -44.3774 27.0041
      vertex 0 -48.59 33.5679
    endloop
  endfacet
  facet normal -1 0 0
    outer loop
      vertex 0 -44.3774 24.2121
      vertex 0 -48.8075 33.7133
      vertex 0 -44.3774 25.6443
    endloop
  endfacet
  facet normal -1 0 0
    outer loop
      vertex 0 -44.3774 20.4842
      vertex 0 -49.1767 34.0825
      vertex 0 -49.0042 33.8858
    endloop
  endfacet
  facet normal -1 0 0
    outer loop
      vertex 0 -70.68 0.799999
      vertex 0 -49.1767 34.0825
      vertex 0 -44.3774 20.4842
    endloop
  endfacet
  facet normal -1 0 0
    outer loop
      vertex 0 -70.68 42.39
      vertex 0 -49.1767 34.0825
      vertex 0 -70.68 0.799999
    endloop
  endfacet
  facet normal -1 -0 0
    outer loop
      vertex 0 -43.9135 20.4842
      vertex 0 -70.68 0.799999
      vertex 0 -44.3774 20.4842
    endloop
  endfacet
  facet normal -1 0 0
    outer loop
      vertex 0 -49.1767 34.0825
      vertex 0 -70.68 42.39
      vertex 0 -49.3221 34.3
    endloop
  endfacet
  facet normal -1 0 0
    outer loop
      vertex 0 -49.3221 34.3
      vertex 0 -70.68 42.39
      vertex 0 -49.4378 34.5346
    endloop
  endfacet
  facet normal -1 0 0
    outer loop
      vertex 0 -49.4378 34.5346
      vertex 0 -70.68 42.39
      vertex 0 -49.5219 34.7824
    endloop
  endfacet
  facet normal -1 0 0
    outer loop
      vertex 0 -49.5219 34.7824
      vertex 0 -70.68 42.39
      vertex 0 -49.5729 35.0389
    endloop
  endfacet
  facet normal -1 0 0
    outer loop
      vertex 0 -49.5729 35.0389
      vertex 0 -70.68 42.39
      vertex 0 -49.59 35.3
    endloop
  endfacet
  facet normal -1 0 0
    outer loop
      vertex 0 -49.59 35.3
      vertex 0 -70.68 42.39
      vertex 0 -49.59 42.4
    endloop
  endfacet
  facet normal -1 -0 0
    outer loop
      vertex 0 -49.59 42.4
      vertex 0 -70.68 42.39
      vertex 0 -70.68 42.4
    endloop
  endfacet
  facet normal -1 -0 0
    outer loop
      vertex 0 -3.35692 42.4
      vertex 0 -25.09 35.3
      vertex 0 -25.09 42.4
    endloop
  endfacet
  facet normal -1 0 0
    outer loop
      vertex 0 -26.8289 33.3171
      vertex 0 -30.3487 30.3292
      vertex 0 -27.09 33.3
    endloop
  endfacet
  facet normal -1 0 0
    outer loop
      vertex 0 -30.3546 30.4926
      vertex 0 -27.09 33.3
      vertex 0 -30.3487 30.3292
    endloop
  endfacet
  facet normal -1 0 0
    outer loop
      vertex 0 -30.3723 30.6448
      vertex 0 -27.09 33.3
      vertex 0 -30.3546 30.4926
    endloop
  endfacet
  facet normal -1 0 0
    outer loop
      vertex 0 -30.4018 30.7856
      vertex 0 -27.09 33.3
      vertex 0 -30.3723 30.6448
    endloop
  endfacet
  facet normal -1 0 0
    outer loop
      vertex 0 -30.443 30.9151
      vertex 0 -27.09 33.3
      vertex 0 -30.4018 30.7856
    endloop
  endfacet
  facet normal -1 0 0
    outer loop
      vertex 0 -30.4961 31.0332
      vertex 0 -27.09 33.3
      vertex 0 -30.443 30.9151
    endloop
  endfacet
  facet normal -1 0 0
    outer loop
      vertex 0 -30.5609 31.14
      vertex 0 -27.09 33.3
      vertex 0 -30.4961 31.0332
    endloop
  endfacet
  facet normal -1 0 0
    outer loop
      vertex 0 -30.6376 31.2355
      vertex 0 -27.09 33.3
      vertex 0 -30.5609 31.14
    endloop
  endfacet
  facet normal -1 0 0
    outer loop
      vertex 0 -30.7252 31.3189
      vertex 0 -27.09 33.3
      vertex 0 -30.6376 31.2355
    endloop
  endfacet
  facet normal -1 0 0
    outer loop
      vertex 0 -30.8229 31.3894
      vertex 0 -27.09 33.3
      vertex 0 -30.7252 31.3189
    endloop
  endfacet
  facet normal -1 0 0
    outer loop
      vertex 0 -30.9308 31.4471
      vertex 0 -27.09 33.3
      vertex 0 -30.8229 31.3894
    endloop
  endfacet
  facet normal -1 0 0
    outer loop
      vertex 0 -31.0488 31.492
      vertex 0 -27.09 33.3
      vertex 0 -30.9308 31.4471
    endloop
  endfacet
  facet normal -1 0 0
    outer loop
      vertex 0 -31.1769 31.5241
      vertex 0 -27.09 33.3
      vertex 0 -31.0488 31.492
    endloop
  endfacet
  facet normal -1 0 0
    outer loop
      vertex 0 -31.3151 31.5434
      vertex 0 -27.09 33.3
      vertex 0 -31.1769 31.5241
    endloop
  endfacet
  facet normal -1 0 0
    outer loop
      vertex 0 -31.4635 31.5498
      vertex 0 -27.09 33.3
      vertex 0 -31.3151 31.5434
    endloop
  endfacet
  facet normal -1 0 0
    outer loop
      vertex 0 -33.2558 31.5498
      vertex 0 -27.09 33.3
      vertex 0 -31.4635 31.5498
    endloop
  endfacet
  facet normal -1 0 0
    outer loop
      vertex 0 -41.4703 30.3292
      vertex 0 -33.2606 27.8949
      vertex 0 -33.2817 27.7628
    endloop
  endfacet
  facet normal -1 0 0
    outer loop
      vertex 0 -41.4703 30.3292
      vertex 0 -33.2817 27.7628
      vertex 0 -33.2943 27.6198
    endloop
  endfacet
  facet normal -1 0 0
    outer loop
      vertex 0 -41.4703 30.3292
      vertex 0 -33.2943 27.6198
      vertex 0 -33.2985 27.4659
    endloop
  endfacet
  facet normal -1 0 0
    outer loop
      vertex 0 -41.4762 30.4926
      vertex 0 -33.2558 30.9496
      vertex 0 -41.4703 30.3292
    endloop
  endfacet
  facet normal -1 0 0
    outer loop
      vertex 0 -41.4939 30.6448
      vertex 0 -33.2558 30.9496
      vertex 0 -41.4762 30.4926
    endloop
  endfacet
  facet normal -1 -0 0
    outer loop
      vertex 0 -33.2558 30.9496
      vertex 0 -41.4939 30.6448
      vertex 0 -33.2558 31.5498
    endloop
  endfacet
  facet normal -1 0 0
    outer loop
      vertex 0 -41.5233 30.7856
      vertex 0 -33.2558 31.5498
      vertex 0 -41.4939 30.6448
    endloop
  endfacet
  facet normal -1 0 0
    outer loop
      vertex 0 -41.5646 30.9151
      vertex 0 -33.2558 31.5498
      vertex 0 -41.5233 30.7856
    endloop
  endfacet
  facet normal -1 0 0
    outer loop
      vertex 0 -41.6176 31.0332
      vertex 0 -33.2558 31.5498
      vertex 0 -41.5646 30.9151
    endloop
  endfacet
  facet normal -1 0 0
    outer loop
      vertex 0 -41.6825 31.14
      vertex 0 -33.2558 31.5498
      vertex 0 -41.6176 31.0332
    endloop
  endfacet
  facet normal -1 0 0
    outer loop
      vertex 0 -41.7591 31.2355
      vertex 0 -33.2558 31.5498
      vertex 0 -41.6825 31.14
    endloop
  endfacet
  facet normal -1 0 0
    outer loop
      vertex 0 -41.8467 31.3189
      vertex 0 -33.2558 31.5498
      vertex 0 -41.7591 31.2355
    endloop
  endfacet
  facet normal -1 0 0
    outer loop
      vertex 0 -41.9445 31.3894
      vertex 0 -33.2558 31.5498
      vertex 0 -41.8467 31.3189
    endloop
  endfacet
  facet normal -1 0 0
    outer loop
      vertex 0 -42.0523 31.4471
      vertex 0 -33.2558 31.5498
      vertex 0 -41.9445 31.3894
    endloop
  endfacet
  facet normal -1 0 0
    outer loop
      vertex 0 -42.1703 31.492
      vertex 0 -33.2558 31.5498
      vertex 0 -42.0523 31.4471
    endloop
  endfacet
  facet normal -1 0 0
    outer loop
      vertex 0 -42.2985 31.5241
      vertex 0 -33.2558 31.5498
      vertex 0 -42.1703 31.492
    endloop
  endfacet
  facet normal -1 0 0
    outer loop
      vertex 0 -47.59 33.3
      vertex 0 -33.2558 31.5498
      vertex 0 -42.2985 31.5241
    endloop
  endfacet
  facet normal -1 0 0
    outer loop
      vertex 0 -47.59 33.3
      vertex 0 -42.2985 31.5241
      vertex 0 -42.4367 31.5434
    endloop
  endfacet
  facet normal -1 0 0
    outer loop
      vertex 0 -47.59 33.3
      vertex 0 -42.4367 31.5434
      vertex 0 -42.5851 31.5498
    endloop
  endfacet
  facet normal -1 0 0
    outer loop
      vertex 0 -47.59 33.3
      vertex 0 -42.5851 31.5498
      vertex 0 -44.3774 31.5498
    endloop
  endfacet
  facet normal -1 0 0
    outer loop
      vertex 0 -33.2558 31.5498
      vertex 0 -47.59 33.3
      vertex 0 -27.09 33.3
    endloop
  endfacet
  facet normal -1 0 0
    outer loop
      vertex 0 -26.3246 33.4522
      vertex 0 -30.3527 27.6267
      vertex 0 -26.5724 33.3681
    endloop
  endfacet
  facet normal -1 0 0
    outer loop
      vertex 0 -30.3894 25.8688
      vertex 0 -30.3896 27.0098
      vertex 0 -30.3669 27.1526
    endloop
  endfacet
  facet normal -1 0 0
    outer loop
      vertex 0 -30.3894 25.8688
      vertex 0 -30.4214 26.8789
      vertex 0 -30.3896 27.0098
    endloop
  endfacet
  facet normal -1 0 0
    outer loop
      vertex 0 -30.3894 25.8688
      vertex 0 -30.4623 26.7599
      vertex 0 -30.4214 26.8789
    endloop
  endfacet
  facet normal -1 0 0
    outer loop
      vertex 0 -30.3894 25.8688
      vertex 0 -30.5124 26.6528
      vertex 0 -30.4623 26.7599
    endloop
  endfacet
  facet normal -1 0 0
    outer loop
      vertex 0 -30.3894 25.8688
      vertex 0 -30.5714 26.5576
      vertex 0 -30.5124 26.6528
    endloop
  endfacet
  facet normal -1 0 0
    outer loop
      vertex 0 -30.3894 25.8688
      vertex 0 -30.6392 26.4747
      vertex 0 -30.5714 26.5576
    endloop
  endfacet
  facet normal -1 0 0
    outer loop
      vertex 0 -30.3894 25.8688
      vertex 0 -30.7149 26.4046
      vertex 0 -30.6392 26.4747
    endloop
  endfacet
  facet normal -1 0 0
    outer loop
      vertex 0 -30.3894 25.8688
      vertex 0 -30.7988 26.3473
      vertex 0 -30.7149 26.4046
    endloop
  endfacet
  facet normal -1 0 0
    outer loop
      vertex 0 -30.3894 25.8688
      vertex 0 -30.8908 26.3027
      vertex 0 -30.7988 26.3473
    endloop
  endfacet
  facet normal -1 0 0
    outer loop
      vertex 0 -30.3894 25.8688
      vertex 0 -30.9909 26.2708
      vertex 0 -30.8908 26.3027
    endloop
  endfacet
  facet normal -1 0 0
    outer loop
      vertex 0 -30.3894 25.8688
      vertex 0 -31.0991 26.2517
      vertex 0 -30.9909 26.2708
    endloop
  endfacet
  facet normal -1 0 0
    outer loop
      vertex 0 -30.3894 25.8688
      vertex 0 -31.2153 26.2453
      vertex 0 -31.0991 26.2517
    endloop
  endfacet
  facet normal -1 0 0
    outer loop
      vertex 0 -30.3894 25.8688
      vertex 0 -31.2656 26.2464
      vertex 0 -31.2153 26.2453
    endloop
  endfacet
  facet normal -1 0 0
    outer loop
      vertex 0 -30.3894 25.8688
      vertex 0 -31.3142 26.2498
      vertex 0 -31.2656 26.2464
    endloop
  endfacet
  facet normal -1 0 0
    outer loop
      vertex 0 -30.3894 25.8688
      vertex 0 -31.3611 26.2554
      vertex 0 -31.3142 26.2498
    endloop
  endfacet
  facet normal -1 0 0
    outer loop
      vertex 0 -30.3894 25.8688
      vertex 0 -31.4063 26.2632
      vertex 0 -31.3611 26.2554
    endloop
  endfacet
  facet normal -1 0 0
    outer loop
      vertex 0 -33.2558 25.8688
      vertex 0 -31.4063 26.2632
      vertex 0 -30.3894 25.8688
    endloop
  endfacet
  facet normal -1 -0 0
    outer loop
      vertex 0 -31.4063 26.2632
      vertex 0 -33.2558 25.8688
      vertex 0 -31.4498 26.2733
    endloop
  endfacet
  facet normal -1 -0 0
    outer loop
      vertex 0 -31.4498 26.2733
      vertex 0 -33.2558 25.8688
      vertex 0 -31.4916 26.2856
    endloop
  endfacet
  facet normal -1 0 0
    outer loop
      vertex 0 -32.501 26.9024
      vertex 0 -32.1023 27.3316
      vertex 0 -32.0776 27.2185
    endloop
  endfacet
  facet normal -1 0 0
    outer loop
      vertex 0 -32.5521 26.9171
      vertex 0 -32.1023 27.3316
      vertex 0 -32.501 26.9024
    endloop
  endfacet
  facet normal -1 0 0
    outer loop
      vertex 0 -32.5994 26.9355
      vertex 0 -32.1023 27.3316
      vertex 0 -32.5521 26.9171
    endloop
  endfacet
  facet normal -1 0 0
    outer loop
      vertex 0 -32.6429 26.9578
      vertex 0 -32.1023 27.3316
      vertex 0 -32.5994 26.9355
    endloop
  endfacet
  facet normal -1 0 0
    outer loop
      vertex 0 -32.501 26.9024
      vertex 0 -32.0776 27.2185
      vertex 0 -32.0534 27.1148
    endloop
  endfacet
  facet normal -1 0 0
    outer loop
      vertex 0 -32.6827 26.9838
      vertex 0 -32.1023 27.3316
      vertex 0 -32.6429 26.9578
    endloop
  endfacet
  facet normal -1 0 0
    outer loop
      vertex 0 -32.7188 27.0136
      vertex 0 -32.1023 27.3316
      vertex 0 -32.6827 26.9838
    endloop
  endfacet
  facet normal -1 0 0
    outer loop
      vertex 0 -32.5316 28.0233
      vertex 0 -32.1969 27.7093
      vertex 0 -32.18 27.6528
    endloop
  endfacet
  facet normal -1 0 0
    outer loop
      vertex 0 -32.501 26.9024
      vertex 0 -32.0534 27.1148
      vertex 0 -32.0298 27.0208
    endloop
  endfacet
  facet normal -1 0 0
    outer loop
      vertex 0 -32.5316 28.0233
      vertex 0 -32.2127 27.7561
      vertex 0 -32.1969 27.7093
    endloop
  endfacet
  facet normal -1 0 0
    outer loop
      vertex 0 -32.5316 28.0233
      vertex 0 -32.2274 27.7935
      vertex 0 -32.2127 27.7561
    endloop
  endfacet
  facet normal -1 0 0
    outer loop
      vertex 0 -32.5316 28.0233
      vertex 0 -32.2421 27.8249
      vertex 0 -32.2274 27.7935
    endloop
  endfacet
  facet normal -1 0 0
    outer loop
      vertex 0 -32.501 26.9024
      vertex 0 -32.0298 27.0208
      vertex 0 -32.0066 26.9364
    endloop
  endfacet
  facet normal -1 0 0
    outer loop
      vertex 0 -32.5316 28.0233
      vertex 0 -32.2576 27.854
      vertex 0 -32.2421 27.8249
    endloop
  endfacet
  facet normal -1 0 0
    outer loop
      vertex 0 -32.5316 28.0233
      vertex 0 -32.2741 27.8808
      vertex 0 -32.2576 27.854
    endloop
  endfacet
  facet normal -1 0 0
    outer loop
      vertex 0 -32.501 26.9024
      vertex 0 -32.0066 26.9364
      vertex 0 -31.9841 26.8616
    endloop
  endfacet
  facet normal -1 0 0
    outer loop
      vertex 0 -32.5316 28.0233
      vertex 0 -32.2914 27.9054
      vertex 0 -32.2741 27.8808
    endloop
  endfacet
  facet normal -1 0 0
    outer loop
      vertex 0 -32.2914 27.9054
      vertex 0 -32.5004 28.0222
      vertex 0 -32.3095 27.9277
    endloop
  endfacet
  facet normal -1 0 0
    outer loop
      vertex 0 -32.3095 27.9277
      vertex 0 -32.5004 28.0222
      vertex 0 -32.3286 27.9477
    endloop
  endfacet
  facet normal -1 0 0
    outer loop
      vertex 0 -32.501 26.9024
      vertex 0 -31.9841 26.8616
      vertex 0 -31.9621 26.7963
    endloop
  endfacet
  facet normal -1 -0 -0
    outer loop
      vertex 0 -32.471 28.0186
      vertex 0 -32.3286 27.9477
      vertex 0 -32.5004 28.0222
    endloop
  endfacet
  facet normal -1 -0 -0
    outer loop
      vertex 0 -32.4431 28.0127
      vertex 0 -32.3286 27.9477
      vertex 0 -32.471 28.0186
    endloop
  endfacet
  facet normal -1 0 0
    outer loop
      vertex 0 -32.3286 27.9477
      vertex 0 -32.4431 28.0127
      vertex 0 -32.3485 27.9654
    endloop
  endfacet
  facet normal -1 0 0
    outer loop
      vertex 0 -32.501 26.9024
      vertex 0 -31.9621 26.7963
      vertex 0 -31.9406 26.7407
    endloop
  endfacet
  facet normal -1 0 0
    outer loop
      vertex 0 -32.3485 27.9654
      vertex 0 -32.4431 28.0127
      vertex 0 -32.3696 27.9808
    endloop
  endfacet
  facet normal -1 0 0
    outer loop
      vertex 0 -32.3925 27.9938
      vertex 0 -32.4431 28.0127
      vertex 0 -32.417 28.0044
    endloop
  endfacet
  facet normal -1 0 0
    outer loop
      vertex 0 -32.3696 27.9808
      vertex 0 -32.4431 28.0127
      vertex 0 -32.3925 27.9938
    endloop
  endfacet
  facet normal -1 0 0
    outer loop
      vertex 0 -32.5804 26.3206
      vertex 0 -31.9406 26.7407
      vertex 0 -31.9189 26.6913
    endloop
  endfacet
  facet normal -1 0 0
    outer loop
      vertex 0 -32.5804 26.3206
      vertex 0 -31.9189 26.6913
      vertex 0 -31.8962 26.645
    endloop
  endfacet
  facet normal -1 0 0
    outer loop
      vertex 0 -32.5804 26.3206
      vertex 0 -31.8962 26.645
      vertex 0 -31.8724 26.6017
    endloop
  endfacet
  facet normal -1 0 0
    outer loop
      vertex 0 -32.5804 26.3206
      vertex 0 -31.8724 26.6017
      vertex 0 -31.8477 26.5615
    endloop
  endfacet
  facet normal -1 0 0
    outer loop
      vertex 0 -32.5804 26.3206
      vertex 0 -31.8477 26.5615
      vertex 0 -31.822 26.5243
    endloop
  endfacet
  facet normal -1 0 0
    outer loop
      vertex 0 -32.5804 26.3206
      vertex 0 -31.822 26.5243
      vertex 0 -31.7954 26.4901
    endloop
  endfacet
  facet normal -1 0 0
    outer loop
      vertex 0 -32.5804 26.3206
      vertex 0 -31.7954 26.4901
      vertex 0 -31.7677 26.4589
    endloop
  endfacet
  facet normal -1 0 0
    outer loop
      vertex 0 -32.5804 26.3206
      vertex 0 -31.7677 26.4589
      vertex 0 -31.7387 26.4303
    endloop
  endfacet
  facet normal -1 0 0
    outer loop
      vertex 0 -32.5804 26.3206
      vertex 0 -31.7387 26.4303
      vertex 0 -31.7081 26.4036
    endloop
  endfacet
  facet normal -1 0 0
    outer loop
      vertex 0 -32.5804 26.3206
      vertex 0 -31.7081 26.4036
      vertex 0 -31.676 26.3789
    endloop
  endfacet
  facet normal -1 0 0
    outer loop
      vertex 0 -32.5804 26.3206
      vertex 0 -31.676 26.3789
      vertex 0 -31.6423 26.3563
    endloop
  endfacet
  facet normal -1 -0 0
    outer loop
      vertex 0 -31.9406 26.7407
      vertex 0 -32.5804 26.3206
      vertex 0 -32.501 26.9024
    endloop
  endfacet
  facet normal -1 -0 0
    outer loop
      vertex 0 -31.607 26.3356
      vertex 0 -32.5804 26.3206
      vertex 0 -31.6423 26.3563
    endloop
  endfacet
  facet normal -1 0 0
    outer loop
      vertex 0 -31.5701 26.3169
      vertex 0 -32.5804 26.3206
      vertex 0 -31.607 26.3356
    endloop
  endfacet
  facet normal -1 0 0
    outer loop
      vertex 0 -31.5317 26.3002
      vertex 0 -32.5804 26.3206
      vertex 0 -31.5701 26.3169
    endloop
  endfacet
  facet normal -1 -0 0
    outer loop
      vertex 0 -31.4916 26.2856
      vertex 0 -33.2558 25.8688
      vertex 0 -31.5317 26.3002
    endloop
  endfacet
  facet normal -1 -0 0
    outer loop
      vertex 0 -31.5317 26.3002
      vertex 0 -33.2558 25.8688
      vertex 0 -32.5804 26.3206
    endloop
  endfacet
  facet normal -1 0 0
    outer loop
      vertex 0 -33.2558 25.8688
      vertex 0 -32.6858 26.3465
      vertex 0 -32.5804 26.3206
    endloop
  endfacet
  facet normal -1 0 0
    outer loop
      vertex 0 -33.2558 25.8688
      vertex 0 -32.7823 26.3803
      vertex 0 -32.6858 26.3465
    endloop
  endfacet
  facet normal -1 0 0
    outer loop
      vertex 0 -33.2558 25.8688
      vertex 0 -32.87 26.4218
      vertex 0 -32.7823 26.3803
    endloop
  endfacet
  facet normal -1 0 0
    outer loop
      vertex 0 -33.2558 25.8688
      vertex 0 -32.9487 26.471
      vertex 0 -32.87 26.4218
    endloop
  endfacet
  facet normal -1 0 0
    outer loop
      vertex 0 -33.2558 25.8688
      vertex 0 -33.0186 26.5281
      vertex 0 -32.9487 26.471
    endloop
  endfacet
  facet normal -1 0 0
    outer loop
      vertex 0 -33.2558 25.8688
      vertex 0 -33.0796 26.5928
      vertex 0 -33.0186 26.5281
    endloop
  endfacet
  facet normal -1 0 0
    outer loop
      vertex 0 -33.2558 25.8688
      vertex 0 -33.1317 26.6654
      vertex 0 -33.0796 26.5928
    endloop
  endfacet
  facet normal -1 0 0
    outer loop
      vertex 0 -33.2558 25.8688
      vertex 0 -33.176 26.7473
      vertex 0 -33.1317 26.6654
    endloop
  endfacet
  facet normal -1 0 0
    outer loop
      vertex 0 -33.2558 25.8688
      vertex 0 -33.2134 26.8399
      vertex 0 -33.176 26.7473
    endloop
  endfacet
  facet normal -1 0 0
    outer loop
      vertex 0 -33.2558 25.8688
      vertex 0 -33.2441 26.9435
      vertex 0 -33.2134 26.8399
    endloop
  endfacet
  facet normal -1 -0 0
    outer loop
      vertex 0 -33.2441 26.9435
      vertex 0 -33.2558 25.8688
      vertex 0 -33.2679 27.0578
    endloop
  endfacet
  facet normal -1 0 0
    outer loop
      vertex 0 -42.695 26.9451
      vertex 0 -42.9451 27.6832
      vertex 0 -42.695 27.7691
    endloop
  endfacet
  facet normal -1 0 0
    outer loop
      vertex 0 -42.695 26.9451
      vertex 0 -43.1609 27.6093
      vertex 0 -42.9451 27.6832
    endloop
  endfacet
  facet normal -1 0 0
    outer loop
      vertex 0 -43.5189 27.2279
      vertex 0 -43.1609 27.6093
      vertex 0 -42.695 26.9451
    endloop
  endfacet
  facet normal -1 0 0
    outer loop
      vertex 0 -43.1609 27.6093
      vertex 0 -43.5189 27.2279
      vertex 0 -43.3424 27.5473
    endloop
  endfacet
  facet normal -1 0 0
    outer loop
      vertex 0 -43.3424 27.5473
      vertex 0 -43.5189 27.2279
      vertex 0 -43.4894 27.4973
    endloop
  endfacet
  facet normal -1 0 0
    outer loop
      vertex 0 -43.5189 27.2279
      vertex 0 -43.6021 27.4593
      vertex 0 -43.4894 27.4973
    endloop
  endfacet
  facet normal -1 0 0
    outer loop
      vertex 0 -43.5189 27.2279
      vertex 0 -43.6804 27.4332
      vertex 0 -43.6021 27.4593
    endloop
  endfacet
  facet normal -1 0 0
    outer loop
      vertex 0 -43.7955 27.3154
      vertex 0 -43.6804 27.4332
      vertex 0 -43.5189 27.2279
    endloop
  endfacet
  facet normal -1 0 0
    outer loop
      vertex 0 -43.6804 27.4332
      vertex 0 -43.7955 27.3154
      vertex 0 -43.7243 27.4191
    endloop
  endfacet
  facet normal -1 0 0
    outer loop
      vertex 0 -43.7243 27.4191
      vertex 0 -43.7955 27.3154
      vertex 0 -43.7507 27.4112
    endloop
  endfacet
  facet normal -1 0 0
    outer loop
      vertex 0 -43.7507 27.4112
      vertex 0 -43.7955 27.3154
      vertex 0 -43.7761 27.4035
    endloop
  endfacet
  facet normal -1 0 0
    outer loop
      vertex 0 -43.7955 27.3154
      vertex 0 -43.8008 27.3962
      vertex 0 -43.7761 27.4035
    endloop
  endfacet
  facet normal -1 0 0
    outer loop
      vertex 0 -43.7955 27.3154
      vertex 0 -43.8246 27.3892
      vertex 0 -43.8008 27.3962
    endloop
  endfacet
  facet normal -1 0 0
    outer loop
      vertex 0 -43.7955 27.3154
      vertex 0 -43.8476 27.3826
      vertex 0 -43.8246 27.3892
    endloop
  endfacet
  facet normal -1 0 0
    outer loop
      vertex 0 -43.7955 27.3154
      vertex 0 -43.8698 27.3763
      vertex 0 -43.8476 27.3826
    endloop
  endfacet
  facet normal -1 0 0
    outer loop
      vertex 0 -43.7955 27.3154
      vertex 0 -43.8912 27.3703
      vertex 0 -43.8698 27.3763
    endloop
  endfacet
  facet normal -1 0 -0
    outer loop
      vertex 0 -43.8912 27.3703
      vertex 0 -43.7955 27.3154
      vertex 0 -43.9359 27.3581
    endloop
  endfacet
  facet normal -1 0 0
    outer loop
      vertex 0 -31.6568 24.5078
      vertex 0 -30.8349 24.4854
      vertex 0 -30.8371 24.406
    endloop
  endfacet
  facet normal -1 0 0
    outer loop
      vertex 0 -31.6486 24.3545
      vertex 0 -30.8371 24.406
      vertex 0 -30.8435 24.333
    endloop
  endfacet
  facet normal -1 0 0
    outer loop
      vertex 0 -31.6486 24.3545
      vertex 0 -30.8435 24.333
      vertex 0 -30.8541 24.2664
    endloop
  endfacet
  facet normal -1 0 0
    outer loop
      vertex 0 -31.6239 24.2248
      vertex 0 -30.8541 24.2664
      vertex 0 -30.8691 24.2061
    endloop
  endfacet
  facet normal -1 0 0
    outer loop
      vertex 0 -31.1963 23.9327
      vertex 0 -30.8691 24.2061
      vertex 0 -30.8884 24.1521
    endloop
  endfacet
  facet normal -1 0 0
    outer loop
      vertex 0 -31.1428 23.9409
      vertex 0 -30.8884 24.1521
      vertex 0 -30.9119 24.1045
    endloop
  endfacet
  facet normal -1 0 0
    outer loop
      vertex 0 -31.1428 23.9409
      vertex 0 -30.9119 24.1045
      vertex 0 -30.9397 24.0633
    endloop
  endfacet
  facet normal -1 0 0
    outer loop
      vertex 0 -31.1428 23.9409
      vertex 0 -30.9397 24.0633
      vertex 0 -30.9717 24.0279
    endloop
  endfacet
  facet normal -1 0 0
    outer loop
      vertex 0 -31.1428 23.9409
      vertex 0 -30.9717 24.0279
      vertex 0 -31.0081 23.998
    endloop
  endfacet
  facet normal -1 0 0
    outer loop
      vertex 0 -31.1428 23.9409
      vertex 0 -31.0081 23.998
      vertex 0 -31.0487 23.9735
    endloop
  endfacet
  facet normal -1 0 0
    outer loop
      vertex 0 -31.1428 23.9409
      vertex 0 -31.0487 23.9735
      vertex 0 -31.0936 23.9545
    endloop
  endfacet
  facet normal -1 0 0
    outer loop
      vertex 0 -30.8884 24.1521
      vertex 0 -31.1428 23.9409
      vertex 0 -31.1963 23.9327
    endloop
  endfacet
  facet normal -1 -0 0
    outer loop
      vertex 0 -30.8691 24.2061
      vertex 0 -31.1963 23.9327
      vertex 0 -31.6239 24.2248
    endloop
  endfacet
  facet normal -1 0 0
    outer loop
      vertex 0 -31.6239 24.2248
      vertex 0 -31.1963 23.9327
      vertex 0 -31.254 23.93
    endloop
  endfacet
  facet normal -1 0 0
    outer loop
      vertex 0 -31.5828 24.1187
      vertex 0 -31.254 23.93
      vertex 0 -31.3608 23.9418
    endloop
  endfacet
  facet normal -1 0 0
    outer loop
      vertex 0 -31.5253 24.0361
      vertex 0 -31.3608 23.9418
      vertex 0 -31.4513 23.9772
    endloop
  endfacet
  facet normal -1 0 0
    outer loop
      vertex 0 -31.3608 23.9418
      vertex 0 -31.5253 24.0361
      vertex 0 -31.5828 24.1187
    endloop
  endfacet
  facet normal -1 0 0
    outer loop
      vertex 0 -31.254 23.93
      vertex 0 -31.5828 24.1187
      vertex 0 -31.6239 24.2248
    endloop
  endfacet
  facet normal -1 -0 0
    outer loop
      vertex 0 -30.8541 24.2664
      vertex 0 -31.6239 24.2248
      vertex 0 -31.6486 24.3545
    endloop
  endfacet
  facet normal -1 -0 0
    outer loop
      vertex 0 -30.8371 24.406
      vertex 0 -31.6486 24.3545
      vertex 0 -31.6568 24.5078
    endloop
  endfacet
  facet normal -1 0 0
    outer loop
      vertex 0 -30.8349 24.4854
      vertex 0 -31.6568 24.5078
      vertex 0 -30.8349 25.2686
    endloop
  endfacet
  facet normal -1 -0 0
    outer loop
      vertex 0 -30.8349 25.2686
      vertex 0 -31.6568 24.5078
      vertex 0 -31.6568 25.2686
    endloop
  endfacet
  facet normal -1 0 0
    outer loop
      vertex 0 -32.8086 24.5184
      vertex 0 -32.1003 24.581
      vertex 0 -32.1021 24.5112
    endloop
  endfacet
  facet normal -1 0 0
    outer loop
      vertex 0 -32.8036 24.4565
      vertex 0 -32.1021 24.5112
      vertex 0 -32.1075 24.4471
    endloop
  endfacet
  facet normal -1 0 0
    outer loop
      vertex 0 -32.7953 24.3994
      vertex 0 -32.1075 24.4471
      vertex 0 -32.1165 24.3887
    endloop
  endfacet
  facet normal -1 0 0
    outer loop
      vertex 0 -32.7837 24.3473
      vertex 0 -32.1165 24.3887
      vertex 0 -32.1292 24.3359
    endloop
  endfacet
  facet normal -1 0 0
    outer loop
      vertex 0 -32.4055 24.0992
      vertex 0 -32.1292 24.3359
      vertex 0 -32.1454 24.2889
    endloop
  endfacet
  facet normal -1 0 0
    outer loop
      vertex 0 -32.3603 24.1062
      vertex 0 -32.1454 24.2889
      vertex 0 -32.1653 24.2475
    endloop
  endfacet
  facet normal -1 0 0
    outer loop
      vertex 0 -32.3603 24.1062
      vertex 0 -32.1653 24.2475
      vertex 0 -32.1888 24.2118
    endloop
  endfacet
  facet normal -1 0 0
    outer loop
      vertex 0 -32.3603 24.1062
      vertex 0 -32.1888 24.2118
      vertex 0 -32.2159 24.1813
    endloop
  endfacet
  facet normal -1 0 0
    outer loop
      vertex 0 -32.3603 24.1062
      vertex 0 -32.2159 24.1813
      vertex 0 -32.2466 24.1555
    endloop
  endfacet
  facet normal -1 0 0
    outer loop
      vertex 0 -32.3603 24.1062
      vertex 0 -32.2466 24.1555
      vertex 0 -32.2809 24.1344
    endloop
  endfacet
  facet normal -1 0 0
    outer loop
      vertex 0 -32.3603 24.1062
      vertex 0 -32.2809 24.1344
      vertex 0 -32.3188 24.118
    endloop
  endfacet
  facet normal -1 0 0
    outer loop
      vertex 0 -32.1454 24.2889
      vertex 0 -32.3603 24.1062
      vertex 0 -32.4055 24.0992
    endloop
  endfacet
  facet normal -1 0 0
    outer loop
      vertex 0 -32.1292 24.3359
      vertex 0 -32.4055 24.0992
      vertex 0 -32.4543 24.0968
    endloop
  endfacet
  facet normal -1 -0 0
    outer loop
      vertex 0 -32.1292 24.3359
      vertex 0 -32.4543 24.0968
      vertex 0 -32.7837 24.3473
    endloop
  endfacet
  facet normal -1 0 0
    outer loop
      vertex 0 -32.7837 24.3473
      vertex 0 -32.4543 24.0968
      vertex 0 -32.5072 24.0994
    endloop
  endfacet
  facet normal -1 0 0
    outer loop
      vertex 0 -32.7687 24.3
      vertex 0 -32.5072 24.0994
      vertex 0 -32.5556 24.1069
    endloop
  endfacet
  facet normal -1 0 0
    outer loop
      vertex 0 -32.7505 24.2575
      vertex 0 -32.5556 24.1069
      vertex 0 -32.5994 24.1195
    endloop
  endfacet
  facet normal -1 0 0
    outer loop
      vertex 0 -32.7289 24.2199
      vertex 0 -32.5994 24.1195
      vertex 0 -32.6386 24.137
    endloop
  endfacet
  facet normal -1 0 0
    outer loop
      vertex 0 -32.7289 24.2199
      vertex 0 -32.6386 24.137
      vertex 0 -32.6733 24.1596
    endloop
  endfacet
  facet normal -1 0 0
    outer loop
      vertex 0 -32.7289 24.2199
      vertex 0 -32.6733 24.1596
      vertex 0 -32.7034 24.1873
    endloop
  endfacet
  facet normal -1 0 0
    outer loop
      vertex 0 -32.5994 24.1195
      vertex 0 -32.7289 24.2199
      vertex 0 -32.7505 24.2575
    endloop
  endfacet
  facet normal -1 0 0
    outer loop
      vertex 0 -32.5556 24.1069
      vertex 0 -32.7505 24.2575
      vertex 0 -32.7687 24.3
    endloop
  endfacet
  facet normal -1 0 0
    outer loop
      vertex 0 -32.5072 24.0994
      vertex 0 -32.7687 24.3
      vertex 0 -32.7837 24.3473
    endloop
  endfacet
  facet normal -1 -0 0
    outer loop
      vertex 0 -32.1165 24.3887
      vertex 0 -32.7837 24.3473
      vertex 0 -32.7953 24.3994
    endloop
  endfacet
  facet normal -1 -0 0
    outer loop
      vertex 0 -32.1075 24.4471
      vertex 0 -32.7953 24.3994
      vertex 0 -32.8036 24.4565
    endloop
  endfacet
  facet normal -1 -0 0
    outer loop
      vertex 0 -32.1021 24.5112
      vertex 0 -32.8036 24.4565
      vertex 0 -32.8086 24.5184
    endloop
  endfacet
  facet normal -1 -0 0
    outer loop
      vertex 0 -32.1003 24.581
      vertex 0 -32.8086 24.5184
      vertex 0 -32.8103 24.5851
    endloop
  endfacet
  facet normal -1 0 0
    outer loop
      vertex 0 -32.1003 24.581
      vertex 0 -32.8103 24.5851
      vertex 0 -32.1003 25.2686
    endloop
  endfacet
  facet normal -1 -0 0
    outer loop
      vertex 0 -32.1003 25.2686
      vertex 0 -32.8103 24.5851
      vertex 0 -32.8103 25.2686
    endloop
  endfacet
  facet normal -1 0 0
    outer loop
      vertex 0 -43.9115 24.2752
      vertex 0 -43.0652 24.2589
      vertex 0 -43.0675 24.1893
    endloop
  endfacet
  facet normal -1 0 0
    outer loop
      vertex 0 -43.9031 24.1348
      vertex 0 -43.0675 24.1893
      vertex 0 -43.0745 24.1247
    endloop
  endfacet
  facet normal -1 0 0
    outer loop
      vertex 0 -43.9031 24.1348
      vertex 0 -43.0745 24.1247
      vertex 0 -43.0861 24.0651
    endloop
  endfacet
  facet normal -1 0 0
    outer loop
      vertex 0 -43.4417 23.7489
      vertex 0 -43.0861 24.0651
      vertex 0 -43.1024 24.0104
    endloop
  endfacet
  facet normal -1 0 0
    outer loop
      vertex 0 -43.4417 23.7489
      vertex 0 -43.1024 24.0104
      vertex 0 -43.1233 23.9608
    endloop
  endfacet
  facet normal -1 0 0
    outer loop
      vertex 0 -43.3886 23.7568
      vertex 0 -43.1233 23.9608
      vertex 0 -43.1489 23.9161
    endloop
  endfacet
  facet normal -1 0 0
    outer loop
      vertex 0 -43.3392 23.7701
      vertex 0 -43.1489 23.9161
      vertex 0 -43.1791 23.8764
    endloop
  endfacet
  facet normal -1 0 0
    outer loop
      vertex 0 -43.3392 23.7701
      vertex 0 -43.1791 23.8764
      vertex 0 -43.2135 23.8419
    endloop
  endfacet
  facet normal -1 0 0
    outer loop
      vertex 0 -43.3392 23.7701
      vertex 0 -43.2135 23.8419
      vertex 0 -43.2517 23.8126
    endloop
  endfacet
  facet normal -1 0 0
    outer loop
      vertex 0 -43.3392 23.7701
      vertex 0 -43.2517 23.8126
      vertex 0 -43.2936 23.7887
    endloop
  endfacet
  facet normal -1 0 0
    outer loop
      vertex 0 -43.1489 23.9161
      vertex 0 -43.3392 23.7701
      vertex 0 -43.3886 23.7568
    endloop
  endfacet
  facet normal -1 0 0
    outer loop
      vertex 0 -43.1233 23.9608
      vertex 0 -43.3886 23.7568
      vertex 0 -43.4417 23.7489
    endloop
  endfacet
  facet normal -1 -0 0
    outer loop
      vertex 0 -43.0861 24.0651
      vertex 0 -43.4417 23.7489
      vertex 0 -43.9031 24.1348
    endloop
  endfacet
  facet normal -1 0 0
    outer loop
      vertex 0 -43.9031 24.1348
      vertex 0 -43.4417 23.7489
      vertex 0 -43.4985 23.7462
    endloop
  endfacet
  facet normal -1 0 0
    outer loop
      vertex 0 -43.8778 24.0161
      vertex 0 -43.4985 23.7462
      vertex 0 -43.6081 23.757
    endloop
  endfacet
  facet normal -1 0 0
    outer loop
      vertex 0 -43.8356 23.9189
      vertex 0 -43.6081 23.757
      vertex 0 -43.7008 23.7894
    endloop
  endfacet
  facet normal -1 0 0
    outer loop
      vertex 0 -43.8356 23.9189
      vertex 0 -43.7008 23.7894
      vertex 0 -43.7766 23.8434
    endloop
  endfacet
  facet normal -1 0 0
    outer loop
      vertex 0 -43.6081 23.757
      vertex 0 -43.8356 23.9189
      vertex 0 -43.8778 24.0161
    endloop
  endfacet
  facet normal -1 0 0
    outer loop
      vertex 0 -43.4985 23.7462
      vertex 0 -43.8778 24.0161
      vertex 0 -43.9031 24.1348
    endloop
  endfacet
  facet normal -1 -0 0
    outer loop
      vertex 0 -43.0675 24.1893
      vertex 0 -43.9031 24.1348
      vertex 0 -43.9115 24.2752
    endloop
  endfacet
  facet normal -1 0 0
    outer loop
      vertex 0 -43.0652 24.2589
      vertex 0 -43.9115 24.2752
      vertex 0 -43.0652 25.0441
    endloop
  endfacet
  facet normal -1 -0 0
    outer loop
      vertex 0 -43.0652 25.0441
      vertex 0 -43.9115 24.2752
      vertex 0 -43.9115 25.0441
    endloop
  endfacet
  facet normal -0.890636 0.439216 0.117716
    outer loop
      vertex 0.304489 9.3205 0.809999
      vertex 0.535904 -1.35692 42.4
      vertex 0.535904 9.78976 0.809999
    endloop
  endfacet
  facet normal -0.89064 0.439209 0.117714
    outer loop
      vertex 0.535904 -1.35692 42.4
      vertex 0.304489 9.3205 0.809999
      vertex 0.304489 -1.82619 42.4
    endloop
  endfacet
  facet normal -0.157078 0.790279 -0.592271
    outer loop
      vertex 3.17178 11.0951 0
      vertex 2.96472 11.6535 0.799999
      vertex 3.58232 11.1767 0
    endloop
  endfacet
  facet normal -0.25796 0.75964 -0.596996
    outer loop
      vertex 3.17178 11.0951 0
      vertex 2.77541 10.9605 0
      vertex 2.96472 11.6535 0.799999
    endloop
  endfacet
  facet normal 0.897186 0.441653 0
    outer loop
      vertex 121.495 9.3205 0.809999
      vertex 121.264 9.78976 0.799999
      vertex 121.264 9.78976 0.809999
    endloop
  endfacet
  facet normal 0.897186 0.441653 0
    outer loop
      vertex 121.264 9.78976 0.799999
      vertex 121.495 9.3205 0.809999
      vertex 121.495 9.3205 0.799999
    endloop
  endfacet
  facet normal 0.942933 0.321632 0.0862017
    outer loop
      vertex 121.495 -1.82619 42.4
      vertex 121.664 8.82504 0.809999
      vertex 121.495 9.3205 0.809999
    endloop
  endfacet
  facet normal 0.942931 0.321637 0.0862032
    outer loop
      vertex 121.664 8.82504 0.809999
      vertex 121.495 -1.82619 42.4
      vertex 121.664 -2.32164 42.4
    endloop
  endfacet
  facet normal 0.946456 0.322833 0
    outer loop
      vertex 121.664 8.82504 0.809999
      vertex 121.495 9.3205 0.799999
      vertex 121.495 9.3205 0.809999
    endloop
  endfacet
  facet normal 0.946456 0.322833 0
    outer loop
      vertex 121.495 9.3205 0.799999
      vertex 121.664 8.82504 0.809999
      vertex 121.664 8.82504 0.799999
    endloop
  endfacet
  facet normal -0.515778 0.588122 -0.622965
    outer loop
      vertex 2.05196 10.5429 0
      vertex 1.17157 10.6182 0.799999
      vertex 1.56496 10.9632 0.799999
    endloop
  endfacet
  facet normal -0.646346 0.737033 0.197535
    outer loop
      vertex 1.56496 10.9632 0.809999
      vertex 1.17157 -0.528491 42.4
      vertex 1.56496 -0.183505 42.4
    endloop
  endfacet
  facet normal -0.646361 0.73702 0.197532
    outer loop
      vertex 1.17157 -0.528491 42.4
      vertex 1.56496 10.9632 0.809999
      vertex 1.17157 10.6182 0.809999
    endloop
  endfacet
  facet normal -0.946924 0.321458 0
    outer loop
      vertex 0.136292 8.82504 0.799999
      vertex 0.304489 9.3205 0.809999
      vertex 0.304489 9.3205 0.799999
    endloop
  endfacet
  facet normal -0.946924 0.321458 0
    outer loop
      vertex 0.304489 9.3205 0.809999
      vertex 0.136292 8.82504 0.799999
      vertex 0.136292 8.82504 0.809999
    endloop
  endfacet
  facet normal -0.439125 0.657162 -0.612623
    outer loop
      vertex 2.39999 10.7754 0
      vertex 1.56496 10.9632 0.799999
      vertex 2 11.2539 0.799999
    endloop
  endfacet
  facet normal -0.581049 0.509542 -0.634626
    outer loop
      vertex 1.46127 9.95217 0
      vertex 0.826584 10.2248 0.799999
      vertex 1.17157 10.6182 0.799999
    endloop
  endfacet
  facet normal -0.633841 0.423532 -0.647198
    outer loop
      vertex 1.22871 9.60413 0
      vertex 0.826584 10.2248 0.799999
      vertex 1.46127 9.95217 0
    endloop
  endfacet
  facet normal -0.831474 0.555564 0
    outer loop
      vertex 0.535904 9.78976 0.799999
      vertex 0.826584 10.2248 0.809999
      vertex 0.826584 10.2248 0.799999
    endloop
  endfacet
  facet normal -0.831474 0.555564 0
    outer loop
      vertex 0.826584 10.2248 0.809999
      vertex 0.535904 9.78976 0.799999
      vertex 0.535904 9.78976 0.809999
    endloop
  endfacet
  facet normal -0.822407 0.549506 0.147275
    outer loop
      vertex 0.535904 9.78976 0.809999
      vertex 0.826584 -0.921878 42.4
      vertex 0.826584 10.2248 0.809999
    endloop
  endfacet
  facet normal -0.822408 0.549505 0.147275
    outer loop
      vertex 0.826584 -0.921878 42.4
      vertex 0.535904 9.78976 0.809999
      vertex 0.535904 -1.35692 42.4
    endloop
  endfacet
  facet normal 0 -1 0
    outer loop
      vertex 6.77128 -2.4 7.2
      vertex 115.029 -2.4 42.4
      vertex 6.77128 -2.4 42.4
    endloop
  endfacet
  facet normal 0 -1 -0
    outer loop
      vertex 115.029 -2.4 42.4
      vertex 6.77128 -2.4 7.2
      vertex 115.029 -2.4 7.2
    endloop
  endfacet
  facet normal -1 0 0
    outer loop
      vertex 119.4 -67.9087 7.2
      vertex 119.4 -6.77129 42.4
      vertex 119.4 -6.77129 7.2
    endloop
  endfacet
  facet normal -1 -0 0
    outer loop
      vertex 119.4 -6.77129 42.4
      vertex 119.4 -67.9087 7.2
      vertex 119.4 -67.9087 42.4
    endloop
  endfacet
  facet normal 1 0 0
    outer loop
      vertex 2.4 -49.59 42.4
      vertex 2.4 -67.9087 42.4
      vertex 2.4 -49.59 35.3
    endloop
  endfacet
  facet normal 1 0 0
    outer loop
      vertex 2.4 -25.09 35.3
      vertex 2.4 -6.77128 42.4
      vertex 2.4 -25.09 42.4
    endloop
  endfacet
  facet normal 1 0 0
    outer loop
      vertex 2.4 -25.1071 35.0389
      vertex 2.4 -6.77128 42.4
      vertex 2.4 -25.09 35.3
    endloop
  endfacet
  facet normal 1 0 0
    outer loop
      vertex 2.4 -25.1581 34.7824
      vertex 2.4 -6.77128 42.4
      vertex 2.4 -25.1071 35.0389
    endloop
  endfacet
  facet normal 1 0 0
    outer loop
      vertex 2.4 -25.2422 34.5346
      vertex 2.4 -6.77128 42.4
      vertex 2.4 -25.1581 34.7824
    endloop
  endfacet
  facet normal 1 0 0
    outer loop
      vertex 2.4 -25.3579 34.3
      vertex 2.4 -6.77128 42.4
      vertex 2.4 -25.2422 34.5346
    endloop
  endfacet
  facet normal 1 0 0
    outer loop
      vertex 2.4 -6.77128 42.4
      vertex 2.4 -25.3579 34.3
      vertex 2.4 -6.77128 7.2
    endloop
  endfacet
  facet normal 1 -0 0
    outer loop
      vertex 2.4 -25.5033 34.0825
      vertex 2.4 -6.77128 7.2
      vertex 2.4 -25.3579 34.3
    endloop
  endfacet
  facet normal 1 -0 0
    outer loop
      vertex 2.4 -25.6758 33.8858
      vertex 2.4 -6.77128 7.2
      vertex 2.4 -25.5033 34.0825
    endloop
  endfacet
  facet normal 1 -0 0
    outer loop
      vertex 2.4 -25.8725 33.7133
      vertex 2.4 -6.77128 7.2
      vertex 2.4 -25.6758 33.8858
    endloop
  endfacet
  facet normal 1 -0 0
    outer loop
      vertex 2.4 -26.09 33.5679
      vertex 2.4 -6.77128 7.2
      vertex 2.4 -25.8725 33.7133
    endloop
  endfacet
  facet normal 1 -0 0
    outer loop
      vertex 2.4 -26.3246 33.4522
      vertex 2.4 -6.77128 7.2
      vertex 2.4 -26.09 33.5679
    endloop
  endfacet
  facet normal 1 -0 0
    outer loop
      vertex 2.4 -26.5724 33.3681
      vertex 2.4 -6.77128 7.2
      vertex 2.4 -26.3246 33.4522
    endloop
  endfacet
  facet normal 1 -0 0
    outer loop
      vertex 2.4 -26.8289 33.3171
      vertex 2.4 -6.77128 7.2
      vertex 2.4 -26.5724 33.3681
    endloop
  endfacet
  facet normal 1 -0 0
    outer loop
      vertex 2.4 -27.09 33.3
      vertex 2.4 -6.77128 7.2
      vertex 2.4 -26.8289 33.3171
    endloop
  endfacet
  facet normal 1 -0 0
    outer loop
      vertex 2.4 -47.59 33.3
      vertex 2.4 -6.77128 7.2
      vertex 2.4 -27.09 33.3
    endloop
  endfacet
  facet normal 1 0 0
    outer loop
      vertex 2.4 -67.9087 7.2
      vertex 2.4 -47.59 33.3
      vertex 2.4 -47.8511 33.3171
    endloop
  endfacet
  facet normal 1 0 0
    outer loop
      vertex 2.4 -67.9087 7.2
      vertex 2.4 -47.8511 33.3171
      vertex 2.4 -48.1076 33.3681
    endloop
  endfacet
  facet normal 1 0 0
    outer loop
      vertex 2.4 -67.9087 7.2
      vertex 2.4 -48.1076 33.3681
      vertex 2.4 -48.3554 33.4522
    endloop
  endfacet
  facet normal 1 0 0
    outer loop
      vertex 2.4 -67.9087 7.2
      vertex 2.4 -48.3554 33.4522
      vertex 2.4 -48.59 33.5679
    endloop
  endfacet
  facet normal 1 0 0
    outer loop
      vertex 2.4 -67.9087 42.4
      vertex 2.4 -49.5729 35.0389
      vertex 2.4 -49.59 35.3
    endloop
  endfacet
  facet normal 1 0 0
    outer loop
      vertex 2.4 -67.9087 42.4
      vertex 2.4 -49.5219 34.7824
      vertex 2.4 -49.5729 35.0389
    endloop
  endfacet
  facet normal 1 0 0
    outer loop
      vertex 2.4 -67.9087 42.4
      vertex 2.4 -49.4378 34.5346
      vertex 2.4 -49.5219 34.7824
    endloop
  endfacet
  facet normal 1 0 0
    outer loop
      vertex 2.4 -67.9087 42.4
      vertex 2.4 -49.3221 34.3
      vertex 2.4 -49.4378 34.5346
    endloop
  endfacet
  facet normal 1 0 0
    outer loop
      vertex 2.4 -67.9087 7.2
      vertex 2.4 -49.3221 34.3
      vertex 2.4 -67.9087 42.4
    endloop
  endfacet
  facet normal 1 0 0
    outer loop
      vertex 2.4 -49.3221 34.3
      vertex 2.4 -67.9087 7.2
      vertex 2.4 -49.1767 34.0825
    endloop
  endfacet
  facet normal 1 0 0
    outer loop
      vertex 2.4 -49.1767 34.0825
      vertex 2.4 -67.9087 7.2
      vertex 2.4 -49.0042 33.8858
    endloop
  endfacet
  facet normal 1 0 0
    outer loop
      vertex 2.4 -49.0042 33.8858
      vertex 2.4 -67.9087 7.2
      vertex 2.4 -48.8075 33.7133
    endloop
  endfacet
  facet normal 1 0 0
    outer loop
      vertex 2.4 -48.8075 33.7133
      vertex 2.4 -67.9087 7.2
      vertex 2.4 -48.59 33.5679
    endloop
  endfacet
  facet normal 1 0 0
    outer loop
      vertex 2.4 -47.59 33.3
      vertex 2.4 -67.9087 7.2
      vertex 2.4 -6.77128 7.2
    endloop
  endfacet
  facet normal 0 1 -0
    outer loop
      vertex 115.029 -72.28 7.2
      vertex 6.77129 -72.28 42.4
      vertex 115.029 -72.28 42.4
    endloop
  endfacet
  facet normal 0 1 0
    outer loop
      vertex 6.77129 -72.28 42.4
      vertex 115.029 -72.28 7.2
      vertex 6.77129 -72.28 7.2
    endloop
  endfacet
  facet normal 0 0 1
    outer loop
      vertex 114.627 -3.58232 7.2
      vertex 7.2 -4 7.2
      vertex 114.6 -4 7.2
    endloop
  endfacet
  facet normal 0 0 1
    outer loop
      vertex 7.17262 -3.58232 7.2
      vertex 114.627 -3.58232 7.2
      vertex 114.709 -3.17178 7.2
    endloop
  endfacet
  facet normal 0 0 1
    outer loop
      vertex 7.09096 -3.17178 7.2
      vertex 114.709 -3.17178 7.2
      vertex 114.844 -2.77541 7.2
    endloop
  endfacet
  facet normal 0 0 1
    outer loop
      vertex 6.95641 -2.77541 7.2
      vertex 114.844 -2.77541 7.2
      vertex 115.029 -2.4 7.2
    endloop
  endfacet
  facet normal 0 0 1
    outer loop
      vertex 114.627 -3.58232 7.2
      vertex 7.17262 -3.58232 7.2
      vertex 7.2 -4 7.2
    endloop
  endfacet
  facet normal 0 0 1
    outer loop
      vertex 114.709 -3.17178 7.2
      vertex 7.09096 -3.17178 7.2
      vertex 7.17262 -3.58232 7.2
    endloop
  endfacet
  facet normal 0 0 1
    outer loop
      vertex 114.844 -2.77541 7.2
      vertex 6.95641 -2.77541 7.2
      vertex 7.09096 -3.17178 7.2
    endloop
  endfacet
  facet normal 0 -0 1
    outer loop
      vertex 6.95641 -2.77541 7.2
      vertex 115.029 -2.4 7.2
      vertex 6.77128 -2.4 7.2
    endloop
  endfacet
  facet normal -0 0 1
    outer loop
      vertex 119.025 -6.95641 7.2
      vertex 119.4 -67.9087 7.2
      vertex 119.4 -6.77129 7.2
    endloop
  endfacet
  facet normal 0 0 1
    outer loop
      vertex 119.025 -6.95641 7.2
      vertex 119.025 -67.7236 7.2
      vertex 119.4 -67.9087 7.2
    endloop
  endfacet
  facet normal -0 0 1
    outer loop
      vertex 118.628 -7.09096 7.2
      vertex 119.025 -67.7236 7.2
      vertex 119.025 -6.95641 7.2
    endloop
  endfacet
  facet normal 0 0 1
    outer loop
      vertex 118.628 -7.09096 7.2
      vertex 118.628 -67.589 7.2
      vertex 119.025 -67.7236 7.2
    endloop
  endfacet
  facet normal -0 0 1
    outer loop
      vertex 118.218 -7.17262 7.2
      vertex 118.628 -67.589 7.2
      vertex 118.628 -7.09096 7.2
    endloop
  endfacet
  facet normal 0 0 1
    outer loop
      vertex 118.218 -7.17262 7.2
      vertex 118.218 -67.5074 7.2
      vertex 118.628 -67.589 7.2
    endloop
  endfacet
  facet normal -0 0 1
    outer loop
      vertex 117.8 -7.2 7.2
      vertex 118.218 -67.5074 7.2
      vertex 118.218 -7.17262 7.2
    endloop
  endfacet
  facet normal 0 0 1
    outer loop
      vertex 117.8 -7.2 7.2
      vertex 117.8 -67.48 7.2
      vertex 118.218 -67.5074 7.2
    endloop
  endfacet
  facet normal 0 0 1
    outer loop
      vertex 117.382 -7.17262 7.2
      vertex 117.8 -67.48 7.2
      vertex 117.8 -7.2 7.2
    endloop
  endfacet
  facet normal 0 0 1
    outer loop
      vertex 117.382 -7.17262 7.2
      vertex 117.382 -67.5074 7.2
      vertex 117.8 -67.48 7.2
    endloop
  endfacet
  facet normal 0 0 1
    outer loop
      vertex 116.972 -7.09096 7.2
      vertex 117.382 -67.5074 7.2
      vertex 117.382 -7.17262 7.2
    endloop
  endfacet
  facet normal 0 0 1
    outer loop
      vertex 116.972 -7.09096 7.2
      vertex 116.972 -67.589 7.2
      vertex 117.382 -67.5074 7.2
    endloop
  endfacet
  facet normal 0 0 1
    outer loop
      vertex 116.575 -6.95641 7.2
      vertex 116.972 -67.589 7.2
      vertex 116.972 -7.09096 7.2
    endloop
  endfacet
  facet normal 0 0 1
    outer loop
      vertex 116.575 -6.95641 7.2
      vertex 116.575 -67.7236 7.2
      vertex 116.972 -67.589 7.2
    endloop
  endfacet
  facet normal 0 0 1
    outer loop
      vertex 116.2 -6.77128 7.2
      vertex 116.575 -67.7236 7.2
      vertex 116.575 -6.95641 7.2
    endloop
  endfacet
  facet normal 0 0 1
    outer loop
      vertex 116.2 -6.77128 7.2
      vertex 116.2 -67.9087 7.2
      vertex 116.575 -67.7236 7.2
    endloop
  endfacet
  facet normal 0 0 1
    outer loop
      vertex 115.4 -6.4 7.2
      vertex 116.2 -6.77128 7.2
      vertex 115.852 -6.53873 7.2
    endloop
  endfacet
  facet normal 0 0 1
    outer loop
      vertex 116.2 -6.77128 7.2
      vertex 115.4 -6.4 7.2
      vertex 116.2 -67.9087 7.2
    endloop
  endfacet
  facet normal -0 0 1
    outer loop
      vertex 115.4 -6.4 7.2
      vertex 115.852 -6.53873 7.2
      vertex 115.537 -6.26274 7.2
    endloop
  endfacet
  facet normal 0 0 1
    outer loop
      vertex 115.4 -68.28 7.2
      vertex 116.2 -67.9087 7.2
      vertex 115.4 -6.4 7.2
    endloop
  endfacet
  facet normal 0 0 1
    outer loop
      vertex 116.2 -67.9087 7.2
      vertex 115.4 -68.28 7.2
      vertex 115.852 -68.1413 7.2
    endloop
  endfacet
  facet normal 0 0 1
    outer loop
      vertex 115.261 -5.94804 7.2
      vertex 115.4 -6.4 7.2
      vertex 115.537 -6.26274 7.2
    endloop
  endfacet
  facet normal 0 0 1
    outer loop
      vertex 115.029 -5.6 7.2
      vertex 115.4 -6.4 7.2
      vertex 115.261 -5.94804 7.2
    endloop
  endfacet
  facet normal 0 0 1
    outer loop
      vertex 114.844 -5.22459 7.2
      vertex 115.4 -6.4 7.2
      vertex 115.029 -5.6 7.2
    endloop
  endfacet
  facet normal -0 0 1
    outer loop
      vertex 7.2 -4 7.2
      vertex 114.627 -4.41768 7.2
      vertex 114.6 -4 7.2
    endloop
  endfacet
  facet normal 0 0 1
    outer loop
      vertex 7.17262 -4.41768 7.2
      vertex 114.627 -4.41768 7.2
      vertex 7.2 -4 7.2
    endloop
  endfacet
  facet normal 0 0 1
    outer loop
      vertex 114.627 -4.41768 7.2
      vertex 7.17262 -4.41768 7.2
      vertex 114.709 -4.82822 7.2
    endloop
  endfacet
  facet normal 0 0 1
    outer loop
      vertex 7.09096 -4.82822 7.2
      vertex 114.709 -4.82822 7.2
      vertex 7.17262 -4.41768 7.2
    endloop
  endfacet
  facet normal 0 0 1
    outer loop
      vertex 114.709 -4.82822 7.2
      vertex 7.09096 -4.82822 7.2
      vertex 114.844 -5.22459 7.2
    endloop
  endfacet
  facet normal 0 0 1
    outer loop
      vertex 6.95641 -5.22459 7.2
      vertex 114.844 -5.22459 7.2
      vertex 7.09096 -4.82822 7.2
    endloop
  endfacet
  facet normal 0 0 1
    outer loop
      vertex 114.844 -5.22459 7.2
      vertex 6.95641 -5.22459 7.2
      vertex 115.4 -6.4 7.2
    endloop
  endfacet
  facet normal 0 0 1
    outer loop
      vertex 6.4 -6.4 7.2
      vertex 6.95641 -5.22459 7.2
      vertex 6.77128 -5.6 7.2
    endloop
  endfacet
  facet normal 0 0 1
    outer loop
      vertex 6.4 -6.4 7.2
      vertex 6.77128 -5.6 7.2
      vertex 6.53873 -5.94804 7.2
    endloop
  endfacet
  facet normal 0 0 1
    outer loop
      vertex 6.95641 -5.22459 7.2
      vertex 6.4 -6.4 7.2
      vertex 115.4 -6.4 7.2
    endloop
  endfacet
  facet normal 0 0 1
    outer loop
      vertex 5.94804 -6.53873 7.2
      vertex 6.4 -6.4 7.2
      vertex 6.26274 -6.26274 7.2
    endloop
  endfacet
  facet normal -0 0 1
    outer loop
      vertex 6.26274 -6.26274 7.2
      vertex 6.4 -6.4 7.2
      vertex 6.53873 -5.94804 7.2
    endloop
  endfacet
  facet normal 0 0 1
    outer loop
      vertex 115.852 -68.1413 7.2
      vertex 115.4 -68.28 7.2
      vertex 115.537 -68.4173 7.2
    endloop
  endfacet
  facet normal 0 0 1
    outer loop
      vertex 115.4 -68.28 7.2
      vertex 115.261 -68.732 7.2
      vertex 115.537 -68.4173 7.2
    endloop
  endfacet
  facet normal 0 0 1
    outer loop
      vertex 115.4 -68.28 7.2
      vertex 115.029 -69.08 7.2
      vertex 115.261 -68.732 7.2
    endloop
  endfacet
  facet normal 0 0 1
    outer loop
      vertex 115.4 -68.28 7.2
      vertex 114.844 -69.4554 7.2
      vertex 115.029 -69.08 7.2
    endloop
  endfacet
  facet normal 0 0 1
    outer loop
      vertex 114.627 -70.2623 7.2
      vertex 7.2 -70.68 7.2
      vertex 114.6 -70.68 7.2
    endloop
  endfacet
  facet normal 0 0 1
    outer loop
      vertex 7.17262 -70.2623 7.2
      vertex 114.627 -70.2623 7.2
      vertex 114.709 -69.8518 7.2
    endloop
  endfacet
  facet normal 0 0 1
    outer loop
      vertex 7.09096 -69.8518 7.2
      vertex 114.709 -69.8518 7.2
      vertex 114.844 -69.4554 7.2
    endloop
  endfacet
  facet normal 0 0 1
    outer loop
      vertex 6.95641 -69.4554 7.2
      vertex 114.844 -69.4554 7.2
      vertex 115.4 -68.28 7.2
    endloop
  endfacet
  facet normal 0 0 1
    outer loop
      vertex 114.627 -70.2623 7.2
      vertex 7.17262 -70.2623 7.2
      vertex 7.2 -70.68 7.2
    endloop
  endfacet
  facet normal 0 0 1
    outer loop
      vertex 114.709 -69.8518 7.2
      vertex 7.09096 -69.8518 7.2
      vertex 7.17262 -70.2623 7.2
    endloop
  endfacet
  facet normal 0 0 1
    outer loop
      vertex 114.844 -69.4554 7.2
      vertex 6.95641 -69.4554 7.2
      vertex 7.09096 -69.8518 7.2
    endloop
  endfacet
  facet normal -0 0 1
    outer loop
      vertex 6.4 -68.28 7.2
      vertex 6.95641 -69.4554 7.2
      vertex 115.4 -68.28 7.2
    endloop
  endfacet
  facet normal 0 0 1
    outer loop
      vertex 6.95641 -69.4554 7.2
      vertex 6.4 -68.28 7.2
      vertex 6.77128 -69.08 7.2
    endloop
  endfacet
  facet normal 0 0 1
    outer loop
      vertex 6.77128 -69.08 7.2
      vertex 6.4 -68.28 7.2
      vertex 6.53873 -68.732 7.2
    endloop
  endfacet
  facet normal 0 0 1
    outer loop
      vertex 6.4 -68.28 7.2
      vertex 6.26274 -68.4173 7.2
      vertex 6.53873 -68.732 7.2
    endloop
  endfacet
  facet normal 0 0 1
    outer loop
      vertex 5.6 -6.77128 7.2
      vertex 6.4 -6.4 7.2
      vertex 5.94804 -6.53873 7.2
    endloop
  endfacet
  facet normal 0 0 1
    outer loop
      vertex 6.4 -6.4 7.2
      vertex 5.6 -6.77128 7.2
      vertex 6.4 -68.28 7.2
    endloop
  endfacet
  facet normal 0 0 1
    outer loop
      vertex 6.4 -68.28 7.2
      vertex 5.94804 -68.1413 7.2
      vertex 6.26274 -68.4173 7.2
    endloop
  endfacet
  facet normal -0 0 1
    outer loop
      vertex 5.6 -67.9087 7.2
      vertex 6.4 -68.28 7.2
      vertex 5.6 -6.77128 7.2
    endloop
  endfacet
  facet normal 0 0 1
    outer loop
      vertex 6.4 -68.28 7.2
      vertex 5.6 -67.9087 7.2
      vertex 5.94804 -68.1413 7.2
    endloop
  endfacet
  facet normal -0 0 1
    outer loop
      vertex 5.22459 -6.95641 7.2
      vertex 5.6 -67.9087 7.2
      vertex 5.6 -6.77128 7.2
    endloop
  endfacet
  facet normal 0 0 1
    outer loop
      vertex 5.22459 -6.95641 7.2
      vertex 5.22459 -67.7236 7.2
      vertex 5.6 -67.9087 7.2
    endloop
  endfacet
  facet normal -0 0 1
    outer loop
      vertex 4.82822 -7.09096 7.2
      vertex 5.22459 -67.7236 7.2
      vertex 5.22459 -6.95641 7.2
    endloop
  endfacet
  facet normal 0 0 1
    outer loop
      vertex 4.82822 -7.09096 7.2
      vertex 4.82822 -67.589 7.2
      vertex 5.22459 -67.7236 7.2
    endloop
  endfacet
  facet normal -0 0 1
    outer loop
      vertex 4.41768 -7.17262 7.2
      vertex 4.82822 -67.589 7.2
      vertex 4.82822 -7.09096 7.2
    endloop
  endfacet
  facet normal 0 0 1
    outer loop
      vertex 4.41768 -7.17262 7.2
      vertex 4.41768 -67.5074 7.2
      vertex 4.82822 -67.589 7.2
    endloop
  endfacet
  facet normal -0 0 1
    outer loop
      vertex 4 -7.2 7.2
      vertex 4.41768 -67.5074 7.2
      vertex 4.41768 -7.17262 7.2
    endloop
  endfacet
  facet normal 0 0 1
    outer loop
      vertex 4 -7.2 7.2
      vertex 4 -67.48 7.2
      vertex 4.41768 -67.5074 7.2
    endloop
  endfacet
  facet normal 0 0 1
    outer loop
      vertex 3.58232 -7.17262 7.2
      vertex 4 -67.48 7.2
      vertex 4 -7.2 7.2
    endloop
  endfacet
  facet normal 0 0 1
    outer loop
      vertex 3.58232 -7.17262 7.2
      vertex 3.58232 -67.5074 7.2
      vertex 4 -67.48 7.2
    endloop
  endfacet
  facet normal 0 0 1
    outer loop
      vertex 3.17178 -7.09096 7.2
      vertex 3.58232 -67.5074 7.2
      vertex 3.58232 -7.17262 7.2
    endloop
  endfacet
  facet normal 0 0 1
    outer loop
      vertex 3.17178 -7.09096 7.2
      vertex 3.17178 -67.589 7.2
      vertex 3.58232 -67.5074 7.2
    endloop
  endfacet
  facet normal 0 0 1
    outer loop
      vertex 2.77541 -6.95641 7.2
      vertex 3.17178 -67.589 7.2
      vertex 3.17178 -7.09096 7.2
    endloop
  endfacet
  facet normal 0 0 1
    outer loop
      vertex 2.77541 -6.95641 7.2
      vertex 2.77541 -67.7236 7.2
      vertex 3.17178 -67.589 7.2
    endloop
  endfacet
  facet normal 0 0 1
    outer loop
      vertex 2.4 -6.77128 7.2
      vertex 2.77541 -67.7236 7.2
      vertex 2.77541 -6.95641 7.2
    endloop
  endfacet
  facet normal 0 0 1
    outer loop
      vertex 2.77541 -67.7236 7.2
      vertex 2.4 -6.77128 7.2
      vertex 2.4 -67.9087 7.2
    endloop
  endfacet
  facet normal -0 0 1
    outer loop
      vertex 7.2 -70.68 7.2
      vertex 114.627 -71.0977 7.2
      vertex 114.6 -70.68 7.2
    endloop
  endfacet
  facet normal 0 0 1
    outer loop
      vertex 7.17262 -71.0977 7.2
      vertex 114.627 -71.0977 7.2
      vertex 7.2 -70.68 7.2
    endloop
  endfacet
  facet normal 0 0 1
    outer loop
      vertex 114.627 -71.0977 7.2
      vertex 7.17262 -71.0977 7.2
      vertex 114.709 -71.5082 7.2
    endloop
  endfacet
  facet normal 0 0 1
    outer loop
      vertex 7.09096 -71.5082 7.2
      vertex 114.709 -71.5082 7.2
      vertex 7.17262 -71.0977 7.2
    endloop
  endfacet
  facet normal 0 0 1
    outer loop
      vertex 114.709 -71.5082 7.2
      vertex 7.09096 -71.5082 7.2
      vertex 114.844 -71.9046 7.2
    endloop
  endfacet
  facet normal 0 0 1
    outer loop
      vertex 6.95641 -71.9046 7.2
      vertex 114.844 -71.9046 7.2
      vertex 7.09096 -71.5082 7.2
    endloop
  endfacet
  facet normal 0 0 1
    outer loop
      vertex 114.844 -71.9046 7.2
      vertex 6.95641 -71.9046 7.2
      vertex 115.029 -72.28 7.2
    endloop
  endfacet
  facet normal 0 0 1
    outer loop
      vertex 115.029 -72.28 7.2
      vertex 6.95641 -71.9046 7.2
      vertex 6.77129 -72.28 7.2
    endloop
  endfacet
  facet normal 1 -0 0
    outer loop
      vertex 6.4 -68.28 7.2
      vertex 6.4 -6.4 2
      vertex 6.4 -6.4 7.2
    endloop
  endfacet
  facet normal 1 0 0
    outer loop
      vertex 6.4 -6.4 2
      vertex 6.4 -68.28 7.2
      vertex 6.4 -68.28 2
    endloop
  endfacet
  facet normal 0 0 1
    outer loop
      vertex 115.4 -6.4 2
      vertex 100.78 -9.5 2
      vertex 115.4 -68.28 2
    endloop
  endfacet
  facet normal 0 0 1
    outer loop
      vertex 115.4 -6.4 2
      vertex 100.771 -9.36948 2
      vertex 100.78 -9.5 2
    endloop
  endfacet
  facet normal 0 0 1
    outer loop
      vertex 115.4 -6.4 2
      vertex 100.746 -9.24118 2
      vertex 100.771 -9.36948 2
    endloop
  endfacet
  facet normal 0 0 1
    outer loop
      vertex 115.4 -6.4 2
      vertex 100.704 -9.11731 2
      vertex 100.746 -9.24118 2
    endloop
  endfacet
  facet normal 0 0 1
    outer loop
      vertex 115.4 -6.4 2
      vertex 100.646 -9 2
      vertex 100.704 -9.11731 2
    endloop
  endfacet
  facet normal 0 0 1
    outer loop
      vertex 115.4 -6.4 2
      vertex 100.573 -8.89124 2
      vertex 100.646 -9 2
    endloop
  endfacet
  facet normal 0 0 1
    outer loop
      vertex 115.4 -6.4 2
      vertex 100.487 -8.79289 2
      vertex 100.573 -8.89124 2
    endloop
  endfacet
  facet normal 0 0 1
    outer loop
      vertex 115.4 -6.4 2
      vertex 100.389 -8.70665 2
      vertex 100.487 -8.79289 2
    endloop
  endfacet
  facet normal 0 0 1
    outer loop
      vertex 115.4 -6.4 2
      vertex 100.28 -8.63397 2
      vertex 100.389 -8.70665 2
    endloop
  endfacet
  facet normal 0 0 1
    outer loop
      vertex 115.4 -6.4 2
      vertex 100.163 -8.57613 2
      vertex 100.28 -8.63397 2
    endloop
  endfacet
  facet normal 0 0 1
    outer loop
      vertex 115.4 -6.4 2
      vertex 100.039 -8.53407 2
      vertex 100.163 -8.57613 2
    endloop
  endfacet
  facet normal 0 0 1
    outer loop
      vertex 115.4 -6.4 2
      vertex 99.9105 -8.50856 2
      vertex 100.039 -8.53407 2
    endloop
  endfacet
  facet normal 0 0 1
    outer loop
      vertex 115.4 -6.4 2
      vertex 99.78 -8.5 2
      vertex 99.9105 -8.50856 2
    endloop
  endfacet
  facet normal -0 0 1
    outer loop
      vertex 6.4 -6.4 2
      vertex 99.78 -8.5 2
      vertex 115.4 -6.4 2
    endloop
  endfacet
  facet normal 0 0 1
    outer loop
      vertex 15.26 -9.5 2
      vertex 6.4 -6.4 2
      vertex 15.26 -65.18 2
    endloop
  endfacet
  facet normal 0 0 1
    outer loop
      vertex 15.2686 -9.36948 2
      vertex 6.4 -6.4 2
      vertex 15.26 -9.5 2
    endloop
  endfacet
  facet normal 0 0 1
    outer loop
      vertex 15.2941 -9.24118 2
      vertex 6.4 -6.4 2
      vertex 15.2686 -9.36948 2
    endloop
  endfacet
  facet normal 0 0 1
    outer loop
      vertex 15.3361 -9.11731 2
      vertex 6.4 -6.4 2
      vertex 15.2941 -9.24118 2
    endloop
  endfacet
  facet normal 0 0 1
    outer loop
      vertex 15.394 -9 2
      vertex 6.4 -6.4 2
      vertex 15.3361 -9.11731 2
    endloop
  endfacet
  facet normal 0 0 1
    outer loop
      vertex 15.4666 -8.89124 2
      vertex 6.4 -6.4 2
      vertex 15.394 -9 2
    endloop
  endfacet
  facet normal 0 0 1
    outer loop
      vertex 15.5529 -8.79289 2
      vertex 6.4 -6.4 2
      vertex 15.4666 -8.89124 2
    endloop
  endfacet
  facet normal 0 0 1
    outer loop
      vertex 15.6512 -8.70665 2
      vertex 6.4 -6.4 2
      vertex 15.5529 -8.79289 2
    endloop
  endfacet
  facet normal 0 0 1
    outer loop
      vertex 15.76 -8.63397 2
      vertex 6.4 -6.4 2
      vertex 15.6512 -8.70665 2
    endloop
  endfacet
  facet normal 0 0 1
    outer loop
      vertex 15.8773 -8.57613 2
      vertex 6.4 -6.4 2
      vertex 15.76 -8.63397 2
    endloop
  endfacet
  facet normal 0 0 1
    outer loop
      vertex 16.0012 -8.53407 2
      vertex 6.4 -6.4 2
      vertex 15.8773 -8.57613 2
    endloop
  endfacet
  facet normal 0 0 1
    outer loop
      vertex 16.1295 -8.50856 2
      vertex 6.4 -6.4 2
      vertex 16.0012 -8.53407 2
    endloop
  endfacet
  facet normal 0 0 1
    outer loop
      vertex 16.26 -8.5 2
      vertex 6.4 -6.4 2
      vertex 16.1295 -8.50856 2
    endloop
  endfacet
  facet normal 0 0 1
    outer loop
      vertex 99.78 -8.5 2
      vertex 6.4 -6.4 2
      vertex 16.26 -8.5 2
    endloop
  endfacet
  facet normal -0 0 1
    outer loop
      vertex 100.78 -65.18 2
      vertex 115.4 -68.28 2
      vertex 100.78 -9.5 2
    endloop
  endfacet
  facet normal -0 0 1
    outer loop
      vertex 100.771 -65.3105 2
      vertex 115.4 -68.28 2
      vertex 100.78 -65.18 2
    endloop
  endfacet
  facet normal -0 0 1
    outer loop
      vertex 100.746 -65.4388 2
      vertex 115.4 -68.28 2
      vertex 100.771 -65.3105 2
    endloop
  endfacet
  facet normal -0 0 1
    outer loop
      vertex 100.704 -65.5627 2
      vertex 115.4 -68.28 2
      vertex 100.746 -65.4388 2
    endloop
  endfacet
  facet normal -0 0 1
    outer loop
      vertex 100.646 -65.68 2
      vertex 115.4 -68.28 2
      vertex 100.704 -65.5627 2
    endloop
  endfacet
  facet normal -0 0 1
    outer loop
      vertex 100.573 -65.7888 2
      vertex 115.4 -68.28 2
      vertex 100.646 -65.68 2
    endloop
  endfacet
  facet normal -0 0 1
    outer loop
      vertex 100.487 -65.8871 2
      vertex 115.4 -68.28 2
      vertex 100.573 -65.7888 2
    endloop
  endfacet
  facet normal -0 0 1
    outer loop
      vertex 100.389 -65.9733 2
      vertex 115.4 -68.28 2
      vertex 100.487 -65.8871 2
    endloop
  endfacet
  facet normal -0 0 1
    outer loop
      vertex 100.28 -66.046 2
      vertex 115.4 -68.28 2
      vertex 100.389 -65.9733 2
    endloop
  endfacet
  facet normal -0 0 1
    outer loop
      vertex 100.163 -66.1039 2
      vertex 115.4 -68.28 2
      vertex 100.28 -66.046 2
    endloop
  endfacet
  facet normal -0 0 1
    outer loop
      vertex 100.039 -66.1459 2
      vertex 115.4 -68.28 2
      vertex 100.163 -66.1039 2
    endloop
  endfacet
  facet normal -0 0 1
    outer loop
      vertex 99.9105 -66.1714 2
      vertex 115.4 -68.28 2
      vertex 100.039 -66.1459 2
    endloop
  endfacet
  facet normal -0 0 1
    outer loop
      vertex 99.78 -66.18 2
      vertex 115.4 -68.28 2
      vertex 99.9105 -66.1714 2
    endloop
  endfacet
  facet normal 0 0 1
    outer loop
      vertex 6.4 -68.28 2
      vertex 99.78 -66.18 2
      vertex 16.26 -66.18 2
    endloop
  endfacet
  facet normal 0 0 1
    outer loop
      vertex 6.4 -68.28 2
      vertex 15.26 -65.18 2
      vertex 6.4 -6.4 2
    endloop
  endfacet
  facet normal 0 0 1
    outer loop
      vertex 99.78 -66.18 2
      vertex 6.4 -68.28 2
      vertex 115.4 -68.28 2
    endloop
  endfacet
  facet normal 0 0 1
    outer loop
      vertex 16.1295 -66.1714 2
      vertex 6.4 -68.28 2
      vertex 16.26 -66.18 2
    endloop
  endfacet
  facet normal 0 0 1
    outer loop
      vertex 16.0012 -66.1459 2
      vertex 6.4 -68.28 2
      vertex 16.1295 -66.1714 2
    endloop
  endfacet
  facet normal 0 0 1
    outer loop
      vertex 15.8773 -66.1039 2
      vertex 6.4 -68.28 2
      vertex 16.0012 -66.1459 2
    endloop
  endfacet
  facet normal 0 0 1
    outer loop
      vertex 15.76 -66.046 2
      vertex 6.4 -68.28 2
      vertex 15.8773 -66.1039 2
    endloop
  endfacet
  facet normal 0 0 1
    outer loop
      vertex 15.6512 -65.9733 2
      vertex 6.4 -68.28 2
      vertex 15.76 -66.046 2
    endloop
  endfacet
  facet normal 0 0 1
    outer loop
      vertex 15.5529 -65.8871 2
      vertex 6.4 -68.28 2
      vertex 15.6512 -65.9733 2
    endloop
  endfacet
  facet normal 0 0 1
    outer loop
      vertex 15.4666 -65.7888 2
      vertex 6.4 -68.28 2
      vertex 15.5529 -65.8871 2
    endloop
  endfacet
  facet normal 0 0 1
    outer loop
      vertex 15.394 -65.68 2
      vertex 6.4 -68.28 2
      vertex 15.4666 -65.7888 2
    endloop
  endfacet
  facet normal 0 0 1
    outer loop
      vertex 15.3361 -65.5627 2
      vertex 6.4 -68.28 2
      vertex 15.394 -65.68 2
    endloop
  endfacet
  facet normal 0 0 1
    outer loop
      vertex 15.2941 -65.4388 2
      vertex 6.4 -68.28 2
      vertex 15.3361 -65.5627 2
    endloop
  endfacet
  facet normal 0 0 1
    outer loop
      vertex 15.2686 -65.3105 2
      vertex 6.4 -68.28 2
      vertex 15.2941 -65.4388 2
    endloop
  endfacet
  facet normal 0 0 1
    outer loop
      vertex 15.26 -65.18 2
      vertex 6.4 -68.28 2
      vertex 15.2686 -65.3105 2
    endloop
  endfacet
  facet normal 0 1 -0
    outer loop
      vertex 115.4 -68.28 2
      vertex 6.4 -68.28 7.2
      vertex 115.4 -68.28 7.2
    endloop
  endfacet
  facet normal 0 1 0
    outer loop
      vertex 6.4 -68.28 7.2
      vertex 115.4 -68.28 2
      vertex 6.4 -68.28 2
    endloop
  endfacet
  facet normal -1 0 0
    outer loop
      vertex 115.4 -68.28 2
      vertex 115.4 -6.4 7.2
      vertex 115.4 -6.4 2
    endloop
  endfacet
  facet normal -1 -0 0
    outer loop
      vertex 115.4 -6.4 7.2
      vertex 115.4 -68.28 2
      vertex 115.4 -68.28 7.2
    endloop
  endfacet
  facet normal 0 -1 0
    outer loop
      vertex 6.4 -6.4 2
      vertex 115.4 -6.4 7.2
      vertex 6.4 -6.4 7.2
    endloop
  endfacet
  facet normal 0 -1 -0
    outer loop
      vertex 115.4 -6.4 7.2
      vertex 6.4 -6.4 2
      vertex 115.4 -6.4 2
    endloop
  endfacet
  facet normal 0.997858 0.0654122 0
    outer loop
      vertex 7.2 -4 42.4
      vertex 7.17262 -3.58232 7.2
      vertex 7.17262 -3.58232 42.4
    endloop
  endfacet
  facet normal 0.997858 0.0654122 0
    outer loop
      vertex 7.17262 -3.58232 7.2
      vertex 7.2 -4 42.4
      vertex 7.2 -4 7.2
    endloop
  endfacet
  facet normal -0.321441 -0.94693 0
    outer loop
      vertex 2.77541 -6.95641 7.2
      vertex 3.17178 -7.09096 42.4
      vertex 2.77541 -6.95641 42.4
    endloop
  endfacet
  facet normal -0.321441 -0.94693 -0
    outer loop
      vertex 3.17178 -7.09096 42.4
      vertex 2.77541 -6.95641 7.2
      vertex 3.17178 -7.09096 7.2
    endloop
  endfacet
  facet normal 0.555565 -0.831473 0
    outer loop
      vertex 5.6 -6.77128 7.2
      vertex 5.94804 -6.53873 42.4
      vertex 5.6 -6.77128 42.4
    endloop
  endfacet
  facet normal 0.555565 -0.831473 0
    outer loop
      vertex 5.94804 -6.53873 42.4
      vertex 5.6 -6.77128 7.2
      vertex 5.94804 -6.53873 7.2
    endloop
  endfacet
  facet normal 0.896874 0.442285 0
    outer loop
      vertex 6.95641 -2.77541 42.4
      vertex 6.77128 -2.4 7.2
      vertex 6.77128 -2.4 42.4
    endloop
  endfacet
  facet normal 0.896874 0.442285 0
    outer loop
      vertex 6.77128 -2.4 7.2
      vertex 6.95641 -2.77541 42.4
      vertex 6.95641 -2.77541 7.2
    endloop
  endfacet
  facet normal -0.442285 -0.896874 0
    outer loop
      vertex 2.4 -6.77128 7.2
      vertex 2.77541 -6.95641 42.4
      vertex 2.4 -6.77128 42.4
    endloop
  endfacet
  facet normal -0.442285 -0.896874 -0
    outer loop
      vertex 2.77541 -6.95641 42.4
      vertex 2.4 -6.77128 7.2
      vertex 2.77541 -6.95641 7.2
    endloop
  endfacet
  facet normal 0.0654122 -0.997858 0
    outer loop
      vertex 4 -7.2 7.2
      vertex 4.41768 -7.17262 42.4
      vertex 4 -7.2 42.4
    endloop
  endfacet
  facet normal 0.0654122 -0.997858 0
    outer loop
      vertex 4.41768 -7.17262 42.4
      vertex 4 -7.2 7.2
      vertex 4.41768 -7.17262 7.2
    endloop
  endfacet
  facet normal 0.442285 -0.896874 0
    outer loop
      vertex 5.22459 -6.95641 7.2
      vertex 5.6 -6.77128 42.4
      vertex 5.22459 -6.95641 42.4
    endloop
  endfacet
  facet normal 0.442285 -0.896874 0
    outer loop
      vertex 5.6 -6.77128 42.4
      vertex 5.22459 -6.95641 7.2
      vertex 5.6 -6.77128 7.2
    endloop
  endfacet
  facet normal 0.896874 -0.442285 0
    outer loop
      vertex 6.77128 -5.6 42.4
      vertex 6.95641 -5.22459 7.2
      vertex 6.95641 -5.22459 42.4
    endloop
  endfacet
  facet normal 0.896874 -0.442285 0
    outer loop
      vertex 6.95641 -5.22459 7.2
      vertex 6.77128 -5.6 42.4
      vertex 6.77128 -5.6 7.2
    endloop
  endfacet
  facet normal 0.321441 -0.94693 0
    outer loop
      vertex 4.82822 -7.09096 7.2
      vertex 5.22459 -6.95641 42.4
      vertex 4.82822 -7.09096 42.4
    endloop
  endfacet
  facet normal 0.321441 -0.94693 0
    outer loop
      vertex 5.22459 -6.95641 42.4
      vertex 4.82822 -7.09096 7.2
      vertex 5.22459 -6.95641 7.2
    endloop
  endfacet
  facet normal 0.195087 -0.980786 0
    outer loop
      vertex 4.41768 -7.17262 7.2
      vertex 4.82822 -7.09096 42.4
      vertex 4.41768 -7.17262 42.4
    endloop
  endfacet
  facet normal 0.195087 -0.980786 0
    outer loop
      vertex 4.82822 -7.09096 42.4
      vertex 4.41768 -7.17262 7.2
      vertex 4.82822 -7.09096 7.2
    endloop
  endfacet
  facet normal 0.980786 -0.195087 0
    outer loop
      vertex 7.09096 -4.82822 42.4
      vertex 7.17262 -4.41768 7.2
      vertex 7.17262 -4.41768 42.4
    endloop
  endfacet
  facet normal 0.980786 -0.195087 0
    outer loop
      vertex 7.17262 -4.41768 7.2
      vertex 7.09096 -4.82822 42.4
      vertex 7.09096 -4.82822 7.2
    endloop
  endfacet
  facet normal 0.831473 -0.555565 0
    outer loop
      vertex 6.53873 -5.94804 42.4
      vertex 6.77128 -5.6 7.2
      vertex 6.77128 -5.6 42.4
    endloop
  endfacet
  facet normal 0.831473 -0.555565 0
    outer loop
      vertex 6.77128 -5.6 7.2
      vertex 6.53873 -5.94804 42.4
      vertex 6.53873 -5.94804 7.2
    endloop
  endfacet
  facet normal 0.659353 -0.751833 0
    outer loop
      vertex 5.94804 -6.53873 7.2
      vertex 6.26274 -6.26274 42.4
      vertex 5.94804 -6.53873 42.4
    endloop
  endfacet
  facet normal 0.659353 -0.751833 0
    outer loop
      vertex 6.26274 -6.26274 42.4
      vertex 5.94804 -6.53873 7.2
      vertex 6.26274 -6.26274 7.2
    endloop
  endfacet
  facet normal 0.980786 0.195087 0
    outer loop
      vertex 7.17262 -3.58232 42.4
      vertex 7.09096 -3.17178 7.2
      vertex 7.09096 -3.17178 42.4
    endloop
  endfacet
  facet normal 0.980786 0.195087 0
    outer loop
      vertex 7.09096 -3.17178 7.2
      vertex 7.17262 -3.58232 42.4
      vertex 7.17262 -3.58232 7.2
    endloop
  endfacet
  facet normal 0.94693 0.321441 0
    outer loop
      vertex 7.09096 -3.17178 42.4
      vertex 6.95641 -2.77541 7.2
      vertex 6.95641 -2.77541 42.4
    endloop
  endfacet
  facet normal 0.94693 0.321441 0
    outer loop
      vertex 6.95641 -2.77541 7.2
      vertex 7.09096 -3.17178 42.4
      vertex 7.09096 -3.17178 7.2
    endloop
  endfacet
  facet normal 0.997858 -0.0654122 0
    outer loop
      vertex 7.17262 -4.41768 42.4
      vertex 7.2 -4 7.2
      vertex 7.2 -4 42.4
    endloop
  endfacet
  facet normal 0.997858 -0.0654122 0
    outer loop
      vertex 7.2 -4 7.2
      vertex 7.17262 -4.41768 42.4
      vertex 7.17262 -4.41768 7.2
    endloop
  endfacet
  facet normal 0.751833 -0.659353 0
    outer loop
      vertex 6.26274 -6.26274 42.4
      vertex 6.53873 -5.94804 7.2
      vertex 6.53873 -5.94804 42.4
    endloop
  endfacet
  facet normal 0.751833 -0.659353 0
    outer loop
      vertex 6.53873 -5.94804 7.2
      vertex 6.26274 -6.26274 42.4
      vertex 6.26274 -6.26274 7.2
    endloop
  endfacet
  facet normal -0.0654122 -0.997858 0
    outer loop
      vertex 3.58232 -7.17262 7.2
      vertex 4 -7.2 42.4
      vertex 3.58232 -7.17262 42.4
    endloop
  endfacet
  facet normal -0.0654122 -0.997858 -0
    outer loop
      vertex 4 -7.2 42.4
      vertex 3.58232 -7.17262 7.2
      vertex 4 -7.2 7.2
    endloop
  endfacet
  facet normal -0.195087 -0.980786 0
    outer loop
      vertex 3.17178 -7.09096 7.2
      vertex 3.58232 -7.17262 42.4
      vertex 3.17178 -7.09096 42.4
    endloop
  endfacet
  facet normal -0.195087 -0.980786 -0
    outer loop
      vertex 3.58232 -7.17262 42.4
      vertex 3.17178 -7.09096 7.2
      vertex 3.58232 -7.17262 7.2
    endloop
  endfacet
  facet normal 0.94693 -0.321441 0
    outer loop
      vertex 6.95641 -5.22459 42.4
      vertex 7.09096 -4.82822 7.2
      vertex 7.09096 -4.82822 42.4
    endloop
  endfacet
  facet normal 0.94693 -0.321441 0
    outer loop
      vertex 7.09096 -4.82822 7.2
      vertex 6.95641 -5.22459 42.4
      vertex 6.95641 -5.22459 7.2
    endloop
  endfacet
  facet normal -0.83208 -0.554656 0
    outer loop
      vertex 115.261 -5.94804 7.2
      vertex 115.029 -5.6 42.4
      vertex 115.029 -5.6 7.2
    endloop
  endfacet
  facet normal -0.83208 -0.554656 0
    outer loop
      vertex 115.029 -5.6 42.4
      vertex 115.261 -5.94804 7.2
      vertex 115.261 -5.94804 42.4
    endloop
  endfacet
  facet normal 0.442655 -0.896692 0
    outer loop
      vertex 119.025 -6.95641 7.2
      vertex 119.4 -6.77129 42.4
      vertex 119.025 -6.95641 42.4
    endloop
  endfacet
  facet normal 0.442655 -0.896692 0
    outer loop
      vertex 119.4 -6.77129 42.4
      vertex 119.025 -6.95641 7.2
      vertex 119.4 -6.77129 7.2
    endloop
  endfacet
  facet normal -0.98063 0.195868 0
    outer loop
      vertex 114.627 -3.58232 7.2
      vertex 114.709 -3.17178 42.4
      vertex 114.709 -3.17178 7.2
    endloop
  endfacet
  facet normal -0.98063 0.195868 0
    outer loop
      vertex 114.709 -3.17178 42.4
      vertex 114.627 -3.58232 7.2
      vertex 114.627 -3.58232 42.4
    endloop
  endfacet
  facet normal 0.195334 -0.980737 0
    outer loop
      vertex 118.218 -7.17262 7.2
      vertex 118.628 -7.09096 42.4
      vertex 118.218 -7.17262 42.4
    endloop
  endfacet
  facet normal 0.195334 -0.980737 0
    outer loop
      vertex 118.628 -7.09096 42.4
      vertex 118.218 -7.17262 7.2
      vertex 118.628 -7.09096 7.2
    endloop
  endfacet
  facet normal -0.658998 -0.752145 0
    outer loop
      vertex 115.537 -6.26274 7.2
      vertex 115.852 -6.53873 42.4
      vertex 115.537 -6.26274 42.4
    endloop
  endfacet
  facet normal -0.658998 -0.752145 -0
    outer loop
      vertex 115.852 -6.53873 42.4
      vertex 115.537 -6.26274 7.2
      vertex 115.852 -6.53873 7.2
    endloop
  endfacet
  facet normal -0.195334 -0.980737 0
    outer loop
      vertex 116.972 -7.09096 7.2
      vertex 117.382 -7.17262 42.4
      vertex 116.972 -7.09096 42.4
    endloop
  endfacet
  facet normal -0.195334 -0.980737 -0
    outer loop
      vertex 117.382 -7.17262 42.4
      vertex 116.972 -7.09096 7.2
      vertex 117.382 -7.17262 7.2
    endloop
  endfacet
  facet normal -0.896998 0.442036 0
    outer loop
      vertex 114.844 -2.77541 7.2
      vertex 115.029 -2.4 42.4
      vertex 115.029 -2.4 7.2
    endloop
  endfacet
  facet normal -0.896998 0.442036 0
    outer loop
      vertex 115.029 -2.4 42.4
      vertex 114.844 -2.77541 7.2
      vertex 114.844 -2.77541 42.4
    endloop
  endfacet
  facet normal -0.997917 -0.0645081 0
    outer loop
      vertex 114.627 -4.41768 7.2
      vertex 114.6 -4 42.4
      vertex 114.6 -4 7.2
    endloop
  endfacet
  facet normal -0.997917 -0.0645081 0
    outer loop
      vertex 114.6 -4 42.4
      vertex 114.627 -4.41768 7.2
      vertex 114.627 -4.41768 42.4
    endloop
  endfacet
  facet normal -0.442674 -0.896683 0
    outer loop
      vertex 116.2 -6.77128 7.2
      vertex 116.575 -6.95641 42.4
      vertex 116.2 -6.77128 42.4
    endloop
  endfacet
  facet normal -0.442674 -0.896683 -0
    outer loop
      vertex 116.575 -6.95641 42.4
      vertex 116.2 -6.77128 7.2
      vertex 116.575 -6.95641 7.2
    endloop
  endfacet
  facet normal -0.946602 -0.322404 0
    outer loop
      vertex 114.844 -5.22459 7.2
      vertex 114.709 -4.82822 42.4
      vertex 114.709 -4.82822 7.2
    endloop
  endfacet
  facet normal -0.946602 -0.322404 0
    outer loop
      vertex 114.709 -4.82822 42.4
      vertex 114.844 -5.22459 7.2
      vertex 114.844 -5.22459 42.4
    endloop
  endfacet
  facet normal -0.997917 0.0645081 0
    outer loop
      vertex 114.6 -4 7.2
      vertex 114.627 -3.58232 42.4
      vertex 114.627 -3.58232 7.2
    endloop
  endfacet
  facet normal -0.997917 0.0645081 0
    outer loop
      vertex 114.627 -3.58232 42.4
      vertex 114.6 -4 7.2
      vertex 114.6 -4 42.4
    endloop
  endfacet
  facet normal -0.320983 -0.947085 0
    outer loop
      vertex 116.575 -6.95641 7.2
      vertex 116.972 -7.09096 42.4
      vertex 116.575 -6.95641 42.4
    endloop
  endfacet
  facet normal -0.320983 -0.947085 -0
    outer loop
      vertex 116.972 -7.09096 42.4
      vertex 116.575 -6.95641 7.2
      vertex 116.972 -7.09096 7.2
    endloop
  endfacet
  facet normal -0.896998 -0.442036 0
    outer loop
      vertex 115.029 -5.6 7.2
      vertex 114.844 -5.22459 42.4
      vertex 114.844 -5.22459 7.2
    endloop
  endfacet
  facet normal -0.896998 -0.442036 0
    outer loop
      vertex 114.844 -5.22459 42.4
      vertex 115.029 -5.6 7.2
      vertex 115.029 -5.6 42.4
    endloop
  endfacet
  facet normal -0.98063 -0.195868 0
    outer loop
      vertex 114.709 -4.82822 7.2
      vertex 114.627 -4.41768 42.4
      vertex 114.627 -4.41768 7.2
    endloop
  endfacet
  facet normal -0.98063 -0.195868 0
    outer loop
      vertex 114.627 -4.41768 42.4
      vertex 114.709 -4.82822 7.2
      vertex 114.709 -4.82822 42.4
    endloop
  endfacet
  facet normal -0.55561 -0.831443 0
    outer loop
      vertex 115.852 -6.53873 7.2
      vertex 116.2 -6.77128 42.4
      vertex 115.852 -6.53873 42.4
    endloop
  endfacet
  facet normal -0.55561 -0.831443 -0
    outer loop
      vertex 116.2 -6.77128 42.4
      vertex 115.852 -6.53873 7.2
      vertex 116.2 -6.77128 7.2
    endloop
  endfacet
  facet normal -0.946602 0.322404 0
    outer loop
      vertex 114.709 -3.17178 7.2
      vertex 114.844 -2.77541 42.4
      vertex 114.844 -2.77541 7.2
    endloop
  endfacet
  facet normal -0.946602 0.322404 0
    outer loop
      vertex 114.844 -2.77541 42.4
      vertex 114.709 -3.17178 7.2
      vertex 114.709 -3.17178 42.4
    endloop
  endfacet
  facet normal -0.751821 -0.659367 0
    outer loop
      vertex 115.537 -6.26274 7.2
      vertex 115.261 -5.94804 42.4
      vertex 115.261 -5.94804 7.2
    endloop
  endfacet
  facet normal -0.751821 -0.659367 0
    outer loop
      vertex 115.261 -5.94804 42.4
      vertex 115.537 -6.26274 7.2
      vertex 115.537 -6.26274 42.4
    endloop
  endfacet
  facet normal -0.0653623 -0.997862 0
    outer loop
      vertex 117.382 -7.17262 7.2
      vertex 117.8 -7.2 42.4
      vertex 117.382 -7.17262 42.4
    endloop
  endfacet
  facet normal -0.0653623 -0.997862 -0
    outer loop
      vertex 117.8 -7.2 42.4
      vertex 117.382 -7.17262 7.2
      vertex 117.8 -7.2 7.2
    endloop
  endfacet
  facet normal 0.320983 -0.947085 0
    outer loop
      vertex 118.628 -7.09096 7.2
      vertex 119.025 -6.95641 42.4
      vertex 118.628 -7.09096 42.4
    endloop
  endfacet
  facet normal 0.320983 -0.947085 0
    outer loop
      vertex 119.025 -6.95641 42.4
      vertex 118.628 -7.09096 7.2
      vertex 119.025 -6.95641 7.2
    endloop
  endfacet
  facet normal 0.0653623 -0.997862 0
    outer loop
      vertex 117.8 -7.2 7.2
      vertex 118.218 -7.17262 42.4
      vertex 117.8 -7.2 42.4
    endloop
  endfacet
  facet normal 0.0653623 -0.997862 0
    outer loop
      vertex 118.218 -7.17262 42.4
      vertex 117.8 -7.2 7.2
      vertex 118.218 -7.17262 7.2
    endloop
  endfacet
  facet normal 0.997859 0.0654091 0
    outer loop
      vertex 7.2 -70.68 42.4
      vertex 7.17262 -70.2623 7.2
      vertex 7.17262 -70.2623 42.4
    endloop
  endfacet
  facet normal 0.997859 0.0654091 0
    outer loop
      vertex 7.17262 -70.2623 7.2
      vertex 7.2 -70.68 42.4
      vertex 7.2 -70.68 7.2
    endloop
  endfacet
  facet normal 0.555648 0.831418 -0
    outer loop
      vertex 5.94804 -68.1413 7.2
      vertex 5.6 -67.9087 42.4
      vertex 5.94804 -68.1413 42.4
    endloop
  endfacet
  facet normal 0.555648 0.831418 0
    outer loop
      vertex 5.6 -67.9087 42.4
      vertex 5.94804 -68.1413 7.2
      vertex 5.6 -67.9087 7.2
    endloop
  endfacet
  facet normal 0.194949 0.980813 -0
    outer loop
      vertex 4.82822 -67.589 7.2
      vertex 4.41768 -67.5074 42.4
      vertex 4.82822 -67.589 42.4
    endloop
  endfacet
  facet normal 0.194949 0.980813 0
    outer loop
      vertex 4.41768 -67.5074 42.4
      vertex 4.82822 -67.589 7.2
      vertex 4.41768 -67.5074 7.2
    endloop
  endfacet
  facet normal -0.321548 0.946893 0
    outer loop
      vertex 3.17178 -67.589 7.2
      vertex 2.77541 -67.7236 42.4
      vertex 3.17178 -67.589 42.4
    endloop
  endfacet
  facet normal -0.321548 0.946893 0
    outer loop
      vertex 2.77541 -67.7236 42.4
      vertex 3.17178 -67.589 7.2
      vertex 2.77541 -67.7236 7.2
    endloop
  endfacet
  facet normal 0.659367 0.751821 -0
    outer loop
      vertex 6.26274 -68.4173 7.2
      vertex 5.94804 -68.1413 42.4
      vertex 6.26274 -68.4173 42.4
    endloop
  endfacet
  facet normal 0.659367 0.751821 0
    outer loop
      vertex 5.94804 -68.1413 42.4
      vertex 6.26274 -68.4173 7.2
      vertex 5.94804 -68.1413 7.2
    endloop
  endfacet
  facet normal 0.89687 0.442295 0
    outer loop
      vertex 6.95641 -69.4554 42.4
      vertex 6.77128 -69.08 7.2
      vertex 6.77128 -69.08 42.4
    endloop
  endfacet
  facet normal 0.89687 0.442295 0
    outer loop
      vertex 6.77128 -69.08 7.2
      vertex 6.95641 -69.4554 42.4
      vertex 6.95641 -69.4554 7.2
    endloop
  endfacet
  facet normal 0.751833 0.659353 0
    outer loop
      vertex 6.53873 -68.732 42.4
      vertex 6.26274 -68.4173 7.2
      vertex 6.26274 -68.4173 42.4
    endloop
  endfacet
  facet normal 0.751833 0.659353 0
    outer loop
      vertex 6.26274 -68.4173 7.2
      vertex 6.53873 -68.732 42.4
      vertex 6.53873 -68.732 7.2
    endloop
  endfacet
  facet normal 0.896879 -0.442276 0
    outer loop
      vertex 6.77129 -72.28 42.4
      vertex 6.95641 -71.9046 7.2
      vertex 6.95641 -71.9046 42.4
    endloop
  endfacet
  facet normal 0.896879 -0.442276 0
    outer loop
      vertex 6.95641 -71.9046 7.2
      vertex 6.77129 -72.28 42.4
      vertex 6.77129 -72.28 7.2
    endloop
  endfacet
  facet normal -0.442228 0.896903 0
    outer loop
      vertex 2.77541 -67.7236 7.2
      vertex 2.4 -67.9087 42.4
      vertex 2.77541 -67.7236 42.4
    endloop
  endfacet
  facet normal -0.442228 0.896903 0
    outer loop
      vertex 2.4 -67.9087 42.4
      vertex 2.77541 -67.7236 7.2
      vertex 2.4 -67.9087 7.2
    endloop
  endfacet
  facet normal 0.946937 0.321419 0
    outer loop
      vertex 7.09096 -69.8518 42.4
      vertex 6.95641 -69.4554 7.2
      vertex 6.95641 -69.4554 42.4
    endloop
  endfacet
  facet normal 0.946937 0.321419 0
    outer loop
      vertex 6.95641 -69.4554 7.2
      vertex 7.09096 -69.8518 42.4
      vertex 7.09096 -69.8518 7.2
    endloop
  endfacet
  facet normal 0.831443 0.55561 0
    outer loop
      vertex 6.77128 -69.08 42.4
      vertex 6.53873 -68.732 7.2
      vertex 6.53873 -68.732 42.4
    endloop
  endfacet
  facet normal 0.831443 0.55561 0
    outer loop
      vertex 6.53873 -68.732 7.2
      vertex 6.77128 -69.08 42.4
      vertex 6.77128 -69.08 7.2
    endloop
  endfacet
  facet normal -0.0654598 0.997855 0
    outer loop
      vertex 4 -67.48 7.2
      vertex 3.58232 -67.5074 42.4
      vertex 4 -67.48 42.4
    endloop
  endfacet
  facet normal -0.0654598 0.997855 0
    outer loop
      vertex 3.58232 -67.5074 42.4
      vertex 4 -67.48 7.2
      vertex 3.58232 -67.5074 7.2
    endloop
  endfacet
  facet normal 0.980782 0.195105 0
    outer loop
      vertex 7.17262 -70.2623 42.4
      vertex 7.09096 -69.8518 7.2
      vertex 7.09096 -69.8518 42.4
    endloop
  endfacet
  facet normal 0.980782 0.195105 0
    outer loop
      vertex 7.09096 -69.8518 7.2
      vertex 7.17262 -70.2623 42.4
      vertex 7.17262 -70.2623 7.2
    endloop
  endfacet
  facet normal -0.194949 0.980813 0
    outer loop
      vertex 3.58232 -67.5074 7.2
      vertex 3.17178 -67.589 42.4
      vertex 3.58232 -67.5074 42.4
    endloop
  endfacet
  facet normal -0.194949 0.980813 0
    outer loop
      vertex 3.17178 -67.589 42.4
      vertex 3.58232 -67.5074 7.2
      vertex 3.17178 -67.589 7.2
    endloop
  endfacet
  facet normal 0.442228 0.896903 -0
    outer loop
      vertex 5.6 -67.9087 7.2
      vertex 5.22459 -67.7236 42.4
      vertex 5.6 -67.9087 42.4
    endloop
  endfacet
  facet normal 0.442228 0.896903 0
    outer loop
      vertex 5.22459 -67.7236 42.4
      vertex 5.6 -67.9087 7.2
      vertex 5.22459 -67.7236 7.2
    endloop
  endfacet
  facet normal 0.0654598 0.997855 -0
    outer loop
      vertex 4.41768 -67.5074 7.2
      vertex 4 -67.48 42.4
      vertex 4.41768 -67.5074 42.4
    endloop
  endfacet
  facet normal 0.0654598 0.997855 0
    outer loop
      vertex 4 -67.48 42.4
      vertex 4.41768 -67.5074 7.2
      vertex 4 -67.48 7.2
    endloop
  endfacet
  facet normal 0.321548 0.946893 -0
    outer loop
      vertex 5.22459 -67.7236 7.2
      vertex 4.82822 -67.589 42.4
      vertex 5.22459 -67.7236 42.4
    endloop
  endfacet
  facet normal 0.321548 0.946893 0
    outer loop
      vertex 4.82822 -67.589 42.4
      vertex 5.22459 -67.7236 7.2
      vertex 4.82822 -67.589 7.2
    endloop
  endfacet
  facet normal 0.980782 -0.195105 0
    outer loop
      vertex 7.09096 -71.5082 42.4
      vertex 7.17262 -71.0977 7.2
      vertex 7.17262 -71.0977 42.4
    endloop
  endfacet
  facet normal 0.980782 -0.195105 0
    outer loop
      vertex 7.17262 -71.0977 7.2
      vertex 7.09096 -71.5082 42.4
      vertex 7.09096 -71.5082 7.2
    endloop
  endfacet
  facet normal 0.997859 -0.0654091 0
    outer loop
      vertex 7.17262 -71.0977 42.4
      vertex 7.2 -70.68 7.2
      vertex 7.2 -70.68 42.4
    endloop
  endfacet
  facet normal 0.997859 -0.0654091 0
    outer loop
      vertex 7.2 -70.68 7.2
      vertex 7.17262 -71.0977 42.4
      vertex 7.17262 -71.0977 7.2
    endloop
  endfacet
  facet normal 0.946937 -0.321419 0
    outer loop
      vertex 6.95641 -71.9046 42.4
      vertex 7.09096 -71.5082 7.2
      vertex 7.09096 -71.5082 42.4
    endloop
  endfacet
  facet normal 0.946937 -0.321419 0
    outer loop
      vertex 7.09096 -71.5082 7.2
      vertex 6.95641 -71.9046 42.4
      vertex 6.95641 -71.9046 7.2
    endloop
  endfacet
  facet normal -0.94661 0.322382 0
    outer loop
      vertex 114.709 -69.8518 7.2
      vertex 114.844 -69.4554 42.4
      vertex 114.844 -69.4554 7.2
    endloop
  endfacet
  facet normal -0.94661 0.322382 0
    outer loop
      vertex 114.844 -69.4554 42.4
      vertex 114.709 -69.8518 7.2
      vertex 114.709 -69.8518 42.4
    endloop
  endfacet
  facet normal -0.997917 0.0645051 0
    outer loop
      vertex 114.6 -70.68 7.2
      vertex 114.627 -70.2623 42.4
      vertex 114.627 -70.2623 7.2
    endloop
  endfacet
  facet normal -0.997917 0.0645051 0
    outer loop
      vertex 114.627 -70.2623 42.4
      vertex 114.6 -70.68 7.2
      vertex 114.6 -70.68 42.4
    endloop
  endfacet
  facet normal -0.997917 -0.0645051 0
    outer loop
      vertex 114.627 -71.0977 7.2
      vertex 114.6 -70.68 42.4
      vertex 114.6 -70.68 7.2
    endloop
  endfacet
  facet normal -0.997917 -0.0645051 0
    outer loop
      vertex 114.6 -70.68 42.4
      vertex 114.627 -71.0977 7.2
      vertex 114.627 -71.0977 42.4
    endloop
  endfacet
  facet normal -0.659012 0.752133 0
    outer loop
      vertex 115.852 -68.1413 7.2
      vertex 115.537 -68.4173 42.4
      vertex 115.852 -68.1413 42.4
    endloop
  endfacet
  facet normal -0.659012 0.752133 0
    outer loop
      vertex 115.537 -68.4173 42.4
      vertex 115.852 -68.1413 7.2
      vertex 115.537 -68.4173 7.2
    endloop
  endfacet
  facet normal -0.751821 0.659367 0
    outer loop
      vertex 115.261 -68.732 7.2
      vertex 115.537 -68.4173 42.4
      vertex 115.537 -68.4173 7.2
    endloop
  endfacet
  facet normal -0.751821 0.659367 0
    outer loop
      vertex 115.537 -68.4173 42.4
      vertex 115.261 -68.732 7.2
      vertex 115.261 -68.732 42.4
    endloop
  endfacet
  facet normal 0.195196 0.980764 -0
    outer loop
      vertex 118.628 -67.589 7.2
      vertex 118.218 -67.5074 42.4
      vertex 118.628 -67.589 42.4
    endloop
  endfacet
  facet normal 0.195196 0.980764 0
    outer loop
      vertex 118.218 -67.5074 42.4
      vertex 118.628 -67.589 7.2
      vertex 118.218 -67.5074 7.2
    endloop
  endfacet
  facet normal -0.94661 -0.322382 0
    outer loop
      vertex 114.844 -71.9046 7.2
      vertex 114.709 -71.5082 42.4
      vertex 114.709 -71.5082 7.2
    endloop
  endfacet
  facet normal -0.94661 -0.322382 0
    outer loop
      vertex 114.709 -71.5082 42.4
      vertex 114.844 -71.9046 7.2
      vertex 114.844 -71.9046 42.4
    endloop
  endfacet
  facet normal 0.0654099 0.997858 -0
    outer loop
      vertex 118.218 -67.5074 7.2
      vertex 117.8 -67.48 42.4
      vertex 118.218 -67.5074 42.4
    endloop
  endfacet
  facet normal 0.0654099 0.997858 0
    outer loop
      vertex 117.8 -67.48 42.4
      vertex 118.218 -67.5074 7.2
      vertex 117.8 -67.48 7.2
    endloop
  endfacet
  facet normal -0.0654099 0.997858 0
    outer loop
      vertex 117.8 -67.48 7.2
      vertex 117.382 -67.5074 42.4
      vertex 117.8 -67.48 42.4
    endloop
  endfacet
  facet normal -0.0654099 0.997858 0
    outer loop
      vertex 117.382 -67.5074 42.4
      vertex 117.8 -67.48 7.2
      vertex 117.382 -67.5074 7.2
    endloop
  endfacet
  facet normal -0.83205 0.5547 0
    outer loop
      vertex 115.029 -69.08 7.2
      vertex 115.261 -68.732 42.4
      vertex 115.261 -68.732 7.2
    endloop
  endfacet
  facet normal -0.83205 0.5547 0
    outer loop
      vertex 115.261 -68.732 42.4
      vertex 115.029 -69.08 7.2
      vertex 115.029 -69.08 42.4
    endloop
  endfacet
  facet normal 0.32109 0.947049 -0
    outer loop
      vertex 119.025 -67.7236 7.2
      vertex 118.628 -67.589 42.4
      vertex 119.025 -67.7236 42.4
    endloop
  endfacet
  facet normal 0.32109 0.947049 0
    outer loop
      vertex 118.628 -67.589 42.4
      vertex 119.025 -67.7236 7.2
      vertex 118.628 -67.589 7.2
    endloop
  endfacet
  facet normal -0.980627 -0.195886 0
    outer loop
      vertex 114.709 -71.5082 7.2
      vertex 114.627 -71.0977 42.4
      vertex 114.627 -71.0977 7.2
    endloop
  endfacet
  facet normal -0.980627 -0.195886 0
    outer loop
      vertex 114.627 -71.0977 42.4
      vertex 114.709 -71.5082 7.2
      vertex 114.709 -71.5082 42.4
    endloop
  endfacet
  facet normal -0.980627 0.195886 0
    outer loop
      vertex 114.627 -70.2623 7.2
      vertex 114.709 -69.8518 42.4
      vertex 114.709 -69.8518 7.2
    endloop
  endfacet
  facet normal -0.980627 0.195886 0
    outer loop
      vertex 114.709 -69.8518 42.4
      vertex 114.627 -70.2623 7.2
      vertex 114.627 -70.2623 42.4
    endloop
  endfacet
  facet normal -0.896993 0.442045 0
    outer loop
      vertex 114.844 -69.4554 7.2
      vertex 115.029 -69.08 42.4
      vertex 115.029 -69.08 7.2
    endloop
  endfacet
  facet normal -0.896993 0.442045 0
    outer loop
      vertex 115.029 -69.08 42.4
      vertex 114.844 -69.4554 7.2
      vertex 114.844 -69.4554 42.4
    endloop
  endfacet
  facet normal -0.896993 -0.442045 0
    outer loop
      vertex 115.029 -72.28 7.2
      vertex 114.844 -71.9046 42.4
      vertex 114.844 -71.9046 7.2
    endloop
  endfacet
  facet normal -0.896993 -0.442045 0
    outer loop
      vertex 114.844 -71.9046 42.4
      vertex 115.029 -72.28 7.2
      vertex 115.029 -72.28 42.4
    endloop
  endfacet
  facet normal -0.442617 0.896711 0
    outer loop
      vertex 116.575 -67.7236 7.2
      vertex 116.2 -67.9087 42.4
      vertex 116.575 -67.7236 42.4
    endloop
  endfacet
  facet normal -0.442617 0.896711 0
    outer loop
      vertex 116.2 -67.9087 42.4
      vertex 116.575 -67.7236 7.2
      vertex 116.2 -67.9087 7.2
    endloop
  endfacet
  facet normal -0.32109 0.947049 0
    outer loop
      vertex 116.972 -67.589 7.2
      vertex 116.575 -67.7236 42.4
      vertex 116.972 -67.589 42.4
    endloop
  endfacet
  facet normal -0.32109 0.947049 0
    outer loop
      vertex 116.575 -67.7236 42.4
      vertex 116.972 -67.589 7.2
      vertex 116.575 -67.7236 7.2
    endloop
  endfacet
  facet normal -0.195196 0.980764 0
    outer loop
      vertex 117.382 -67.5074 7.2
      vertex 116.972 -67.589 42.4
      vertex 117.382 -67.5074 42.4
    endloop
  endfacet
  facet normal -0.195196 0.980764 0
    outer loop
      vertex 116.972 -67.589 42.4
      vertex 117.382 -67.5074 7.2
      vertex 116.972 -67.589 7.2
    endloop
  endfacet
  facet normal 0.442617 0.896711 -0
    outer loop
      vertex 119.4 -67.9087 7.2
      vertex 119.025 -67.7236 42.4
      vertex 119.4 -67.9087 42.4
    endloop
  endfacet
  facet normal 0.442617 0.896711 0
    outer loop
      vertex 119.025 -67.7236 42.4
      vertex 119.4 -67.9087 7.2
      vertex 119.025 -67.7236 7.2
    endloop
  endfacet
  facet normal -0.555692 0.831388 0
    outer loop
      vertex 116.2 -67.9087 7.2
      vertex 115.852 -68.1413 42.4
      vertex 116.2 -67.9087 42.4
    endloop
  endfacet
  facet normal -0.555692 0.831388 0
    outer loop
      vertex 115.852 -68.1413 42.4
      vertex 116.2 -67.9087 7.2
      vertex 115.852 -68.1413 7.2
    endloop
  endfacet
  facet normal 0.321427 0.946934 -0
    outer loop
      vertex 3.66354 -5.2557 30.4
      vertex 3.50251 -5.20104 42.4
      vertex 3.66354 -5.2557 42.4
    endloop
  endfacet
  facet normal 0.321427 0.946934 0
    outer loop
      vertex 3.50251 -5.20104 42.4
      vertex 3.66354 -5.2557 30.4
      vertex 3.50251 -5.20104 30.4
    endloop
  endfacet
  facet normal -0.997859 -0.0653948 0
    outer loop
      vertex 5.3 -4 30.4
      vertex 5.28888 -3.83032 42.4
      vertex 5.28888 -3.83032 30.4
    endloop
  endfacet
  facet normal -0.997859 -0.0653948 0
    outer loop
      vertex 5.28888 -3.83032 42.4
      vertex 5.3 -4 30.4
      vertex 5.3 -4 42.4
    endloop
  endfacet
  facet normal 0.751844 -0.659341 0
    outer loop
      vertex 2.96864 -3.20861 42.4
      vertex 3.08076 -3.08076 30.4
      vertex 3.08076 -3.08076 42.4
    endloop
  endfacet
  facet normal 0.751844 -0.659341 0
    outer loop
      vertex 3.08076 -3.08076 30.4
      vertex 2.96864 -3.20861 42.4
      vertex 2.96864 -3.20861 30.4
    endloop
  endfacet
  facet normal 0.83148 -0.555555 0
    outer loop
      vertex 2.87417 -3.35 42.4
      vertex 2.96864 -3.20861 30.4
      vertex 2.96864 -3.20861 42.4
    endloop
  endfacet
  facet normal 0.83148 -0.555555 0
    outer loop
      vertex 2.96864 -3.20861 30.4
      vertex 2.87417 -3.35 42.4
      vertex 2.87417 -3.35 30.4
    endloop
  endfacet
  facet normal 0.896872 -0.442291 0
    outer loop
      vertex 2.79896 -3.50251 42.4
      vertex 2.87417 -3.35 30.4
      vertex 2.87417 -3.35 42.4
    endloop
  endfacet
  facet normal 0.896872 -0.442291 0
    outer loop
      vertex 2.87417 -3.35 30.4
      vertex 2.79896 -3.50251 42.4
      vertex 2.79896 -3.50251 30.4
    endloop
  endfacet
  facet normal -0.946934 -0.321427 0
    outer loop
      vertex 5.2557 -3.66354 30.4
      vertex 5.20104 -3.50251 42.4
      vertex 5.20104 -3.50251 30.4
    endloop
  endfacet
  facet normal -0.946934 -0.321427 0
    outer loop
      vertex 5.20104 -3.50251 42.4
      vertex 5.2557 -3.66354 30.4
      vertex 5.2557 -3.66354 42.4
    endloop
  endfacet
  facet normal -0.321427 -0.946934 0
    outer loop
      vertex 4.33646 -2.7443 30.4
      vertex 4.49749 -2.79896 42.4
      vertex 4.33646 -2.7443 42.4
    endloop
  endfacet
  facet normal -0.321427 -0.946934 -0
    outer loop
      vertex 4.49749 -2.79896 42.4
      vertex 4.33646 -2.7443 30.4
      vertex 4.49749 -2.79896 30.4
    endloop
  endfacet
  facet normal -0.321427 0.946934 0
    outer loop
      vertex 4.49749 -5.20104 30.4
      vertex 4.33646 -5.2557 42.4
      vertex 4.49749 -5.20104 42.4
    endloop
  endfacet
  facet normal -0.321427 0.946934 0
    outer loop
      vertex 4.33646 -5.2557 42.4
      vertex 4.49749 -5.20104 30.4
      vertex 4.33646 -5.2557 30.4
    endloop
  endfacet
  facet normal 0.997859 -0.0653948 0
    outer loop
      vertex 2.7 -4 42.4
      vertex 2.71112 -3.83032 30.4
      vertex 2.71112 -3.83032 42.4
    endloop
  endfacet
  facet normal 0.997859 -0.0653948 0
    outer loop
      vertex 2.71112 -3.83032 30.4
      vertex 2.7 -4 42.4
      vertex 2.7 -4 30.4
    endloop
  endfacet
  facet normal -0.0653948 0.997859 0
    outer loop
      vertex 4.16968 -5.28888 30.4
      vertex 4 -5.3 42.4
      vertex 4.16968 -5.28888 42.4
    endloop
  endfacet
  facet normal -0.0653948 0.997859 0
    outer loop
      vertex 4 -5.3 42.4
      vertex 4.16968 -5.28888 30.4
      vertex 4 -5.3 30.4
    endloop
  endfacet
  facet normal -0.946934 0.321427 0
    outer loop
      vertex 5.20104 -4.49749 30.4
      vertex 5.2557 -4.33646 42.4
      vertex 5.2557 -4.33646 30.4
    endloop
  endfacet
  facet normal -0.946934 0.321427 0
    outer loop
      vertex 5.2557 -4.33646 42.4
      vertex 5.20104 -4.49749 30.4
      vertex 5.20104 -4.49749 42.4
    endloop
  endfacet
  facet normal 0.83148 0.555555 0
    outer loop
      vertex 2.96864 -4.79139 42.4
      vertex 2.87417 -4.65 30.4
      vertex 2.87417 -4.65 42.4
    endloop
  endfacet
  facet normal 0.83148 0.555555 0
    outer loop
      vertex 2.87417 -4.65 30.4
      vertex 2.96864 -4.79139 42.4
      vertex 2.96864 -4.79139 30.4
    endloop
  endfacet
  facet normal -0.555555 -0.83148 0
    outer loop
      vertex 4.65 -2.87417 30.4
      vertex 4.79139 -2.96864 42.4
      vertex 4.65 -2.87417 42.4
    endloop
  endfacet
  facet normal -0.555555 -0.83148 -0
    outer loop
      vertex 4.79139 -2.96864 42.4
      vertex 4.65 -2.87417 30.4
      vertex 4.79139 -2.96864 30.4
    endloop
  endfacet
  facet normal 0.980779 -0.195121 0
    outer loop
      vertex 2.71112 -3.83032 42.4
      vertex 2.7443 -3.66354 30.4
      vertex 2.7443 -3.66354 42.4
    endloop
  endfacet
  facet normal 0.980779 -0.195121 0
    outer loop
      vertex 2.7443 -3.66354 30.4
      vertex 2.71112 -3.83032 42.4
      vertex 2.71112 -3.83032 30.4
    endloop
  endfacet
  facet normal 0.751844 0.659341 0
    outer loop
      vertex 3.08076 -4.91924 42.4
      vertex 2.96864 -4.79139 30.4
      vertex 2.96864 -4.79139 42.4
    endloop
  endfacet
  facet normal 0.751844 0.659341 0
    outer loop
      vertex 2.96864 -4.79139 30.4
      vertex 3.08076 -4.91924 42.4
      vertex 3.08076 -4.91924 30.4
    endloop
  endfacet
  facet normal 0.946934 -0.321427 0
    outer loop
      vertex 2.7443 -3.66354 42.4
      vertex 2.79896 -3.50251 30.4
      vertex 2.79896 -3.50251 42.4
    endloop
  endfacet
  facet normal 0.946934 -0.321427 0
    outer loop
      vertex 2.79896 -3.50251 30.4
      vertex 2.7443 -3.66354 42.4
      vertex 2.7443 -3.66354 30.4
    endloop
  endfacet
  facet normal -0.659341 0.751844 0
    outer loop
      vertex 4.91924 -4.91924 30.4
      vertex 4.79139 -5.03136 42.4
      vertex 4.91924 -4.91924 42.4
    endloop
  endfacet
  facet normal -0.659341 0.751844 0
    outer loop
      vertex 4.79139 -5.03136 42.4
      vertex 4.91924 -4.91924 30.4
      vertex 4.79139 -5.03136 30.4
    endloop
  endfacet
  facet normal -0.442291 0.896872 0
    outer loop
      vertex 4.65 -5.12583 30.4
      vertex 4.49749 -5.20104 42.4
      vertex 4.65 -5.12583 42.4
    endloop
  endfacet
  facet normal -0.442291 0.896872 0
    outer loop
      vertex 4.49749 -5.20104 42.4
      vertex 4.65 -5.12583 30.4
      vertex 4.49749 -5.20104 30.4
    endloop
  endfacet
  facet normal -0.555555 0.83148 0
    outer loop
      vertex 4.79139 -5.03136 30.4
      vertex 4.65 -5.12583 42.4
      vertex 4.79139 -5.03136 42.4
    endloop
  endfacet
  facet normal -0.555555 0.83148 0
    outer loop
      vertex 4.65 -5.12583 42.4
      vertex 4.79139 -5.03136 30.4
      vertex 4.65 -5.12583 30.4
    endloop
  endfacet
  facet normal -0.896872 0.442291 0
    outer loop
      vertex 5.12583 -4.65 30.4
      vertex 5.20104 -4.49749 42.4
      vertex 5.20104 -4.49749 30.4
    endloop
  endfacet
  facet normal -0.896872 0.442291 0
    outer loop
      vertex 5.20104 -4.49749 42.4
      vertex 5.12583 -4.65 30.4
      vertex 5.12583 -4.65 42.4
    endloop
  endfacet
  facet normal 0.555555 -0.83148 0
    outer loop
      vertex 3.20861 -2.96864 30.4
      vertex 3.35 -2.87417 42.4
      vertex 3.20861 -2.96864 42.4
    endloop
  endfacet
  facet normal 0.555555 -0.83148 0
    outer loop
      vertex 3.35 -2.87417 42.4
      vertex 3.20861 -2.96864 30.4
      vertex 3.35 -2.87417 30.4
    endloop
  endfacet
  facet normal -0.83148 -0.555555 0
    outer loop
      vertex 5.12583 -3.35 30.4
      vertex 5.03136 -3.20861 42.4
      vertex 5.03136 -3.20861 30.4
    endloop
  endfacet
  facet normal -0.83148 -0.555555 0
    outer loop
      vertex 5.03136 -3.20861 42.4
      vertex 5.12583 -3.35 30.4
      vertex 5.12583 -3.35 42.4
    endloop
  endfacet
  facet normal 0.659341 -0.751844 0
    outer loop
      vertex 3.08076 -3.08076 30.4
      vertex 3.20861 -2.96864 42.4
      vertex 3.08076 -3.08076 42.4
    endloop
  endfacet
  facet normal 0.659341 -0.751844 0
    outer loop
      vertex 3.20861 -2.96864 42.4
      vertex 3.08076 -3.08076 30.4
      vertex 3.20861 -2.96864 30.4
    endloop
  endfacet
  facet normal -0.751844 -0.659341 0
    outer loop
      vertex 5.03136 -3.20861 30.4
      vertex 4.91924 -3.08076 42.4
      vertex 4.91924 -3.08076 30.4
    endloop
  endfacet
  facet normal -0.751844 -0.659341 0
    outer loop
      vertex 4.91924 -3.08076 42.4
      vertex 5.03136 -3.20861 30.4
      vertex 5.03136 -3.20861 42.4
    endloop
  endfacet
  facet normal -0.659341 -0.751844 0
    outer loop
      vertex 4.79139 -2.96864 30.4
      vertex 4.91924 -3.08076 42.4
      vertex 4.79139 -2.96864 42.4
    endloop
  endfacet
  facet normal -0.659341 -0.751844 -0
    outer loop
      vertex 4.91924 -3.08076 42.4
      vertex 4.79139 -2.96864 30.4
      vertex 4.91924 -3.08076 30.4
    endloop
  endfacet
  facet normal 0.946934 0.321427 0
    outer loop
      vertex 2.79896 -4.49749 42.4
      vertex 2.7443 -4.33646 30.4
      vertex 2.7443 -4.33646 42.4
    endloop
  endfacet
  facet normal 0.946934 0.321427 0
    outer loop
      vertex 2.7443 -4.33646 30.4
      vertex 2.79896 -4.49749 42.4
      vertex 2.79896 -4.49749 30.4
    endloop
  endfacet
  facet normal -0.896872 -0.442291 0
    outer loop
      vertex 5.20104 -3.50251 30.4
      vertex 5.12583 -3.35 42.4
      vertex 5.12583 -3.35 30.4
    endloop
  endfacet
  facet normal -0.896872 -0.442291 0
    outer loop
      vertex 5.12583 -3.35 42.4
      vertex 5.20104 -3.50251 30.4
      vertex 5.20104 -3.50251 42.4
    endloop
  endfacet
  facet normal 0.555555 0.83148 -0
    outer loop
      vertex 3.35 -5.12583 30.4
      vertex 3.20861 -5.03136 42.4
      vertex 3.35 -5.12583 42.4
    endloop
  endfacet
  facet normal 0.555555 0.83148 0
    outer loop
      vertex 3.20861 -5.03136 42.4
      vertex 3.35 -5.12583 30.4
      vertex 3.20861 -5.03136 30.4
    endloop
  endfacet
  facet normal 0.442291 -0.896872 0
    outer loop
      vertex 3.35 -2.87417 30.4
      vertex 3.50251 -2.79896 42.4
      vertex 3.35 -2.87417 42.4
    endloop
  endfacet
  facet normal 0.442291 -0.896872 0
    outer loop
      vertex 3.50251 -2.79896 42.4
      vertex 3.35 -2.87417 30.4
      vertex 3.50251 -2.79896 30.4
    endloop
  endfacet
  facet normal 0.442291 0.896872 -0
    outer loop
      vertex 3.50251 -5.20104 30.4
      vertex 3.35 -5.12583 42.4
      vertex 3.50251 -5.20104 42.4
    endloop
  endfacet
  facet normal 0.442291 0.896872 0
    outer loop
      vertex 3.35 -5.12583 42.4
      vertex 3.50251 -5.20104 30.4
      vertex 3.35 -5.12583 30.4
    endloop
  endfacet
  facet normal 0.980779 0.195121 0
    outer loop
      vertex 2.7443 -4.33646 42.4
      vertex 2.71112 -4.16968 30.4
      vertex 2.71112 -4.16968 42.4
    endloop
  endfacet
  facet normal 0.980779 0.195121 0
    outer loop
      vertex 2.71112 -4.16968 30.4
      vertex 2.7443 -4.33646 42.4
      vertex 2.7443 -4.33646 30.4
    endloop
  endfacet
  facet normal -0.0653948 -0.997859 0
    outer loop
      vertex 4 -2.7 30.4
      vertex 4.16968 -2.71112 42.4
      vertex 4 -2.7 42.4
    endloop
  endfacet
  facet normal -0.0653948 -0.997859 -0
    outer loop
      vertex 4.16968 -2.71112 42.4
      vertex 4 -2.7 30.4
      vertex 4.16968 -2.71112 30.4
    endloop
  endfacet
  facet normal 0.0653948 -0.997859 0
    outer loop
      vertex 3.83032 -2.71112 30.4
      vertex 4 -2.7 42.4
      vertex 3.83032 -2.71112 42.4
    endloop
  endfacet
  facet normal 0.0653948 -0.997859 0
    outer loop
      vertex 4 -2.7 42.4
      vertex 3.83032 -2.71112 30.4
      vertex 4 -2.7 30.4
    endloop
  endfacet
  facet normal -0.997859 0.0653948 0
    outer loop
      vertex 5.28888 -4.16968 30.4
      vertex 5.3 -4 42.4
      vertex 5.3 -4 30.4
    endloop
  endfacet
  facet normal -0.997859 0.0653948 0
    outer loop
      vertex 5.3 -4 42.4
      vertex 5.28888 -4.16968 30.4
      vertex 5.28888 -4.16968 42.4
    endloop
  endfacet
  facet normal -0.195121 -0.980779 0
    outer loop
      vertex 4.16968 -2.71112 30.4
      vertex 4.33646 -2.7443 42.4
      vertex 4.16968 -2.71112 42.4
    endloop
  endfacet
  facet normal -0.195121 -0.980779 -0
    outer loop
      vertex 4.33646 -2.7443 42.4
      vertex 4.16968 -2.71112 30.4
      vertex 4.33646 -2.7443 30.4
    endloop
  endfacet
  facet normal -0.442291 -0.896872 0
    outer loop
      vertex 4.49749 -2.79896 30.4
      vertex 4.65 -2.87417 42.4
      vertex 4.49749 -2.79896 42.4
    endloop
  endfacet
  facet normal -0.442291 -0.896872 -0
    outer loop
      vertex 4.65 -2.87417 42.4
      vertex 4.49749 -2.79896 30.4
      vertex 4.65 -2.87417 30.4
    endloop
  endfacet
  facet normal -0.751844 0.659341 0
    outer loop
      vertex 4.91924 -4.91924 30.4
      vertex 5.03136 -4.79139 42.4
      vertex 5.03136 -4.79139 30.4
    endloop
  endfacet
  facet normal -0.751844 0.659341 0
    outer loop
      vertex 5.03136 -4.79139 42.4
      vertex 4.91924 -4.91924 30.4
      vertex 4.91924 -4.91924 42.4
    endloop
  endfacet
  facet normal 0.997859 0.0653948 0
    outer loop
      vertex 2.71112 -4.16968 42.4
      vertex 2.7 -4 30.4
      vertex 2.7 -4 42.4
    endloop
  endfacet
  facet normal 0.997859 0.0653948 0
    outer loop
      vertex 2.7 -4 30.4
      vertex 2.71112 -4.16968 42.4
      vertex 2.71112 -4.16968 30.4
    endloop
  endfacet
  facet normal -0.980779 -0.195121 0
    outer loop
      vertex 5.28888 -3.83032 30.4
      vertex 5.2557 -3.66354 42.4
      vertex 5.2557 -3.66354 30.4
    endloop
  endfacet
  facet normal -0.980779 -0.195121 0
    outer loop
      vertex 5.2557 -3.66354 42.4
      vertex 5.28888 -3.83032 30.4
      vertex 5.28888 -3.83032 42.4
    endloop
  endfacet
  facet normal 0.195121 -0.980779 0
    outer loop
      vertex 3.66354 -2.7443 30.4
      vertex 3.83032 -2.71112 42.4
      vertex 3.66354 -2.7443 42.4
    endloop
  endfacet
  facet normal 0.195121 -0.980779 0
    outer loop
      vertex 3.83032 -2.71112 42.4
      vertex 3.66354 -2.7443 30.4
      vertex 3.83032 -2.71112 30.4
    endloop
  endfacet
  facet normal 0 0 1
    outer loop
      vertex 5.28888 -3.83032 30.4
      vertex 5.28888 -4.16968 30.4
      vertex 5.3 -4 30.4
    endloop
  endfacet
  facet normal 0 0 1
    outer loop
      vertex 5.2557 -3.66354 30.4
      vertex 5.28888 -4.16968 30.4
      vertex 5.28888 -3.83032 30.4
    endloop
  endfacet
  facet normal 0 0 1
    outer loop
      vertex 5.2557 -3.66354 30.4
      vertex 5.2557 -4.33646 30.4
      vertex 5.28888 -4.16968 30.4
    endloop
  endfacet
  facet normal 0 0 1
    outer loop
      vertex 5.20104 -3.50251 30.4
      vertex 5.2557 -4.33646 30.4
      vertex 5.2557 -3.66354 30.4
    endloop
  endfacet
  facet normal 0 0 1
    outer loop
      vertex 5.20104 -3.50251 30.4
      vertex 5.20104 -4.49749 30.4
      vertex 5.2557 -4.33646 30.4
    endloop
  endfacet
  facet normal 0 0 1
    outer loop
      vertex 5.12583 -3.35 30.4
      vertex 5.20104 -4.49749 30.4
      vertex 5.20104 -3.50251 30.4
    endloop
  endfacet
  facet normal 0 0 1
    outer loop
      vertex 5.12583 -3.35 30.4
      vertex 5.12583 -4.65 30.4
      vertex 5.20104 -4.49749 30.4
    endloop
  endfacet
  facet normal 0 0 1
    outer loop
      vertex 5.03136 -3.20861 30.4
      vertex 5.12583 -4.65 30.4
      vertex 5.12583 -3.35 30.4
    endloop
  endfacet
  facet normal 0 0 1
    outer loop
      vertex 5.03136 -3.20861 30.4
      vertex 5.03136 -4.79139 30.4
      vertex 5.12583 -4.65 30.4
    endloop
  endfacet
  facet normal 0 0 1
    outer loop
      vertex 4.91924 -3.08076 30.4
      vertex 5.03136 -4.79139 30.4
      vertex 5.03136 -3.20861 30.4
    endloop
  endfacet
  facet normal 0 0 1
    outer loop
      vertex 4.91924 -3.08076 30.4
      vertex 4.91924 -4.91924 30.4
      vertex 5.03136 -4.79139 30.4
    endloop
  endfacet
  facet normal 0 0 1
    outer loop
      vertex 4.79139 -2.96864 30.4
      vertex 4.91924 -4.91924 30.4
      vertex 4.91924 -3.08076 30.4
    endloop
  endfacet
  facet normal 0 0 1
    outer loop
      vertex 4.79139 -2.96864 30.4
      vertex 4.79139 -5.03136 30.4
      vertex 4.91924 -4.91924 30.4
    endloop
  endfacet
  facet normal 0 0 1
    outer loop
      vertex 4.65 -2.87417 30.4
      vertex 4.79139 -5.03136 30.4
      vertex 4.79139 -2.96864 30.4
    endloop
  endfacet
  facet normal 0 0 1
    outer loop
      vertex 4.65 -2.87417 30.4
      vertex 4.65 -5.12583 30.4
      vertex 4.79139 -5.03136 30.4
    endloop
  endfacet
  facet normal 0 0 1
    outer loop
      vertex 4.49749 -2.79896 30.4
      vertex 4.65 -5.12583 30.4
      vertex 4.65 -2.87417 30.4
    endloop
  endfacet
  facet normal 0 0 1
    outer loop
      vertex 4.49749 -2.79896 30.4
      vertex 4.49749 -5.20104 30.4
      vertex 4.65 -5.12583 30.4
    endloop
  endfacet
  facet normal 0 0 1
    outer loop
      vertex 4.33646 -2.7443 30.4
      vertex 4.49749 -5.20104 30.4
      vertex 4.49749 -2.79896 30.4
    endloop
  endfacet
  facet normal 0 0 1
    outer loop
      vertex 4.33646 -2.7443 30.4
      vertex 4.33646 -5.2557 30.4
      vertex 4.49749 -5.20104 30.4
    endloop
  endfacet
  facet normal 0 0 1
    outer loop
      vertex 4.16968 -2.71112 30.4
      vertex 4.33646 -5.2557 30.4
      vertex 4.33646 -2.7443 30.4
    endloop
  endfacet
  facet normal 0 0 1
    outer loop
      vertex 4.16968 -2.71112 30.4
      vertex 4.16968 -5.28888 30.4
      vertex 4.33646 -5.2557 30.4
    endloop
  endfacet
  facet normal 0 0 1
    outer loop
      vertex 4 -2.7 30.4
      vertex 4.16968 -5.28888 30.4
      vertex 4.16968 -2.71112 30.4
    endloop
  endfacet
  facet normal 0 0 1
    outer loop
      vertex 4 -2.7 30.4
      vertex 4 -5.3 30.4
      vertex 4.16968 -5.28888 30.4
    endloop
  endfacet
  facet normal -0 0 1
    outer loop
      vertex 3.83032 -2.71112 30.4
      vertex 4 -5.3 30.4
      vertex 4 -2.7 30.4
    endloop
  endfacet
  facet normal 0 0 1
    outer loop
      vertex 3.83032 -2.71112 30.4
      vertex 3.83032 -5.28888 30.4
      vertex 4 -5.3 30.4
    endloop
  endfacet
  facet normal -0 0 1
    outer loop
      vertex 3.66354 -2.7443 30.4
      vertex 3.83032 -5.28888 30.4
      vertex 3.83032 -2.71112 30.4
    endloop
  endfacet
  facet normal 0 0 1
    outer loop
      vertex 3.66354 -2.7443 30.4
      vertex 3.66354 -5.2557 30.4
      vertex 3.83032 -5.28888 30.4
    endloop
  endfacet
  facet normal -0 0 1
    outer loop
      vertex 3.50251 -2.79896 30.4
      vertex 3.66354 -5.2557 30.4
      vertex 3.66354 -2.7443 30.4
    endloop
  endfacet
  facet normal 0 0 1
    outer loop
      vertex 3.50251 -2.79896 30.4
      vertex 3.50251 -5.20104 30.4
      vertex 3.66354 -5.2557 30.4
    endloop
  endfacet
  facet normal -0 0 1
    outer loop
      vertex 3.35 -2.87417 30.4
      vertex 3.50251 -5.20104 30.4
      vertex 3.50251 -2.79896 30.4
    endloop
  endfacet
  facet normal 0 0 1
    outer loop
      vertex 3.35 -2.87417 30.4
      vertex 3.35 -5.12583 30.4
      vertex 3.50251 -5.20104 30.4
    endloop
  endfacet
  facet normal -0 0 1
    outer loop
      vertex 3.20861 -2.96864 30.4
      vertex 3.35 -5.12583 30.4
      vertex 3.35 -2.87417 30.4
    endloop
  endfacet
  facet normal 0 0 1
    outer loop
      vertex 3.20861 -2.96864 30.4
      vertex 3.20861 -5.03136 30.4
      vertex 3.35 -5.12583 30.4
    endloop
  endfacet
  facet normal -0 0 1
    outer loop
      vertex 3.08076 -3.08076 30.4
      vertex 3.20861 -5.03136 30.4
      vertex 3.20861 -2.96864 30.4
    endloop
  endfacet
  facet normal 0 0 1
    outer loop
      vertex 3.08076 -3.08076 30.4
      vertex 3.08076 -4.91924 30.4
      vertex 3.20861 -5.03136 30.4
    endloop
  endfacet
  facet normal -0 0 1
    outer loop
      vertex 2.96864 -3.20861 30.4
      vertex 3.08076 -4.91924 30.4
      vertex 3.08076 -3.08076 30.4
    endloop
  endfacet
  facet normal 0 0 1
    outer loop
      vertex 2.96864 -3.20861 30.4
      vertex 2.96864 -4.79139 30.4
      vertex 3.08076 -4.91924 30.4
    endloop
  endfacet
  facet normal -0 0 1
    outer loop
      vertex 2.87417 -3.35 30.4
      vertex 2.96864 -4.79139 30.4
      vertex 2.96864 -3.20861 30.4
    endloop
  endfacet
  facet normal 0 0 1
    outer loop
      vertex 2.87417 -3.35 30.4
      vertex 2.87417 -4.65 30.4
      vertex 2.96864 -4.79139 30.4
    endloop
  endfacet
  facet normal -0 0 1
    outer loop
      vertex 2.79896 -3.50251 30.4
      vertex 2.87417 -4.65 30.4
      vertex 2.87417 -3.35 30.4
    endloop
  endfacet
  facet normal 0 0 1
    outer loop
      vertex 2.79896 -3.50251 30.4
      vertex 2.79896 -4.49749 30.4
      vertex 2.87417 -4.65 30.4
    endloop
  endfacet
  facet normal -0 0 1
    outer loop
      vertex 2.7443 -3.66354 30.4
      vertex 2.79896 -4.49749 30.4
      vertex 2.79896 -3.50251 30.4
    endloop
  endfacet
  facet normal 0 0 1
    outer loop
      vertex 2.7443 -3.66354 30.4
      vertex 2.7443 -4.33646 30.4
      vertex 2.79896 -4.49749 30.4
    endloop
  endfacet
  facet normal -0 0 1
    outer loop
      vertex 2.71112 -3.83032 30.4
      vertex 2.7443 -4.33646 30.4
      vertex 2.7443 -3.66354 30.4
    endloop
  endfacet
  facet normal 0 0 1
    outer loop
      vertex 2.71112 -3.83032 30.4
      vertex 2.71112 -4.16968 30.4
      vertex 2.7443 -4.33646 30.4
    endloop
  endfacet
  facet normal 0 -0 1
    outer loop
      vertex 2.71112 -4.16968 30.4
      vertex 2.71112 -3.83032 30.4
      vertex 2.7 -4 30.4
    endloop
  endfacet
  facet normal -0.83148 0.555555 0
    outer loop
      vertex 5.03136 -4.79139 30.4
      vertex 5.12583 -4.65 42.4
      vertex 5.12583 -4.65 30.4
    endloop
  endfacet
  facet normal -0.83148 0.555555 0
    outer loop
      vertex 5.12583 -4.65 42.4
      vertex 5.03136 -4.79139 30.4
      vertex 5.03136 -4.79139 42.4
    endloop
  endfacet
  facet normal 0.896872 0.442291 0
    outer loop
      vertex 2.87417 -4.65 42.4
      vertex 2.79896 -4.49749 30.4
      vertex 2.79896 -4.49749 42.4
    endloop
  endfacet
  facet normal 0.896872 0.442291 0
    outer loop
      vertex 2.79896 -4.49749 30.4
      vertex 2.87417 -4.65 42.4
      vertex 2.87417 -4.65 30.4
    endloop
  endfacet
  facet normal -0.980779 0.195121 0
    outer loop
      vertex 5.2557 -4.33646 30.4
      vertex 5.28888 -4.16968 42.4
      vertex 5.28888 -4.16968 30.4
    endloop
  endfacet
  facet normal -0.980779 0.195121 0
    outer loop
      vertex 5.28888 -4.16968 42.4
      vertex 5.2557 -4.33646 30.4
      vertex 5.2557 -4.33646 42.4
    endloop
  endfacet
  facet normal 0.0653948 0.997859 -0
    outer loop
      vertex 4 -5.3 30.4
      vertex 3.83032 -5.28888 42.4
      vertex 4 -5.3 42.4
    endloop
  endfacet
  facet normal 0.0653948 0.997859 0
    outer loop
      vertex 3.83032 -5.28888 42.4
      vertex 4 -5.3 30.4
      vertex 3.83032 -5.28888 30.4
    endloop
  endfacet
  facet normal 0.321427 -0.946934 0
    outer loop
      vertex 3.50251 -2.79896 30.4
      vertex 3.66354 -2.7443 42.4
      vertex 3.50251 -2.79896 42.4
    endloop
  endfacet
  facet normal 0.321427 -0.946934 0
    outer loop
      vertex 3.66354 -2.7443 42.4
      vertex 3.50251 -2.79896 30.4
      vertex 3.66354 -2.7443 30.4
    endloop
  endfacet
  facet normal 0.195121 0.980779 -0
    outer loop
      vertex 3.83032 -5.28888 30.4
      vertex 3.66354 -5.2557 42.4
      vertex 3.83032 -5.28888 42.4
    endloop
  endfacet
  facet normal 0.195121 0.980779 0
    outer loop
      vertex 3.66354 -5.2557 42.4
      vertex 3.83032 -5.28888 30.4
      vertex 3.66354 -5.2557 30.4
    endloop
  endfacet
  facet normal -0.195121 0.980779 0
    outer loop
      vertex 4.33646 -5.2557 30.4
      vertex 4.16968 -5.28888 42.4
      vertex 4.33646 -5.2557 42.4
    endloop
  endfacet
  facet normal -0.195121 0.980779 0
    outer loop
      vertex 4.16968 -5.28888 42.4
      vertex 4.33646 -5.2557 30.4
      vertex 4.16968 -5.28888 30.4
    endloop
  endfacet
  facet normal 0.659341 0.751844 -0
    outer loop
      vertex 3.20861 -5.03136 30.4
      vertex 3.08076 -4.91924 42.4
      vertex 3.20861 -5.03136 42.4
    endloop
  endfacet
  facet normal 0.659341 0.751844 0
    outer loop
      vertex 3.08076 -4.91924 42.4
      vertex 3.20861 -5.03136 30.4
      vertex 3.08076 -4.91924 30.4
    endloop
  endfacet
  facet normal 0.556616 -0.83077 0
    outer loop
      vertex 117.009 -2.96864 30.4
      vertex 117.15 -2.87417 42.4
      vertex 117.009 -2.96864 42.4
    endloop
  endfacet
  facet normal 0.556616 -0.83077 0
    outer loop
      vertex 117.15 -2.87417 42.4
      vertex 117.009 -2.96864 30.4
      vertex 117.15 -2.87417 30.4
    endloop
  endfacet
  facet normal -0.997905 -0.0646921 0
    outer loop
      vertex 119.1 -4 30.4
      vertex 119.089 -3.83032 42.4
      vertex 119.089 -3.83032 30.4
    endloop
  endfacet
  facet normal -0.997905 -0.0646921 0
    outer loop
      vertex 119.089 -3.83032 42.4
      vertex 119.1 -4 30.4
      vertex 119.1 -4 42.4
    endloop
  endfacet
  facet normal -0.658904 -0.752227 0
    outer loop
      vertex 118.591 -2.96864 30.4
      vertex 118.719 -3.08076 42.4
      vertex 118.591 -2.96864 42.4
    endloop
  endfacet
  facet normal -0.658904 -0.752227 -0
    outer loop
      vertex 118.719 -3.08076 42.4
      vertex 118.591 -2.96864 30.4
      vertex 118.719 -3.08076 30.4
    endloop
  endfacet
  facet normal 0.980981 -0.194102 0
    outer loop
      vertex 116.511 -3.83032 42.4
      vertex 116.544 -3.66354 30.4
      vertex 116.544 -3.66354 42.4
    endloop
  endfacet
  facet normal 0.980981 -0.194102 0
    outer loop
      vertex 116.544 -3.66354 30.4
      vertex 116.511 -3.83032 42.4
      vertex 116.511 -3.83032 30.4
    endloop
  endfacet
  facet normal -0.658904 0.752227 0
    outer loop
      vertex 118.719 -4.91924 30.4
      vertex 118.591 -5.03136 42.4
      vertex 118.719 -4.91924 42.4
    endloop
  endfacet
  facet normal -0.658904 0.752227 0
    outer loop
      vertex 118.591 -5.03136 42.4
      vertex 118.719 -4.91924 30.4
      vertex 118.591 -5.03136 30.4
    endloop
  endfacet
  facet normal 0.0652723 -0.997867 0
    outer loop
      vertex 117.63 -2.71112 30.4
      vertex 117.8 -2.7 42.4
      vertex 117.63 -2.71112 42.4
    endloop
  endfacet
  facet normal 0.0652723 -0.997867 0
    outer loop
      vertex 117.8 -2.7 42.4
      vertex 117.63 -2.71112 30.4
      vertex 117.8 -2.7 30.4
    endloop
  endfacet
  facet normal -0.897361 -0.441296 0
    outer loop
      vertex 119.001 -3.50251 30.4
      vertex 118.926 -3.35 42.4
      vertex 118.926 -3.35 30.4
    endloop
  endfacet
  facet normal -0.897361 -0.441296 0
    outer loop
      vertex 118.926 -3.35 42.4
      vertex 119.001 -3.50251 30.4
      vertex 119.001 -3.50251 42.4
    endloop
  endfacet
  facet normal -0.83004 -0.557704 0
    outer loop
      vertex 118.926 -3.35 30.4
      vertex 118.831 -3.20861 42.4
      vertex 118.831 -3.20861 30.4
    endloop
  endfacet
  facet normal -0.83004 -0.557704 0
    outer loop
      vertex 118.831 -3.20861 42.4
      vertex 118.926 -3.35 30.4
      vertex 118.926 -3.35 42.4
    endloop
  endfacet
  facet normal 0.752194 -0.658942 0
    outer loop
      vertex 116.769 -3.20861 42.4
      vertex 116.881 -3.08076 30.4
      vertex 116.881 -3.08076 42.4
    endloop
  endfacet
  facet normal 0.752194 -0.658942 0
    outer loop
      vertex 116.881 -3.08076 30.4
      vertex 116.769 -3.20861 42.4
      vertex 116.769 -3.20861 30.4
    endloop
  endfacet
  facet normal -0.0652723 -0.997867 0
    outer loop
      vertex 117.8 -2.7 30.4
      vertex 117.97 -2.71112 42.4
      vertex 117.8 -2.7 42.4
    endloop
  endfacet
  facet normal -0.0652723 -0.997867 -0
    outer loop
      vertex 117.97 -2.71112 42.4
      vertex 117.8 -2.7 30.4
      vertex 117.97 -2.71112 30.4
    endloop
  endfacet
  facet normal -0.556616 0.83077 0
    outer loop
      vertex 118.591 -5.03136 30.4
      vertex 118.45 -5.12583 42.4
      vertex 118.591 -5.03136 42.4
    endloop
  endfacet
  facet normal -0.556616 0.83077 0
    outer loop
      vertex 118.45 -5.12583 42.4
      vertex 118.591 -5.03136 30.4
      vertex 118.45 -5.12583 30.4
    endloop
  endfacet
  facet normal 0.196003 0.980603 -0
    outer loop
      vertex 117.63 -5.28888 30.4
      vertex 117.464 -5.2557 42.4
      vertex 117.63 -5.28888 42.4
    endloop
  endfacet
  facet normal 0.196003 0.980603 0
    outer loop
      vertex 117.464 -5.2557 42.4
      vertex 117.63 -5.28888 30.4
      vertex 117.464 -5.2557 30.4
    endloop
  endfacet
  facet normal -0.44115 -0.897433 0
    outer loop
      vertex 118.297 -2.79896 30.4
      vertex 118.45 -2.87417 42.4
      vertex 118.297 -2.79896 42.4
    endloop
  endfacet
  facet normal -0.44115 -0.897433 -0
    outer loop
      vertex 118.45 -2.87417 42.4
      vertex 118.297 -2.79896 30.4
      vertex 118.45 -2.87417 30.4
    endloop
  endfacet
  facet normal 0.980981 0.194102 0
    outer loop
      vertex 116.544 -4.33646 42.4
      vertex 116.511 -4.16968 30.4
      vertex 116.511 -4.16968 42.4
    endloop
  endfacet
  facet normal 0.980981 0.194102 0
    outer loop
      vertex 116.511 -4.16968 30.4
      vertex 116.544 -4.33646 42.4
      vertex 116.544 -4.33646 30.4
    endloop
  endfacet
  facet normal -0.83004 0.557704 0
    outer loop
      vertex 118.831 -4.79139 30.4
      vertex 118.926 -4.65 42.4
      vertex 118.926 -4.65 30.4
    endloop
  endfacet
  facet normal -0.83004 0.557704 0
    outer loop
      vertex 118.926 -4.65 42.4
      vertex 118.831 -4.79139 30.4
      vertex 118.831 -4.79139 42.4
    endloop
  endfacet
  facet normal 0.83004 -0.557704 0
    outer loop
      vertex 116.674 -3.35 42.4
      vertex 116.769 -3.20861 30.4
      vertex 116.769 -3.20861 42.4
    endloop
  endfacet
  facet normal 0.83004 -0.557704 0
    outer loop
      vertex 116.769 -3.20861 30.4
      vertex 116.674 -3.35 42.4
      vertex 116.674 -3.35 30.4
    endloop
  endfacet
  facet normal 0.997905 0.0646921 0
    outer loop
      vertex 116.511 -4.16968 42.4
      vertex 116.5 -4 30.4
      vertex 116.5 -4 42.4
    endloop
  endfacet
  facet normal 0.997905 0.0646921 0
    outer loop
      vertex 116.5 -4 30.4
      vertex 116.511 -4.16968 42.4
      vertex 116.511 -4.16968 30.4
    endloop
  endfacet
  facet normal 0.556616 0.83077 -0
    outer loop
      vertex 117.15 -5.12583 30.4
      vertex 117.009 -5.03136 42.4
      vertex 117.15 -5.12583 42.4
    endloop
  endfacet
  facet normal 0.556616 0.83077 0
    outer loop
      vertex 117.009 -5.03136 42.4
      vertex 117.15 -5.12583 30.4
      vertex 117.009 -5.03136 30.4
    endloop
  endfacet
  facet normal 0.897361 0.441296 0
    outer loop
      vertex 116.674 -4.65 42.4
      vertex 116.599 -4.49749 30.4
      vertex 116.599 -4.49749 42.4
    endloop
  endfacet
  facet normal 0.897361 0.441296 0
    outer loop
      vertex 116.599 -4.49749 30.4
      vertex 116.674 -4.65 42.4
      vertex 116.674 -4.65 30.4
    endloop
  endfacet
  facet normal 0.946324 0.323218 0
    outer loop
      vertex 116.599 -4.49749 42.4
      vertex 116.544 -4.33646 30.4
      vertex 116.544 -4.33646 42.4
    endloop
  endfacet
  facet normal 0.946324 0.323218 0
    outer loop
      vertex 116.544 -4.33646 30.4
      vertex 116.599 -4.49749 42.4
      vertex 116.599 -4.49749 30.4
    endloop
  endfacet
  facet normal -0.44115 0.897433 0
    outer loop
      vertex 118.45 -5.12583 30.4
      vertex 118.297 -5.20104 42.4
      vertex 118.45 -5.12583 42.4
    endloop
  endfacet
  facet normal -0.44115 0.897433 0
    outer loop
      vertex 118.297 -5.20104 42.4
      vertex 118.45 -5.12583 30.4
      vertex 118.297 -5.20104 30.4
    endloop
  endfacet
  facet normal -0.556616 -0.83077 0
    outer loop
      vertex 118.45 -2.87417 30.4
      vertex 118.591 -2.96864 42.4
      vertex 118.45 -2.87417 42.4
    endloop
  endfacet
  facet normal -0.556616 -0.83077 -0
    outer loop
      vertex 118.591 -2.96864 42.4
      vertex 118.45 -2.87417 30.4
      vertex 118.591 -2.96864 30.4
    endloop
  endfacet
  facet normal -0.196003 0.980603 0
    outer loop
      vertex 118.136 -5.2557 30.4
      vertex 117.97 -5.28888 42.4
      vertex 118.136 -5.2557 42.4
    endloop
  endfacet
  facet normal -0.196003 0.980603 0
    outer loop
      vertex 117.97 -5.28888 42.4
      vertex 118.136 -5.2557 30.4
      vertex 117.97 -5.28888 30.4
    endloop
  endfacet
  facet normal -0.752194 -0.658942 0
    outer loop
      vertex 118.831 -3.20861 30.4
      vertex 118.719 -3.08076 42.4
      vertex 118.719 -3.08076 30.4
    endloop
  endfacet
  facet normal -0.752194 -0.658942 0
    outer loop
      vertex 118.719 -3.08076 42.4
      vertex 118.831 -3.20861 30.4
      vertex 118.831 -3.20861 42.4
    endloop
  endfacet
  facet normal -0.946324 0.323218 0
    outer loop
      vertex 119.001 -4.49749 30.4
      vertex 119.056 -4.33646 42.4
      vertex 119.056 -4.33646 30.4
    endloop
  endfacet
  facet normal -0.946324 0.323218 0
    outer loop
      vertex 119.056 -4.33646 42.4
      vertex 119.001 -4.49749 30.4
      vertex 119.001 -4.49749 42.4
    endloop
  endfacet
  facet normal -0.980981 -0.194102 0
    outer loop
      vertex 119.089 -3.83032 30.4
      vertex 119.056 -3.66354 42.4
      vertex 119.056 -3.66354 30.4
    endloop
  endfacet
  facet normal -0.980981 -0.194102 0
    outer loop
      vertex 119.056 -3.66354 42.4
      vertex 119.089 -3.83032 30.4
      vertex 119.089 -3.83032 42.4
    endloop
  endfacet
  facet normal 0.997905 -0.0646921 0
    outer loop
      vertex 116.5 -4 42.4
      vertex 116.511 -3.83032 30.4
      vertex 116.511 -3.83032 42.4
    endloop
  endfacet
  facet normal 0.997905 -0.0646921 0
    outer loop
      vertex 116.511 -3.83032 30.4
      vertex 116.5 -4 42.4
      vertex 116.5 -4 30.4
    endloop
  endfacet
  facet normal 0.321481 0.946916 -0
    outer loop
      vertex 117.464 -5.2557 30.4
      vertex 117.303 -5.20104 42.4
      vertex 117.464 -5.2557 42.4
    endloop
  endfacet
  facet normal 0.321481 0.946916 0
    outer loop
      vertex 117.303 -5.20104 42.4
      vertex 117.464 -5.2557 30.4
      vertex 117.303 -5.20104 30.4
    endloop
  endfacet
  facet normal 0.946324 -0.323218 0
    outer loop
      vertex 116.544 -3.66354 42.4
      vertex 116.599 -3.50251 30.4
      vertex 116.599 -3.50251 42.4
    endloop
  endfacet
  facet normal 0.946324 -0.323218 0
    outer loop
      vertex 116.599 -3.50251 30.4
      vertex 116.544 -3.66354 42.4
      vertex 116.544 -3.66354 30.4
    endloop
  endfacet
  facet normal -0.946324 -0.323218 0
    outer loop
      vertex 119.056 -3.66354 30.4
      vertex 119.001 -3.50251 42.4
      vertex 119.001 -3.50251 30.4
    endloop
  endfacet
  facet normal -0.946324 -0.323218 0
    outer loop
      vertex 119.001 -3.50251 42.4
      vertex 119.056 -3.66354 30.4
      vertex 119.056 -3.66354 42.4
    endloop
  endfacet
  facet normal 0.658904 -0.752227 0
    outer loop
      vertex 116.881 -3.08076 30.4
      vertex 117.009 -2.96864 42.4
      vertex 116.881 -3.08076 42.4
    endloop
  endfacet
  facet normal 0.658904 -0.752227 0
    outer loop
      vertex 117.009 -2.96864 42.4
      vertex 116.881 -3.08076 30.4
      vertex 117.009 -2.96864 30.4
    endloop
  endfacet
  facet normal 0.321481 -0.946916 0
    outer loop
      vertex 117.303 -2.79896 30.4
      vertex 117.464 -2.7443 42.4
      vertex 117.303 -2.79896 42.4
    endloop
  endfacet
  facet normal 0.321481 -0.946916 0
    outer loop
      vertex 117.464 -2.7443 42.4
      vertex 117.303 -2.79896 30.4
      vertex 117.464 -2.7443 30.4
    endloop
  endfacet
  facet normal 0.83004 0.557704 0
    outer loop
      vertex 116.769 -4.79139 42.4
      vertex 116.674 -4.65 30.4
      vertex 116.674 -4.65 42.4
    endloop
  endfacet
  facet normal 0.83004 0.557704 0
    outer loop
      vertex 116.674 -4.65 30.4
      vertex 116.769 -4.79139 42.4
      vertex 116.769 -4.79139 30.4
    endloop
  endfacet
  facet normal 0.752194 0.658942 0
    outer loop
      vertex 116.881 -4.91924 42.4
      vertex 116.769 -4.79139 30.4
      vertex 116.769 -4.79139 42.4
    endloop
  endfacet
  facet normal 0.752194 0.658942 0
    outer loop
      vertex 116.769 -4.79139 30.4
      vertex 116.881 -4.91924 42.4
      vertex 116.881 -4.91924 30.4
    endloop
  endfacet
  facet normal 0.44115 0.897433 -0
    outer loop
      vertex 117.303 -5.20104 30.4
      vertex 117.15 -5.12583 42.4
      vertex 117.303 -5.20104 42.4
    endloop
  endfacet
  facet normal 0.44115 0.897433 0
    outer loop
      vertex 117.15 -5.12583 42.4
      vertex 117.303 -5.20104 30.4
      vertex 117.15 -5.12583 30.4
    endloop
  endfacet
  facet normal 0.897361 -0.441296 0
    outer loop
      vertex 116.599 -3.50251 42.4
      vertex 116.674 -3.35 30.4
      vertex 116.674 -3.35 42.4
    endloop
  endfacet
  facet normal 0.897361 -0.441296 0
    outer loop
      vertex 116.674 -3.35 30.4
      vertex 116.599 -3.50251 42.4
      vertex 116.599 -3.50251 30.4
    endloop
  endfacet
  facet normal 0.44115 -0.897433 0
    outer loop
      vertex 117.15 -2.87417 30.4
      vertex 117.303 -2.79896 42.4
      vertex 117.15 -2.87417 42.4
    endloop
  endfacet
  facet normal 0.44115 -0.897433 0
    outer loop
      vertex 117.303 -2.79896 42.4
      vertex 117.15 -2.87417 30.4
      vertex 117.303 -2.79896 30.4
    endloop
  endfacet
  facet normal 0.0652723 0.997867 -0
    outer loop
      vertex 117.8 -5.3 30.4
      vertex 117.63 -5.28888 42.4
      vertex 117.8 -5.3 42.4
    endloop
  endfacet
  facet normal 0.0652723 0.997867 0
    outer loop
      vertex 117.63 -5.28888 42.4
      vertex 117.8 -5.3 30.4
      vertex 117.63 -5.28888 30.4
    endloop
  endfacet
  facet normal -0.997905 0.0646921 0
    outer loop
      vertex 119.089 -4.16968 30.4
      vertex 119.1 -4 42.4
      vertex 119.1 -4 30.4
    endloop
  endfacet
  facet normal -0.997905 0.0646921 0
    outer loop
      vertex 119.1 -4 42.4
      vertex 119.089 -4.16968 30.4
      vertex 119.089 -4.16968 42.4
    endloop
  endfacet
  facet normal -0.897361 0.441296 0
    outer loop
      vertex 118.926 -4.65 30.4
      vertex 119.001 -4.49749 42.4
      vertex 119.001 -4.49749 30.4
    endloop
  endfacet
  facet normal -0.897361 0.441296 0
    outer loop
      vertex 119.001 -4.49749 42.4
      vertex 118.926 -4.65 30.4
      vertex 118.926 -4.65 42.4
    endloop
  endfacet
  facet normal 0.658904 0.752227 -0
    outer loop
      vertex 117.009 -5.03136 30.4
      vertex 116.881 -4.91924 42.4
      vertex 117.009 -5.03136 42.4
    endloop
  endfacet
  facet normal 0.658904 0.752227 0
    outer loop
      vertex 116.881 -4.91924 42.4
      vertex 117.009 -5.03136 30.4
      vertex 116.881 -4.91924 30.4
    endloop
  endfacet
  facet normal -0.321481 -0.946916 0
    outer loop
      vertex 118.136 -2.7443 30.4
      vertex 118.297 -2.79896 42.4
      vertex 118.136 -2.7443 42.4
    endloop
  endfacet
  facet normal -0.321481 -0.946916 -0
    outer loop
      vertex 118.297 -2.79896 42.4
      vertex 118.136 -2.7443 30.4
      vertex 118.297 -2.79896 30.4
    endloop
  endfacet
  facet normal -0.196003 -0.980603 0
    outer loop
      vertex 117.97 -2.71112 30.4
      vertex 118.136 -2.7443 42.4
      vertex 117.97 -2.71112 42.4
    endloop
  endfacet
  facet normal -0.196003 -0.980603 -0
    outer loop
      vertex 118.136 -2.7443 42.4
      vertex 117.97 -2.71112 30.4
      vertex 118.136 -2.7443 30.4
    endloop
  endfacet
  facet normal 0.196003 -0.980603 0
    outer loop
      vertex 117.464 -2.7443 30.4
      vertex 117.63 -2.71112 42.4
      vertex 117.464 -2.7443 42.4
    endloop
  endfacet
  facet normal 0.196003 -0.980603 0
    outer loop
      vertex 117.63 -2.71112 42.4
      vertex 117.464 -2.7443 30.4
      vertex 117.63 -2.71112 30.4
    endloop
  endfacet
  facet normal -0.0652723 0.997867 0
    outer loop
      vertex 117.97 -5.28888 30.4
      vertex 117.8 -5.3 42.4
      vertex 117.97 -5.28888 42.4
    endloop
  endfacet
  facet normal -0.0652723 0.997867 0
    outer loop
      vertex 117.8 -5.3 42.4
      vertex 117.97 -5.28888 30.4
      vertex 117.8 -5.3 30.4
    endloop
  endfacet
  facet normal 0 0 1
    outer loop
      vertex 119.089 -3.83032 30.4
      vertex 119.089 -4.16968 30.4
      vertex 119.1 -4 30.4
    endloop
  endfacet
  facet normal 0 0 1
    outer loop
      vertex 119.056 -3.66354 30.4
      vertex 119.089 -4.16968 30.4
      vertex 119.089 -3.83032 30.4
    endloop
  endfacet
  facet normal 0 0 1
    outer loop
      vertex 119.056 -3.66354 30.4
      vertex 119.056 -4.33646 30.4
      vertex 119.089 -4.16968 30.4
    endloop
  endfacet
  facet normal 0 0 1
    outer loop
      vertex 119.001 -3.50251 30.4
      vertex 119.056 -4.33646 30.4
      vertex 119.056 -3.66354 30.4
    endloop
  endfacet
  facet normal 0 0 1
    outer loop
      vertex 119.001 -3.50251 30.4
      vertex 119.001 -4.49749 30.4
      vertex 119.056 -4.33646 30.4
    endloop
  endfacet
  facet normal 0 0 1
    outer loop
      vertex 118.926 -3.35 30.4
      vertex 119.001 -4.49749 30.4
      vertex 119.001 -3.50251 30.4
    endloop
  endfacet
  facet normal 0 0 1
    outer loop
      vertex 118.926 -3.35 30.4
      vertex 118.926 -4.65 30.4
      vertex 119.001 -4.49749 30.4
    endloop
  endfacet
  facet normal 0 0 1
    outer loop
      vertex 118.831 -3.20861 30.4
      vertex 118.926 -4.65 30.4
      vertex 118.926 -3.35 30.4
    endloop
  endfacet
  facet normal 0 0 1
    outer loop
      vertex 118.831 -3.20861 30.4
      vertex 118.831 -4.79139 30.4
      vertex 118.926 -4.65 30.4
    endloop
  endfacet
  facet normal 0 0 1
    outer loop
      vertex 118.719 -3.08076 30.4
      vertex 118.831 -4.79139 30.4
      vertex 118.831 -3.20861 30.4
    endloop
  endfacet
  facet normal 0 0 1
    outer loop
      vertex 118.719 -3.08076 30.4
      vertex 118.719 -4.91924 30.4
      vertex 118.831 -4.79139 30.4
    endloop
  endfacet
  facet normal 0 0 1
    outer loop
      vertex 118.591 -2.96864 30.4
      vertex 118.719 -4.91924 30.4
      vertex 118.719 -3.08076 30.4
    endloop
  endfacet
  facet normal 0 0 1
    outer loop
      vertex 118.591 -2.96864 30.4
      vertex 118.591 -5.03136 30.4
      vertex 118.719 -4.91924 30.4
    endloop
  endfacet
  facet normal 0 0 1
    outer loop
      vertex 118.45 -2.87417 30.4
      vertex 118.591 -5.03136 30.4
      vertex 118.591 -2.96864 30.4
    endloop
  endfacet
  facet normal 0 0 1
    outer loop
      vertex 118.45 -2.87417 30.4
      vertex 118.45 -5.12583 30.4
      vertex 118.591 -5.03136 30.4
    endloop
  endfacet
  facet normal 0 0 1
    outer loop
      vertex 118.297 -2.79896 30.4
      vertex 118.45 -5.12583 30.4
      vertex 118.45 -2.87417 30.4
    endloop
  endfacet
  facet normal 0 0 1
    outer loop
      vertex 118.297 -2.79896 30.4
      vertex 118.297 -5.20104 30.4
      vertex 118.45 -5.12583 30.4
    endloop
  endfacet
  facet normal 0 0 1
    outer loop
      vertex 118.136 -2.7443 30.4
      vertex 118.297 -5.20104 30.4
      vertex 118.297 -2.79896 30.4
    endloop
  endfacet
  facet normal 0 0 1
    outer loop
      vertex 118.136 -2.7443 30.4
      vertex 118.136 -5.2557 30.4
      vertex 118.297 -5.20104 30.4
    endloop
  endfacet
  facet normal 0 0 1
    outer loop
      vertex 117.97 -2.71112 30.4
      vertex 118.136 -5.2557 30.4
      vertex 118.136 -2.7443 30.4
    endloop
  endfacet
  facet normal 0 0 1
    outer loop
      vertex 117.97 -2.71112 30.4
      vertex 117.97 -5.28888 30.4
      vertex 118.136 -5.2557 30.4
    endloop
  endfacet
  facet normal 0 0 1
    outer loop
      vertex 117.8 -2.7 30.4
      vertex 117.97 -5.28888 30.4
      vertex 117.97 -2.71112 30.4
    endloop
  endfacet
  facet normal 0 0 1
    outer loop
      vertex 117.8 -2.7 30.4
      vertex 117.8 -5.3 30.4
      vertex 117.97 -5.28888 30.4
    endloop
  endfacet
  facet normal -0 0 1
    outer loop
      vertex 117.63 -2.71112 30.4
      vertex 117.8 -5.3 30.4
      vertex 117.8 -2.7 30.4
    endloop
  endfacet
  facet normal 0 0 1
    outer loop
      vertex 117.63 -2.71112 30.4
      vertex 117.63 -5.28888 30.4
      vertex 117.8 -5.3 30.4
    endloop
  endfacet
  facet normal -0 0 1
    outer loop
      vertex 117.464 -2.7443 30.4
      vertex 117.63 -5.28888 30.4
      vertex 117.63 -2.71112 30.4
    endloop
  endfacet
  facet normal 0 0 1
    outer loop
      vertex 117.464 -2.7443 30.4
      vertex 117.464 -5.2557 30.4
      vertex 117.63 -5.28888 30.4
    endloop
  endfacet
  facet normal -0 0 1
    outer loop
      vertex 117.303 -2.79896 30.4
      vertex 117.464 -5.2557 30.4
      vertex 117.464 -2.7443 30.4
    endloop
  endfacet
  facet normal 0 0 1
    outer loop
      vertex 117.303 -2.79896 30.4
      vertex 117.303 -5.20104 30.4
      vertex 117.464 -5.2557 30.4
    endloop
  endfacet
  facet normal -0 0 1
    outer loop
      vertex 117.15 -2.87417 30.4
      vertex 117.303 -5.20104 30.4
      vertex 117.303 -2.79896 30.4
    endloop
  endfacet
  facet normal 0 0 1
    outer loop
      vertex 117.15 -2.87417 30.4
      vertex 117.15 -5.12583 30.4
      vertex 117.303 -5.20104 30.4
    endloop
  endfacet
  facet normal -0 0 1
    outer loop
      vertex 117.009 -2.96864 30.4
      vertex 117.15 -5.12583 30.4
      vertex 117.15 -2.87417 30.4
    endloop
  endfacet
  facet normal 0 0 1
    outer loop
      vertex 117.009 -2.96864 30.4
      vertex 117.009 -5.03136 30.4
      vertex 117.15 -5.12583 30.4
    endloop
  endfacet
  facet normal -0 0 1
    outer loop
      vertex 116.881 -3.08076 30.4
      vertex 117.009 -5.03136 30.4
      vertex 117.009 -2.96864 30.4
    endloop
  endfacet
  facet normal 0 0 1
    outer loop
      vertex 116.881 -3.08076 30.4
      vertex 116.881 -4.91924 30.4
      vertex 117.009 -5.03136 30.4
    endloop
  endfacet
  facet normal -0 0 1
    outer loop
      vertex 116.769 -3.20861 30.4
      vertex 116.881 -4.91924 30.4
      vertex 116.881 -3.08076 30.4
    endloop
  endfacet
  facet normal 0 0 1
    outer loop
      vertex 116.769 -3.20861 30.4
      vertex 116.769 -4.79139 30.4
      vertex 116.881 -4.91924 30.4
    endloop
  endfacet
  facet normal -0 0 1
    outer loop
      vertex 116.674 -3.35 30.4
      vertex 116.769 -4.79139 30.4
      vertex 116.769 -3.20861 30.4
    endloop
  endfacet
  facet normal 0 0 1
    outer loop
      vertex 116.674 -3.35 30.4
      vertex 116.674 -4.65 30.4
      vertex 116.769 -4.79139 30.4
    endloop
  endfacet
  facet normal -0 0 1
    outer loop
      vertex 116.599 -3.50251 30.4
      vertex 116.674 -4.65 30.4
      vertex 116.674 -3.35 30.4
    endloop
  endfacet
  facet normal 0 0 1
    outer loop
      vertex 116.599 -3.50251 30.4
      vertex 116.599 -4.49749 30.4
      vertex 116.674 -4.65 30.4
    endloop
  endfacet
  facet normal -0 0 1
    outer loop
      vertex 116.544 -3.66354 30.4
      vertex 116.599 -4.49749 30.4
      vertex 116.599 -3.50251 30.4
    endloop
  endfacet
  facet normal 0 0 1
    outer loop
      vertex 116.544 -3.66354 30.4
      vertex 116.544 -4.33646 30.4
      vertex 116.599 -4.49749 30.4
    endloop
  endfacet
  facet normal -0 0 1
    outer loop
      vertex 116.511 -3.83032 30.4
      vertex 116.544 -4.33646 30.4
      vertex 116.544 -3.66354 30.4
    endloop
  endfacet
  facet normal 0 0 1
    outer loop
      vertex 116.511 -3.83032 30.4
      vertex 116.511 -4.16968 30.4
      vertex 116.544 -4.33646 30.4
    endloop
  endfacet
  facet normal 0 -0 1
    outer loop
      vertex 116.511 -4.16968 30.4
      vertex 116.511 -3.83032 30.4
      vertex 116.5 -4 30.4
    endloop
  endfacet
  facet normal -0.321481 0.946916 0
    outer loop
      vertex 118.297 -5.20104 30.4
      vertex 118.136 -5.2557 42.4
      vertex 118.297 -5.20104 42.4
    endloop
  endfacet
  facet normal -0.321481 0.946916 0
    outer loop
      vertex 118.136 -5.2557 42.4
      vertex 118.297 -5.20104 30.4
      vertex 118.136 -5.2557 30.4
    endloop
  endfacet
  facet normal -0.980981 0.194102 0
    outer loop
      vertex 119.056 -4.33646 30.4
      vertex 119.089 -4.16968 42.4
      vertex 119.089 -4.16968 30.4
    endloop
  endfacet
  facet normal -0.980981 0.194102 0
    outer loop
      vertex 119.089 -4.16968 42.4
      vertex 119.056 -4.33646 30.4
      vertex 119.056 -4.33646 42.4
    endloop
  endfacet
  facet normal -0.752194 0.658942 0
    outer loop
      vertex 118.719 -4.91924 30.4
      vertex 118.831 -4.79139 42.4
      vertex 118.831 -4.79139 30.4
    endloop
  endfacet
  facet normal -0.752194 0.658942 0
    outer loop
      vertex 118.831 -4.79139 42.4
      vertex 118.719 -4.91924 30.4
      vertex 118.719 -4.91924 42.4
    endloop
  endfacet
  facet normal -0.99786 -0.0653872 0
    outer loop
      vertex 5.3 -70.68 30.4
      vertex 5.28888 -70.5103 42.4
      vertex 5.28888 -70.5103 30.4
    endloop
  endfacet
  facet normal -0.99786 -0.0653872 0
    outer loop
      vertex 5.28888 -70.5103 42.4
      vertex 5.3 -70.68 30.4
      vertex 5.3 -70.68 42.4
    endloop
  endfacet
  facet normal 0.751716 -0.659487 0
    outer loop
      vertex 2.96864 -69.8886 42.4
      vertex 3.08076 -69.7608 30.4
      vertex 3.08076 -69.7608 42.4
    endloop
  endfacet
  facet normal 0.751716 -0.659487 0
    outer loop
      vertex 3.08076 -69.7608 30.4
      vertex 2.96864 -69.8886 42.4
      vertex 2.96864 -69.8886 30.4
    endloop
  endfacet
  facet normal -0.751716 0.659487 0
    outer loop
      vertex 4.91924 -71.5992 30.4
      vertex 5.03136 -71.4714 42.4
      vertex 5.03136 -71.4714 30.4
    endloop
  endfacet
  facet normal -0.751716 0.659487 0
    outer loop
      vertex 5.03136 -71.4714 42.4
      vertex 4.91924 -71.5992 30.4
      vertex 4.91924 -71.5992 42.4
    endloop
  endfacet
  facet normal 0.980784 0.195098 0
    outer loop
      vertex 2.7443 -71.0165 42.4
      vertex 2.71112 -70.8497 30.4
      vertex 2.71112 -70.8497 42.4
    endloop
  endfacet
  facet normal 0.980784 0.195098 0
    outer loop
      vertex 2.71112 -70.8497 30.4
      vertex 2.7443 -71.0165 42.4
      vertex 2.7443 -71.0165 30.4
    endloop
  endfacet
  facet normal -0.89686 0.442314 0
    outer loop
      vertex 5.12583 -71.33 30.4
      vertex 5.20104 -71.1775 42.4
      vertex 5.20104 -71.1775 30.4
    endloop
  endfacet
  facet normal -0.89686 0.442314 0
    outer loop
      vertex 5.20104 -71.1775 42.4
      vertex 5.12583 -71.33 30.4
      vertex 5.12583 -71.33 42.4
    endloop
  endfacet
  facet normal 0.442243 -0.896895 0
    outer loop
      vertex 3.35 -69.5542 30.4
      vertex 3.50251 -69.479 42.4
      vertex 3.35 -69.5542 42.4
    endloop
  endfacet
  facet normal 0.442243 -0.896895 0
    outer loop
      vertex 3.50251 -69.479 42.4
      vertex 3.35 -69.5542 30.4
      vertex 3.50251 -69.479 30.4
    endloop
  endfacet
  facet normal -0.55527 -0.83167 0
    outer loop
      vertex 4.65 -69.5542 30.4
      vertex 4.79139 -69.6486 42.4
      vertex 4.65 -69.5542 42.4
    endloop
  endfacet
  facet normal -0.55527 -0.83167 -0
    outer loop
      vertex 4.79139 -69.6486 42.4
      vertex 4.65 -69.5542 30.4
      vertex 4.79139 -69.6486 30.4
    endloop
  endfacet
  facet normal 0.99786 0.0653872 0
    outer loop
      vertex 2.71112 -70.8497 42.4
      vertex 2.7 -70.68 30.4
      vertex 2.7 -70.68 42.4
    endloop
  endfacet
  facet normal 0.99786 0.0653872 0
    outer loop
      vertex 2.7 -70.68 30.4
      vertex 2.71112 -70.8497 42.4
      vertex 2.71112 -70.8497 30.4
    endloop
  endfacet
  facet normal -0.0652777 -0.997867 0
    outer loop
      vertex 4 -69.38 30.4
      vertex 4.16968 -69.3911 42.4
      vertex 4 -69.38 42.4
    endloop
  endfacet
  facet normal -0.0652777 -0.997867 -0
    outer loop
      vertex 4.16968 -69.3911 42.4
      vertex 4 -69.38 30.4
      vertex 4.16968 -69.3911 30.4
    endloop
  endfacet
  facet normal 0.831498 -0.555528 0
    outer loop
      vertex 2.87417 -70.03 42.4
      vertex 2.96864 -69.8886 30.4
      vertex 2.96864 -69.8886 42.4
    endloop
  endfacet
  facet normal 0.831498 -0.555528 0
    outer loop
      vertex 2.96864 -69.8886 30.4
      vertex 2.87417 -70.03 42.4
      vertex 2.87417 -70.03 30.4
    endloop
  endfacet
  facet normal -0.89686 -0.442314 0
    outer loop
      vertex 5.20104 -70.1825 30.4
      vertex 5.12583 -70.03 42.4
      vertex 5.12583 -70.03 30.4
    endloop
  endfacet
  facet normal -0.89686 -0.442314 0
    outer loop
      vertex 5.12583 -70.03 42.4
      vertex 5.20104 -70.1825 30.4
      vertex 5.20104 -70.1825 42.4
    endloop
  endfacet
  facet normal 0.99786 -0.0653872 0
    outer loop
      vertex 2.7 -70.68 42.4
      vertex 2.71112 -70.5103 30.4
      vertex 2.71112 -70.5103 42.4
    endloop
  endfacet
  facet normal 0.99786 -0.0653872 0
    outer loop
      vertex 2.71112 -70.5103 30.4
      vertex 2.7 -70.68 42.4
      vertex 2.7 -70.68 30.4
    endloop
  endfacet
  facet normal -0.831498 -0.555528 0
    outer loop
      vertex 5.12583 -70.03 30.4
      vertex 5.03136 -69.8886 42.4
      vertex 5.03136 -69.8886 30.4
    endloop
  endfacet
  facet normal -0.831498 -0.555528 0
    outer loop
      vertex 5.03136 -69.8886 42.4
      vertex 5.12583 -70.03 30.4
      vertex 5.12583 -70.03 42.4
    endloop
  endfacet
  facet normal 0.0652777 -0.997867 0
    outer loop
      vertex 3.83032 -69.3911 30.4
      vertex 4 -69.38 42.4
      vertex 3.83032 -69.3911 42.4
    endloop
  endfacet
  facet normal 0.0652777 -0.997867 0
    outer loop
      vertex 4 -69.38 42.4
      vertex 3.83032 -69.3911 30.4
      vertex 4 -69.38 30.4
    endloop
  endfacet
  facet normal 0.946916 0.321481 0
    outer loop
      vertex 2.79896 -71.1775 42.4
      vertex 2.7443 -71.0165 30.4
      vertex 2.7443 -71.0165 42.4
    endloop
  endfacet
  facet normal 0.946916 0.321481 0
    outer loop
      vertex 2.7443 -71.0165 30.4
      vertex 2.79896 -71.1775 42.4
      vertex 2.79896 -71.1775 30.4
    endloop
  endfacet
  facet normal -0.980784 -0.195098 0
    outer loop
      vertex 5.28888 -70.5103 30.4
      vertex 5.2557 -70.3435 42.4
      vertex 5.2557 -70.3435 30.4
    endloop
  endfacet
  facet normal -0.980784 -0.195098 0
    outer loop
      vertex 5.2557 -70.3435 42.4
      vertex 5.28888 -70.5103 30.4
      vertex 5.28888 -70.5103 42.4
    endloop
  endfacet
  facet normal 0.195234 0.980757 -0
    outer loop
      vertex 3.83032 -71.9689 30.4
      vertex 3.66354 -71.9357 42.4
      vertex 3.83032 -71.9689 42.4
    endloop
  endfacet
  facet normal 0.195234 0.980757 0
    outer loop
      vertex 3.66354 -71.9357 42.4
      vertex 3.83032 -71.9689 30.4
      vertex 3.66354 -71.9357 30.4
    endloop
  endfacet
  facet normal 0.831498 0.555528 0
    outer loop
      vertex 2.96864 -71.4714 42.4
      vertex 2.87417 -71.33 30.4
      vertex 2.87417 -71.33 42.4
    endloop
  endfacet
  facet normal 0.831498 0.555528 0
    outer loop
      vertex 2.87417 -71.33 30.4
      vertex 2.96864 -71.4714 42.4
      vertex 2.96864 -71.4714 30.4
    endloop
  endfacet
  facet normal -0.442243 0.896895 0
    outer loop
      vertex 4.65 -71.8058 30.4
      vertex 4.49749 -71.881 42.4
      vertex 4.65 -71.8058 42.4
    endloop
  endfacet
  facet normal -0.442243 0.896895 0
    outer loop
      vertex 4.49749 -71.881 42.4
      vertex 4.65 -71.8058 30.4
      vertex 4.49749 -71.881 30.4
    endloop
  endfacet
  facet normal -0.946916 -0.321481 0
    outer loop
      vertex 5.2557 -70.3435 30.4
      vertex 5.20104 -70.1825 42.4
      vertex 5.20104 -70.1825 30.4
    endloop
  endfacet
  facet normal -0.946916 -0.321481 0
    outer loop
      vertex 5.20104 -70.1825 42.4
      vertex 5.2557 -70.3435 30.4
      vertex 5.2557 -70.3435 42.4
    endloop
  endfacet
  facet normal 0.89686 -0.442314 0
    outer loop
      vertex 2.79896 -70.1825 42.4
      vertex 2.87417 -70.03 30.4
      vertex 2.87417 -70.03 42.4
    endloop
  endfacet
  facet normal 0.89686 -0.442314 0
    outer loop
      vertex 2.87417 -70.03 30.4
      vertex 2.79896 -70.1825 42.4
      vertex 2.79896 -70.1825 30.4
    endloop
  endfacet
  facet normal 0.659607 0.751611 -0
    outer loop
      vertex 3.20861 -71.7114 30.4
      vertex 3.08076 -71.5992 42.4
      vertex 3.20861 -71.7114 42.4
    endloop
  endfacet
  facet normal 0.659607 0.751611 0
    outer loop
      vertex 3.08076 -71.5992 42.4
      vertex 3.20861 -71.7114 30.4
      vertex 3.08076 -71.5992 30.4
    endloop
  endfacet
  facet normal -0.751716 -0.659487 0
    outer loop
      vertex 5.03136 -69.8886 30.4
      vertex 4.91924 -69.7608 42.4
      vertex 4.91924 -69.7608 30.4
    endloop
  endfacet
  facet normal -0.751716 -0.659487 0
    outer loop
      vertex 4.91924 -69.7608 42.4
      vertex 5.03136 -69.8886 30.4
      vertex 5.03136 -69.8886 42.4
    endloop
  endfacet
  facet normal -0.442243 -0.896895 0
    outer loop
      vertex 4.49749 -69.479 30.4
      vertex 4.65 -69.5542 42.4
      vertex 4.49749 -69.479 42.4
    endloop
  endfacet
  facet normal -0.442243 -0.896895 -0
    outer loop
      vertex 4.65 -69.5542 42.4
      vertex 4.49749 -69.479 30.4
      vertex 4.65 -69.5542 30.4
    endloop
  endfacet
  facet normal -0.195234 0.980757 0
    outer loop
      vertex 4.33646 -71.9357 30.4
      vertex 4.16968 -71.9689 42.4
      vertex 4.33646 -71.9357 42.4
    endloop
  endfacet
  facet normal -0.195234 0.980757 0
    outer loop
      vertex 4.16968 -71.9689 42.4
      vertex 4.33646 -71.9357 30.4
      vertex 4.16968 -71.9689 30.4
    endloop
  endfacet
  facet normal 0.55527 -0.83167 0
    outer loop
      vertex 3.20861 -69.6486 30.4
      vertex 3.35 -69.5542 42.4
      vertex 3.20861 -69.6486 42.4
    endloop
  endfacet
  facet normal 0.55527 -0.83167 0
    outer loop
      vertex 3.35 -69.5542 42.4
      vertex 3.20861 -69.6486 30.4
      vertex 3.35 -69.5542 30.4
    endloop
  endfacet
  facet normal 0.980784 -0.195098 0
    outer loop
      vertex 2.71112 -70.5103 42.4
      vertex 2.7443 -70.3435 30.4
      vertex 2.7443 -70.3435 42.4
    endloop
  endfacet
  facet normal 0.980784 -0.195098 0
    outer loop
      vertex 2.7443 -70.3435 30.4
      vertex 2.71112 -70.5103 42.4
      vertex 2.71112 -70.5103 30.4
    endloop
  endfacet
  facet normal 0.321638 0.946863 -0
    outer loop
      vertex 3.66354 -71.9357 30.4
      vertex 3.50251 -71.881 42.4
      vertex 3.66354 -71.9357 42.4
    endloop
  endfacet
  facet normal 0.321638 0.946863 0
    outer loop
      vertex 3.50251 -71.881 42.4
      vertex 3.66354 -71.9357 30.4
      vertex 3.50251 -71.881 30.4
    endloop
  endfacet
  facet normal -0.321638 0.946863 0
    outer loop
      vertex 4.49749 -71.881 30.4
      vertex 4.33646 -71.9357 42.4
      vertex 4.49749 -71.881 42.4
    endloop
  endfacet
  facet normal -0.321638 0.946863 0
    outer loop
      vertex 4.33646 -71.9357 42.4
      vertex 4.49749 -71.881 30.4
      vertex 4.33646 -71.9357 30.4
    endloop
  endfacet
  facet normal 0.442243 0.896895 -0
    outer loop
      vertex 3.50251 -71.881 30.4
      vertex 3.35 -71.8058 42.4
      vertex 3.50251 -71.881 42.4
    endloop
  endfacet
  facet normal 0.442243 0.896895 0
    outer loop
      vertex 3.35 -71.8058 42.4
      vertex 3.50251 -71.881 30.4
      vertex 3.35 -71.8058 30.4
    endloop
  endfacet
  facet normal -0.831498 0.555528 0
    outer loop
      vertex 5.03136 -71.4714 30.4
      vertex 5.12583 -71.33 42.4
      vertex 5.12583 -71.33 30.4
    endloop
  endfacet
  facet normal -0.831498 0.555528 0
    outer loop
      vertex 5.12583 -71.33 42.4
      vertex 5.03136 -71.4714 30.4
      vertex 5.03136 -71.4714 42.4
    endloop
  endfacet
  facet normal -0.99786 0.0653872 0
    outer loop
      vertex 5.28888 -70.8497 30.4
      vertex 5.3 -70.68 42.4
      vertex 5.3 -70.68 30.4
    endloop
  endfacet
  facet normal -0.99786 0.0653872 0
    outer loop
      vertex 5.3 -70.68 42.4
      vertex 5.28888 -70.8497 30.4
      vertex 5.28888 -70.8497 42.4
    endloop
  endfacet
  facet normal -0.659607 -0.751611 0
    outer loop
      vertex 4.79139 -69.6486 30.4
      vertex 4.91924 -69.7608 42.4
      vertex 4.79139 -69.6486 42.4
    endloop
  endfacet
  facet normal -0.659607 -0.751611 -0
    outer loop
      vertex 4.91924 -69.7608 42.4
      vertex 4.79139 -69.6486 30.4
      vertex 4.91924 -69.7608 30.4
    endloop
  endfacet
  facet normal -0.55527 0.83167 0
    outer loop
      vertex 4.79139 -71.7114 30.4
      vertex 4.65 -71.8058 42.4
      vertex 4.79139 -71.7114 42.4
    endloop
  endfacet
  facet normal -0.55527 0.83167 0
    outer loop
      vertex 4.65 -71.8058 42.4
      vertex 4.79139 -71.7114 30.4
      vertex 4.65 -71.8058 30.4
    endloop
  endfacet
  facet normal 0.946916 -0.321481 0
    outer loop
      vertex 2.7443 -70.3435 42.4
      vertex 2.79896 -70.1825 30.4
      vertex 2.79896 -70.1825 42.4
    endloop
  endfacet
  facet normal 0.946916 -0.321481 0
    outer loop
      vertex 2.79896 -70.1825 30.4
      vertex 2.7443 -70.3435 42.4
      vertex 2.7443 -70.3435 30.4
    endloop
  endfacet
  facet normal 0.751716 0.659487 0
    outer loop
      vertex 3.08076 -71.5992 42.4
      vertex 2.96864 -71.4714 30.4
      vertex 2.96864 -71.4714 42.4
    endloop
  endfacet
  facet normal 0.751716 0.659487 0
    outer loop
      vertex 2.96864 -71.4714 30.4
      vertex 3.08076 -71.5992 42.4
      vertex 3.08076 -71.5992 30.4
    endloop
  endfacet
  facet normal 0.89686 0.442314 0
    outer loop
      vertex 2.87417 -71.33 42.4
      vertex 2.79896 -71.1775 30.4
      vertex 2.79896 -71.1775 42.4
    endloop
  endfacet
  facet normal 0.89686 0.442314 0
    outer loop
      vertex 2.79896 -71.1775 30.4
      vertex 2.87417 -71.33 42.4
      vertex 2.87417 -71.33 30.4
    endloop
  endfacet
  facet normal 0 0 1
    outer loop
      vertex 5.28888 -70.5103 30.4
      vertex 5.28888 -70.8497 30.4
      vertex 5.3 -70.68 30.4
    endloop
  endfacet
  facet normal 0 0 1
    outer loop
      vertex 5.2557 -70.3435 30.4
      vertex 5.28888 -70.8497 30.4
      vertex 5.28888 -70.5103 30.4
    endloop
  endfacet
  facet normal 0 0 1
    outer loop
      vertex 5.2557 -70.3435 30.4
      vertex 5.2557 -71.0165 30.4
      vertex 5.28888 -70.8497 30.4
    endloop
  endfacet
  facet normal 0 0 1
    outer loop
      vertex 5.20104 -70.1825 30.4
      vertex 5.2557 -71.0165 30.4
      vertex 5.2557 -70.3435 30.4
    endloop
  endfacet
  facet normal 0 0 1
    outer loop
      vertex 5.20104 -70.1825 30.4
      vertex 5.20104 -71.1775 30.4
      vertex 5.2557 -71.0165 30.4
    endloop
  endfacet
  facet normal 0 0 1
    outer loop
      vertex 5.12583 -70.03 30.4
      vertex 5.20104 -71.1775 30.4
      vertex 5.20104 -70.1825 30.4
    endloop
  endfacet
  facet normal 0 0 1
    outer loop
      vertex 5.12583 -70.03 30.4
      vertex 5.12583 -71.33 30.4
      vertex 5.20104 -71.1775 30.4
    endloop
  endfacet
  facet normal 0 0 1
    outer loop
      vertex 5.03136 -69.8886 30.4
      vertex 5.12583 -71.33 30.4
      vertex 5.12583 -70.03 30.4
    endloop
  endfacet
  facet normal 0 0 1
    outer loop
      vertex 5.03136 -69.8886 30.4
      vertex 5.03136 -71.4714 30.4
      vertex 5.12583 -71.33 30.4
    endloop
  endfacet
  facet normal 0 0 1
    outer loop
      vertex 4.91924 -69.7608 30.4
      vertex 5.03136 -71.4714 30.4
      vertex 5.03136 -69.8886 30.4
    endloop
  endfacet
  facet normal 0 0 1
    outer loop
      vertex 4.91924 -69.7608 30.4
      vertex 4.91924 -71.5992 30.4
      vertex 5.03136 -71.4714 30.4
    endloop
  endfacet
  facet normal 0 0 1
    outer loop
      vertex 4.79139 -69.6486 30.4
      vertex 4.91924 -71.5992 30.4
      vertex 4.91924 -69.7608 30.4
    endloop
  endfacet
  facet normal 0 0 1
    outer loop
      vertex 4.79139 -69.6486 30.4
      vertex 4.79139 -71.7114 30.4
      vertex 4.91924 -71.5992 30.4
    endloop
  endfacet
  facet normal 0 0 1
    outer loop
      vertex 4.65 -69.5542 30.4
      vertex 4.79139 -71.7114 30.4
      vertex 4.79139 -69.6486 30.4
    endloop
  endfacet
  facet normal 0 0 1
    outer loop
      vertex 4.65 -69.5542 30.4
      vertex 4.65 -71.8058 30.4
      vertex 4.79139 -71.7114 30.4
    endloop
  endfacet
  facet normal 0 0 1
    outer loop
      vertex 4.49749 -69.479 30.4
      vertex 4.65 -71.8058 30.4
      vertex 4.65 -69.5542 30.4
    endloop
  endfacet
  facet normal 0 0 1
    outer loop
      vertex 4.49749 -69.479 30.4
      vertex 4.49749 -71.881 30.4
      vertex 4.65 -71.8058 30.4
    endloop
  endfacet
  facet normal 0 0 1
    outer loop
      vertex 4.33646 -69.4243 30.4
      vertex 4.49749 -71.881 30.4
      vertex 4.49749 -69.479 30.4
    endloop
  endfacet
  facet normal 0 0 1
    outer loop
      vertex 4.33646 -69.4243 30.4
      vertex 4.33646 -71.9357 30.4
      vertex 4.49749 -71.881 30.4
    endloop
  endfacet
  facet normal 0 0 1
    outer loop
      vertex 4.16968 -69.3911 30.4
      vertex 4.33646 -71.9357 30.4
      vertex 4.33646 -69.4243 30.4
    endloop
  endfacet
  facet normal 0 0 1
    outer loop
      vertex 4.16968 -69.3911 30.4
      vertex 4.16968 -71.9689 30.4
      vertex 4.33646 -71.9357 30.4
    endloop
  endfacet
  facet normal 0 0 1
    outer loop
      vertex 4 -69.38 30.4
      vertex 4.16968 -71.9689 30.4
      vertex 4.16968 -69.3911 30.4
    endloop
  endfacet
  facet normal 0 0 1
    outer loop
      vertex 4 -69.38 30.4
      vertex 4 -71.98 30.4
      vertex 4.16968 -71.9689 30.4
    endloop
  endfacet
  facet normal -0 0 1
    outer loop
      vertex 3.83032 -69.3911 30.4
      vertex 4 -71.98 30.4
      vertex 4 -69.38 30.4
    endloop
  endfacet
  facet normal 0 0 1
    outer loop
      vertex 3.83032 -69.3911 30.4
      vertex 3.83032 -71.9689 30.4
      vertex 4 -71.98 30.4
    endloop
  endfacet
  facet normal -0 0 1
    outer loop
      vertex 3.66354 -69.4243 30.4
      vertex 3.83032 -71.9689 30.4
      vertex 3.83032 -69.3911 30.4
    endloop
  endfacet
  facet normal 0 0 1
    outer loop
      vertex 3.66354 -69.4243 30.4
      vertex 3.66354 -71.9357 30.4
      vertex 3.83032 -71.9689 30.4
    endloop
  endfacet
  facet normal -0 0 1
    outer loop
      vertex 3.50251 -69.479 30.4
      vertex 3.66354 -71.9357 30.4
      vertex 3.66354 -69.4243 30.4
    endloop
  endfacet
  facet normal 0 0 1
    outer loop
      vertex 3.50251 -69.479 30.4
      vertex 3.50251 -71.881 30.4
      vertex 3.66354 -71.9357 30.4
    endloop
  endfacet
  facet normal -0 0 1
    outer loop
      vertex 3.35 -69.5542 30.4
      vertex 3.50251 -71.881 30.4
      vertex 3.50251 -69.479 30.4
    endloop
  endfacet
  facet normal 0 0 1
    outer loop
      vertex 3.35 -69.5542 30.4
      vertex 3.35 -71.8058 30.4
      vertex 3.50251 -71.881 30.4
    endloop
  endfacet
  facet normal -0 0 1
    outer loop
      vertex 3.20861 -69.6486 30.4
      vertex 3.35 -71.8058 30.4
      vertex 3.35 -69.5542 30.4
    endloop
  endfacet
  facet normal 0 0 1
    outer loop
      vertex 3.20861 -69.6486 30.4
      vertex 3.20861 -71.7114 30.4
      vertex 3.35 -71.8058 30.4
    endloop
  endfacet
  facet normal -0 0 1
    outer loop
      vertex 3.08076 -69.7608 30.4
      vertex 3.20861 -71.7114 30.4
      vertex 3.20861 -69.6486 30.4
    endloop
  endfacet
  facet normal 0 0 1
    outer loop
      vertex 3.08076 -69.7608 30.4
      vertex 3.08076 -71.5992 30.4
      vertex 3.20861 -71.7114 30.4
    endloop
  endfacet
  facet normal -0 0 1
    outer loop
      vertex 2.96864 -69.8886 30.4
      vertex 3.08076 -71.5992 30.4
      vertex 3.08076 -69.7608 30.4
    endloop
  endfacet
  facet normal 0 0 1
    outer loop
      vertex 2.96864 -69.8886 30.4
      vertex 2.96864 -71.4714 30.4
      vertex 3.08076 -71.5992 30.4
    endloop
  endfacet
  facet normal -0 0 1
    outer loop
      vertex 2.87417 -70.03 30.4
      vertex 2.96864 -71.4714 30.4
      vertex 2.96864 -69.8886 30.4
    endloop
  endfacet
  facet normal 0 0 1
    outer loop
      vertex 2.87417 -70.03 30.4
      vertex 2.87417 -71.33 30.4
      vertex 2.96864 -71.4714 30.4
    endloop
  endfacet
  facet normal -0 0 1
    outer loop
      vertex 2.79896 -70.1825 30.4
      vertex 2.87417 -71.33 30.4
      vertex 2.87417 -70.03 30.4
    endloop
  endfacet
  facet normal 0 0 1
    outer loop
      vertex 2.79896 -70.1825 30.4
      vertex 2.79896 -71.1775 30.4
      vertex 2.87417 -71.33 30.4
    endloop
  endfacet
  facet normal -0 0 1
    outer loop
      vertex 2.7443 -70.3435 30.4
      vertex 2.79896 -71.1775 30.4
      vertex 2.79896 -70.1825 30.4
    endloop
  endfacet
  facet normal 0 0 1
    outer loop
      vertex 2.7443 -70.3435 30.4
      vertex 2.7443 -71.0165 30.4
      vertex 2.79896 -71.1775 30.4
    endloop
  endfacet
  facet normal -0 0 1
    outer loop
      vertex 2.71112 -70.5103 30.4
      vertex 2.7443 -71.0165 30.4
      vertex 2.7443 -70.3435 30.4
    endloop
  endfacet
  facet normal 0 0 1
    outer loop
      vertex 2.71112 -70.5103 30.4
      vertex 2.71112 -70.8497 30.4
      vertex 2.7443 -71.0165 30.4
    endloop
  endfacet
  facet normal 0 -0 1
    outer loop
      vertex 2.71112 -70.8497 30.4
      vertex 2.71112 -70.5103 30.4
      vertex 2.7 -70.68 30.4
    endloop
  endfacet
  facet normal 0.659607 -0.751611 0
    outer loop
      vertex 3.08076 -69.7608 30.4
      vertex 3.20861 -69.6486 42.4
      vertex 3.08076 -69.7608 42.4
    endloop
  endfacet
  facet normal 0.659607 -0.751611 0
    outer loop
      vertex 3.20861 -69.6486 42.4
      vertex 3.08076 -69.7608 30.4
      vertex 3.20861 -69.6486 30.4
    endloop
  endfacet
  facet normal -0.321638 -0.946863 0
    outer loop
      vertex 4.33646 -69.4243 30.4
      vertex 4.49749 -69.479 42.4
      vertex 4.33646 -69.4243 42.4
    endloop
  endfacet
  facet normal -0.321638 -0.946863 -0
    outer loop
      vertex 4.49749 -69.479 42.4
      vertex 4.33646 -69.4243 30.4
      vertex 4.49749 -69.479 30.4
    endloop
  endfacet
  facet normal -0.195234 -0.980757 0
    outer loop
      vertex 4.16968 -69.3911 30.4
      vertex 4.33646 -69.4243 42.4
      vertex 4.16968 -69.3911 42.4
    endloop
  endfacet
  facet normal -0.195234 -0.980757 -0
    outer loop
      vertex 4.33646 -69.4243 42.4
      vertex 4.16968 -69.3911 30.4
      vertex 4.33646 -69.4243 30.4
    endloop
  endfacet
  facet normal 0.0652777 0.997867 -0
    outer loop
      vertex 4 -71.98 30.4
      vertex 3.83032 -71.9689 42.4
      vertex 4 -71.98 42.4
    endloop
  endfacet
  facet normal 0.0652777 0.997867 0
    outer loop
      vertex 3.83032 -71.9689 42.4
      vertex 4 -71.98 30.4
      vertex 3.83032 -71.9689 30.4
    endloop
  endfacet
  facet normal 0.195234 -0.980757 0
    outer loop
      vertex 3.66354 -69.4243 30.4
      vertex 3.83032 -69.3911 42.4
      vertex 3.66354 -69.4243 42.4
    endloop
  endfacet
  facet normal 0.195234 -0.980757 0
    outer loop
      vertex 3.83032 -69.3911 42.4
      vertex 3.66354 -69.4243 30.4
      vertex 3.83032 -69.3911 30.4
    endloop
  endfacet
  facet normal 0.321638 -0.946863 0
    outer loop
      vertex 3.50251 -69.479 30.4
      vertex 3.66354 -69.4243 42.4
      vertex 3.50251 -69.479 42.4
    endloop
  endfacet
  facet normal 0.321638 -0.946863 0
    outer loop
      vertex 3.66354 -69.4243 42.4
      vertex 3.50251 -69.479 30.4
      vertex 3.66354 -69.4243 30.4
    endloop
  endfacet
  facet normal -0.0652777 0.997867 0
    outer loop
      vertex 4.16968 -71.9689 30.4
      vertex 4 -71.98 42.4
      vertex 4.16968 -71.9689 42.4
    endloop
  endfacet
  facet normal -0.0652777 0.997867 0
    outer loop
      vertex 4 -71.98 42.4
      vertex 4.16968 -71.9689 30.4
      vertex 4 -71.98 30.4
    endloop
  endfacet
  facet normal 0.55527 0.83167 -0
    outer loop
      vertex 3.35 -71.8058 30.4
      vertex 3.20861 -71.7114 42.4
      vertex 3.35 -71.8058 42.4
    endloop
  endfacet
  facet normal 0.55527 0.83167 0
    outer loop
      vertex 3.20861 -71.7114 42.4
      vertex 3.35 -71.8058 30.4
      vertex 3.20861 -71.7114 30.4
    endloop
  endfacet
  facet normal -0.980784 0.195098 0
    outer loop
      vertex 5.2557 -71.0165 30.4
      vertex 5.28888 -70.8497 42.4
      vertex 5.28888 -70.8497 30.4
    endloop
  endfacet
  facet normal -0.980784 0.195098 0
    outer loop
      vertex 5.28888 -70.8497 42.4
      vertex 5.2557 -71.0165 30.4
      vertex 5.2557 -71.0165 42.4
    endloop
  endfacet
  facet normal -0.946916 0.321481 0
    outer loop
      vertex 5.20104 -71.1775 30.4
      vertex 5.2557 -71.0165 42.4
      vertex 5.2557 -71.0165 30.4
    endloop
  endfacet
  facet normal -0.946916 0.321481 0
    outer loop
      vertex 5.2557 -71.0165 42.4
      vertex 5.20104 -71.1775 30.4
      vertex 5.20104 -71.1775 42.4
    endloop
  endfacet
  facet normal -0.659607 0.751611 0
    outer loop
      vertex 4.91924 -71.5992 30.4
      vertex 4.79139 -71.7114 42.4
      vertex 4.91924 -71.5992 42.4
    endloop
  endfacet
  facet normal -0.659607 0.751611 0
    outer loop
      vertex 4.79139 -71.7114 42.4
      vertex 4.91924 -71.5992 30.4
      vertex 4.79139 -71.7114 30.4
    endloop
  endfacet
  facet normal -0.997906 -0.0646845 0
    outer loop
      vertex 119.1 -70.68 30.4
      vertex 119.089 -70.5103 42.4
      vertex 119.089 -70.5103 30.4
    endloop
  endfacet
  facet normal -0.997906 -0.0646845 0
    outer loop
      vertex 119.089 -70.5103 42.4
      vertex 119.1 -70.68 30.4
      vertex 119.1 -70.68 42.4
    endloop
  endfacet
  facet normal 0.980986 -0.19408 0
    outer loop
      vertex 116.511 -70.5103 42.4
      vertex 116.544 -70.3435 30.4
      vertex 116.544 -70.3435 42.4
    endloop
  endfacet
  facet normal 0.980986 -0.19408 0
    outer loop
      vertex 116.544 -70.3435 30.4
      vertex 116.511 -70.5103 42.4
      vertex 116.511 -70.5103 30.4
    endloop
  endfacet
  facet normal -0.65917 -0.751994 0
    outer loop
      vertex 118.591 -69.6486 30.4
      vertex 118.719 -69.7608 42.4
      vertex 118.591 -69.6486 42.4
    endloop
  endfacet
  facet normal -0.65917 -0.751994 -0
    outer loop
      vertex 118.719 -69.7608 42.4
      vertex 118.591 -69.6486 30.4
      vertex 118.719 -69.7608 30.4
    endloop
  endfacet
  facet normal 0.997906 0.0646845 0
    outer loop
      vertex 116.511 -70.8497 42.4
      vertex 116.5 -70.68 30.4
      vertex 116.5 -70.68 42.4
    endloop
  endfacet
  facet normal 0.997906 0.0646845 0
    outer loop
      vertex 116.5 -70.68 30.4
      vertex 116.511 -70.8497 42.4
      vertex 116.511 -70.8497 30.4
    endloop
  endfacet
  facet normal -0.0651554 -0.997875 0
    outer loop
      vertex 117.8 -69.38 30.4
      vertex 117.97 -69.3911 42.4
      vertex 117.8 -69.38 42.4
    endloop
  endfacet
  facet normal -0.0651554 -0.997875 -0
    outer loop
      vertex 117.97 -69.3911 42.4
      vertex 117.8 -69.38 30.4
      vertex 117.97 -69.3911 30.4
    endloop
  endfacet
  facet normal 0.830058 -0.557677 0
    outer loop
      vertex 116.674 -70.03 42.4
      vertex 116.769 -69.8886 30.4
      vertex 116.769 -69.8886 42.4
    endloop
  endfacet
  facet normal 0.830058 -0.557677 0
    outer loop
      vertex 116.769 -69.8886 30.4
      vertex 116.674 -70.03 42.4
      vertex 116.674 -70.03 30.4
    endloop
  endfacet
  facet normal -0.89735 -0.44132 0
    outer loop
      vertex 119.001 -70.1825 30.4
      vertex 118.926 -70.03 42.4
      vertex 118.926 -70.03 30.4
    endloop
  endfacet
  facet normal -0.89735 -0.44132 0
    outer loop
      vertex 118.926 -70.03 42.4
      vertex 119.001 -70.1825 30.4
      vertex 119.001 -70.1825 42.4
    endloop
  endfacet
  facet normal 0.752066 -0.659088 0
    outer loop
      vertex 116.769 -69.8886 42.4
      vertex 116.881 -69.7608 30.4
      vertex 116.881 -69.7608 42.4
    endloop
  endfacet
  facet normal 0.752066 -0.659088 0
    outer loop
      vertex 116.881 -69.7608 30.4
      vertex 116.769 -69.8886 42.4
      vertex 116.769 -69.8886 30.4
    endloop
  endfacet
  facet normal 0.946306 -0.323272 0
    outer loop
      vertex 116.544 -70.3435 42.4
      vertex 116.599 -70.1825 30.4
      vertex 116.599 -70.1825 42.4
    endloop
  endfacet
  facet normal 0.946306 -0.323272 0
    outer loop
      vertex 116.599 -70.1825 30.4
      vertex 116.544 -70.3435 42.4
      vertex 116.544 -70.3435 30.4
    endloop
  endfacet
  facet normal 0.441103 -0.897457 0
    outer loop
      vertex 117.15 -69.5542 30.4
      vertex 117.303 -69.479 42.4
      vertex 117.15 -69.5542 42.4
    endloop
  endfacet
  facet normal 0.441103 -0.897457 0
    outer loop
      vertex 117.303 -69.479 42.4
      vertex 117.15 -69.5542 30.4
      vertex 117.303 -69.479 30.4
    endloop
  endfacet
  facet normal -0.980986 -0.19408 0
    outer loop
      vertex 119.089 -70.5103 30.4
      vertex 119.056 -70.3435 42.4
      vertex 119.056 -70.3435 30.4
    endloop
  endfacet
  facet normal -0.980986 -0.19408 0
    outer loop
      vertex 119.056 -70.3435 42.4
      vertex 119.089 -70.5103 30.4
      vertex 119.089 -70.5103 42.4
    endloop
  endfacet
  facet normal -0.196116 -0.980581 0
    outer loop
      vertex 117.97 -69.3911 30.4
      vertex 118.136 -69.4243 42.4
      vertex 117.97 -69.3911 42.4
    endloop
  endfacet
  facet normal -0.196116 -0.980581 -0
    outer loop
      vertex 118.136 -69.4243 42.4
      vertex 117.97 -69.3911 30.4
      vertex 118.136 -69.4243 30.4
    endloop
  endfacet
  facet normal -0.321692 -0.946844 0
    outer loop
      vertex 118.136 -69.4243 30.4
      vertex 118.297 -69.479 42.4
      vertex 118.136 -69.4243 42.4
    endloop
  endfacet
  facet normal -0.321692 -0.946844 -0
    outer loop
      vertex 118.297 -69.479 42.4
      vertex 118.136 -69.4243 30.4
      vertex 118.297 -69.479 30.4
    endloop
  endfacet
  facet normal -0.89735 0.44132 0
    outer loop
      vertex 118.926 -71.33 30.4
      vertex 119.001 -71.1775 42.4
      vertex 119.001 -71.1775 30.4
    endloop
  endfacet
  facet normal -0.89735 0.44132 0
    outer loop
      vertex 119.001 -71.1775 42.4
      vertex 118.926 -71.33 30.4
      vertex 118.926 -71.33 42.4
    endloop
  endfacet
  facet normal 0.196116 -0.980581 0
    outer loop
      vertex 117.464 -69.4243 30.4
      vertex 117.63 -69.3911 42.4
      vertex 117.464 -69.4243 42.4
    endloop
  endfacet
  facet normal 0.196116 -0.980581 0
    outer loop
      vertex 117.63 -69.3911 42.4
      vertex 117.464 -69.4243 30.4
      vertex 117.63 -69.3911 30.4
    endloop
  endfacet
  facet normal -0.946306 -0.323272 0
    outer loop
      vertex 119.056 -70.3435 30.4
      vertex 119.001 -70.1825 42.4
      vertex 119.001 -70.1825 30.4
    endloop
  endfacet
  facet normal -0.946306 -0.323272 0
    outer loop
      vertex 119.001 -70.1825 42.4
      vertex 119.056 -70.3435 30.4
      vertex 119.056 -70.3435 42.4
    endloop
  endfacet
  facet normal 0.997906 -0.0646845 0
    outer loop
      vertex 116.5 -70.68 42.4
      vertex 116.511 -70.5103 30.4
      vertex 116.511 -70.5103 42.4
    endloop
  endfacet
  facet normal 0.997906 -0.0646845 0
    outer loop
      vertex 116.511 -70.5103 30.4
      vertex 116.5 -70.68 42.4
      vertex 116.5 -70.68 30.4
    endloop
  endfacet
  facet normal -0.556331 0.830961 0
    outer loop
      vertex 118.591 -71.7114 30.4
      vertex 118.45 -71.8058 42.4
      vertex 118.591 -71.7114 42.4
    endloop
  endfacet
  facet normal -0.556331 0.830961 0
    outer loop
      vertex 118.45 -71.8058 42.4
      vertex 118.591 -71.7114 30.4
      vertex 118.45 -71.8058 30.4
    endloop
  endfacet
  facet normal -0.556331 -0.830961 0
    outer loop
      vertex 118.45 -69.5542 30.4
      vertex 118.591 -69.6486 42.4
      vertex 118.45 -69.5542 42.4
    endloop
  endfacet
  facet normal -0.556331 -0.830961 -0
    outer loop
      vertex 118.591 -69.6486 42.4
      vertex 118.45 -69.5542 30.4
      vertex 118.591 -69.6486 30.4
    endloop
  endfacet
  facet normal -0.752066 0.659088 0
    outer loop
      vertex 118.719 -71.5992 30.4
      vertex 118.831 -71.4714 42.4
      vertex 118.831 -71.4714 30.4
    endloop
  endfacet
  facet normal -0.752066 0.659088 0
    outer loop
      vertex 118.831 -71.4714 42.4
      vertex 118.719 -71.5992 30.4
      vertex 118.719 -71.5992 42.4
    endloop
  endfacet
  facet normal 0.980986 0.19408 0
    outer loop
      vertex 116.544 -71.0165 42.4
      vertex 116.511 -70.8497 30.4
      vertex 116.511 -70.8497 42.4
    endloop
  endfacet
  facet normal 0.980986 0.19408 0
    outer loop
      vertex 116.511 -70.8497 30.4
      vertex 116.544 -71.0165 42.4
      vertex 116.544 -71.0165 30.4
    endloop
  endfacet
  facet normal 0.752066 0.659088 0
    outer loop
      vertex 116.881 -71.5992 42.4
      vertex 116.769 -71.4714 30.4
      vertex 116.769 -71.4714 42.4
    endloop
  endfacet
  facet normal 0.752066 0.659088 0
    outer loop
      vertex 116.769 -71.4714 30.4
      vertex 116.881 -71.5992 42.4
      vertex 116.881 -71.5992 30.4
    endloop
  endfacet
  facet normal 0.196116 0.980581 -0
    outer loop
      vertex 117.63 -71.9689 30.4
      vertex 117.464 -71.9357 42.4
      vertex 117.63 -71.9689 42.4
    endloop
  endfacet
  facet normal 0.196116 0.980581 0
    outer loop
      vertex 117.464 -71.9357 42.4
      vertex 117.63 -71.9689 30.4
      vertex 117.464 -71.9357 30.4
    endloop
  endfacet
  facet normal 0.89735 0.44132 0
    outer loop
      vertex 116.674 -71.33 42.4
      vertex 116.599 -71.1775 30.4
      vertex 116.599 -71.1775 42.4
    endloop
  endfacet
  facet normal 0.89735 0.44132 0
    outer loop
      vertex 116.599 -71.1775 30.4
      vertex 116.674 -71.33 42.4
      vertex 116.674 -71.33 30.4
    endloop
  endfacet
  facet normal -0.196116 0.980581 0
    outer loop
      vertex 118.136 -71.9357 30.4
      vertex 117.97 -71.9689 42.4
      vertex 118.136 -71.9357 42.4
    endloop
  endfacet
  facet normal -0.196116 0.980581 0
    outer loop
      vertex 117.97 -71.9689 42.4
      vertex 118.136 -71.9357 30.4
      vertex 117.97 -71.9689 30.4
    endloop
  endfacet
  facet normal -0.752066 -0.659088 0
    outer loop
      vertex 118.831 -69.8886 30.4
      vertex 118.719 -69.7608 42.4
      vertex 118.719 -69.7608 30.4
    endloop
  endfacet
  facet normal -0.752066 -0.659088 0
    outer loop
      vertex 118.719 -69.7608 42.4
      vertex 118.831 -69.8886 30.4
      vertex 118.831 -69.8886 42.4
    endloop
  endfacet
  facet normal -0.830058 -0.557677 0
    outer loop
      vertex 118.926 -70.03 30.4
      vertex 118.831 -69.8886 42.4
      vertex 118.831 -69.8886 30.4
    endloop
  endfacet
  facet normal -0.830058 -0.557677 0
    outer loop
      vertex 118.831 -69.8886 42.4
      vertex 118.926 -70.03 30.4
      vertex 118.926 -70.03 42.4
    endloop
  endfacet
  facet normal 0.321692 0.946844 -0
    outer loop
      vertex 117.464 -71.9357 30.4
      vertex 117.303 -71.881 42.4
      vertex 117.464 -71.9357 42.4
    endloop
  endfacet
  facet normal 0.321692 0.946844 0
    outer loop
      vertex 117.303 -71.881 42.4
      vertex 117.464 -71.9357 30.4
      vertex 117.303 -71.881 30.4
    endloop
  endfacet
  facet normal 0.89735 -0.44132 0
    outer loop
      vertex 116.599 -70.1825 42.4
      vertex 116.674 -70.03 30.4
      vertex 116.674 -70.03 42.4
    endloop
  endfacet
  facet normal 0.89735 -0.44132 0
    outer loop
      vertex 116.674 -70.03 30.4
      vertex 116.599 -70.1825 42.4
      vertex 116.599 -70.1825 30.4
    endloop
  endfacet
  facet normal 0.441103 0.897457 -0
    outer loop
      vertex 117.303 -71.881 30.4
      vertex 117.15 -71.8058 42.4
      vertex 117.303 -71.881 42.4
    endloop
  endfacet
  facet normal 0.441103 0.897457 0
    outer loop
      vertex 117.15 -71.8058 42.4
      vertex 117.303 -71.881 30.4
      vertex 117.15 -71.8058 30.4
    endloop
  endfacet
  facet normal -0.830058 0.557677 0
    outer loop
      vertex 118.831 -71.4714 30.4
      vertex 118.926 -71.33 42.4
      vertex 118.926 -71.33 30.4
    endloop
  endfacet
  facet normal -0.830058 0.557677 0
    outer loop
      vertex 118.926 -71.33 42.4
      vertex 118.831 -71.4714 30.4
      vertex 118.831 -71.4714 42.4
    endloop
  endfacet
  facet normal -0.997906 0.0646845 0
    outer loop
      vertex 119.089 -70.8497 30.4
      vertex 119.1 -70.68 42.4
      vertex 119.1 -70.68 30.4
    endloop
  endfacet
  facet normal -0.997906 0.0646845 0
    outer loop
      vertex 119.1 -70.68 42.4
      vertex 119.089 -70.8497 30.4
      vertex 119.089 -70.8497 42.4
    endloop
  endfacet
  facet normal -0.441103 -0.897457 0
    outer loop
      vertex 118.297 -69.479 30.4
      vertex 118.45 -69.5542 42.4
      vertex 118.297 -69.479 42.4
    endloop
  endfacet
  facet normal -0.441103 -0.897457 -0
    outer loop
      vertex 118.45 -69.5542 42.4
      vertex 118.297 -69.479 30.4
      vertex 118.45 -69.5542 30.4
    endloop
  endfacet
  facet normal 0.65917 -0.751994 0
    outer loop
      vertex 116.881 -69.7608 30.4
      vertex 117.009 -69.6486 42.4
      vertex 116.881 -69.7608 42.4
    endloop
  endfacet
  facet normal 0.65917 -0.751994 0
    outer loop
      vertex 117.009 -69.6486 42.4
      vertex 116.881 -69.7608 30.4
      vertex 117.009 -69.6486 30.4
    endloop
  endfacet
  facet normal 0.0651554 -0.997875 0
    outer loop
      vertex 117.63 -69.3911 30.4
      vertex 117.8 -69.38 42.4
      vertex 117.63 -69.3911 42.4
    endloop
  endfacet
  facet normal 0.0651554 -0.997875 0
    outer loop
      vertex 117.8 -69.38 42.4
      vertex 117.63 -69.3911 30.4
      vertex 117.8 -69.38 30.4
    endloop
  endfacet
  facet normal 0.830058 0.557677 0
    outer loop
      vertex 116.769 -71.4714 42.4
      vertex 116.674 -71.33 30.4
      vertex 116.674 -71.33 42.4
    endloop
  endfacet
  facet normal 0.830058 0.557677 0
    outer loop
      vertex 116.674 -71.33 30.4
      vertex 116.769 -71.4714 42.4
      vertex 116.769 -71.4714 30.4
    endloop
  endfacet
  facet normal -0.441103 0.897457 0
    outer loop
      vertex 118.45 -71.8058 30.4
      vertex 118.297 -71.881 42.4
      vertex 118.45 -71.8058 42.4
    endloop
  endfacet
  facet normal -0.441103 0.897457 0
    outer loop
      vertex 118.297 -71.881 42.4
      vertex 118.45 -71.8058 30.4
      vertex 118.297 -71.881 30.4
    endloop
  endfacet
  facet normal 0.946306 0.323272 0
    outer loop
      vertex 116.599 -71.1775 42.4
      vertex 116.544 -71.0165 30.4
      vertex 116.544 -71.0165 42.4
    endloop
  endfacet
  facet normal 0.946306 0.323272 0
    outer loop
      vertex 116.544 -71.0165 30.4
      vertex 116.599 -71.1775 42.4
      vertex 116.599 -71.1775 30.4
    endloop
  endfacet
  facet normal 0.65917 0.751994 -0
    outer loop
      vertex 117.009 -71.7114 30.4
      vertex 116.881 -71.5992 42.4
      vertex 117.009 -71.7114 42.4
    endloop
  endfacet
  facet normal 0.65917 0.751994 0
    outer loop
      vertex 116.881 -71.5992 42.4
      vertex 117.009 -71.7114 30.4
      vertex 116.881 -71.5992 30.4
    endloop
  endfacet
  facet normal 0.0651554 0.997875 -0
    outer loop
      vertex 117.8 -71.98 30.4
      vertex 117.63 -71.9689 42.4
      vertex 117.8 -71.98 42.4
    endloop
  endfacet
  facet normal 0.0651554 0.997875 0
    outer loop
      vertex 117.63 -71.9689 42.4
      vertex 117.8 -71.98 30.4
      vertex 117.63 -71.9689 30.4
    endloop
  endfacet
  facet normal 0.556331 -0.830961 0
    outer loop
      vertex 117.009 -69.6486 30.4
      vertex 117.15 -69.5542 42.4
      vertex 117.009 -69.6486 42.4
    endloop
  endfacet
  facet normal 0.556331 -0.830961 0
    outer loop
      vertex 117.15 -69.5542 42.4
      vertex 117.009 -69.6486 30.4
      vertex 117.15 -69.5542 30.4
    endloop
  endfacet
  facet normal 0 0 1
    outer loop
      vertex 119.089 -70.5103 30.4
      vertex 119.089 -70.8497 30.4
      vertex 119.1 -70.68 30.4
    endloop
  endfacet
  facet normal 0 0 1
    outer loop
      vertex 119.056 -70.3435 30.4
      vertex 119.089 -70.8497 30.4
      vertex 119.089 -70.5103 30.4
    endloop
  endfacet
  facet normal 0 0 1
    outer loop
      vertex 119.056 -70.3435 30.4
      vertex 119.056 -71.0165 30.4
      vertex 119.089 -70.8497 30.4
    endloop
  endfacet
  facet normal 0 0 1
    outer loop
      vertex 119.001 -70.1825 30.4
      vertex 119.056 -71.0165 30.4
      vertex 119.056 -70.3435 30.4
    endloop
  endfacet
  facet normal 0 0 1
    outer loop
      vertex 119.001 -70.1825 30.4
      vertex 119.001 -71.1775 30.4
      vertex 119.056 -71.0165 30.4
    endloop
  endfacet
  facet normal 0 0 1
    outer loop
      vertex 118.926 -70.03 30.4
      vertex 119.001 -71.1775 30.4
      vertex 119.001 -70.1825 30.4
    endloop
  endfacet
  facet normal 0 0 1
    outer loop
      vertex 118.926 -70.03 30.4
      vertex 118.926 -71.33 30.4
      vertex 119.001 -71.1775 30.4
    endloop
  endfacet
  facet normal 0 0 1
    outer loop
      vertex 118.831 -69.8886 30.4
      vertex 118.926 -71.33 30.4
      vertex 118.926 -70.03 30.4
    endloop
  endfacet
  facet normal 0 0 1
    outer loop
      vertex 118.831 -69.8886 30.4
      vertex 118.831 -71.4714 30.4
      vertex 118.926 -71.33 30.4
    endloop
  endfacet
  facet normal 0 0 1
    outer loop
      vertex 118.719 -69.7608 30.4
      vertex 118.831 -71.4714 30.4
      vertex 118.831 -69.8886 30.4
    endloop
  endfacet
  facet normal 0 0 1
    outer loop
      vertex 118.719 -69.7608 30.4
      vertex 118.719 -71.5992 30.4
      vertex 118.831 -71.4714 30.4
    endloop
  endfacet
  facet normal 0 0 1
    outer loop
      vertex 118.591 -69.6486 30.4
      vertex 118.719 -71.5992 30.4
      vertex 118.719 -69.7608 30.4
    endloop
  endfacet
  facet normal 0 0 1
    outer loop
      vertex 118.591 -69.6486 30.4
      vertex 118.591 -71.7114 30.4
      vertex 118.719 -71.5992 30.4
    endloop
  endfacet
  facet normal 0 0 1
    outer loop
      vertex 118.45 -69.5542 30.4
      vertex 118.591 -71.7114 30.4
      vertex 118.591 -69.6486 30.4
    endloop
  endfacet
  facet normal 0 0 1
    outer loop
      vertex 118.45 -69.5542 30.4
      vertex 118.45 -71.8058 30.4
      vertex 118.591 -71.7114 30.4
    endloop
  endfacet
  facet normal 0 0 1
    outer loop
      vertex 118.297 -69.479 30.4
      vertex 118.45 -71.8058 30.4
      vertex 118.45 -69.5542 30.4
    endloop
  endfacet
  facet normal 0 0 1
    outer loop
      vertex 118.297 -69.479 30.4
      vertex 118.297 -71.881 30.4
      vertex 118.45 -71.8058 30.4
    endloop
  endfacet
  facet normal 0 0 1
    outer loop
      vertex 118.136 -69.4243 30.4
      vertex 118.297 -71.881 30.4
      vertex 118.297 -69.479 30.4
    endloop
  endfacet
  facet normal 0 0 1
    outer loop
      vertex 118.136 -69.4243 30.4
      vertex 118.136 -71.9357 30.4
      vertex 118.297 -71.881 30.4
    endloop
  endfacet
  facet normal 0 0 1
    outer loop
      vertex 117.97 -69.3911 30.4
      vertex 118.136 -71.9357 30.4
      vertex 118.136 -69.4243 30.4
    endloop
  endfacet
  facet normal 0 0 1
    outer loop
      vertex 117.97 -69.3911 30.4
      vertex 117.97 -71.9689 30.4
      vertex 118.136 -71.9357 30.4
    endloop
  endfacet
  facet normal 0 0 1
    outer loop
      vertex 117.8 -69.38 30.4
      vertex 117.97 -71.9689 30.4
      vertex 117.97 -69.3911 30.4
    endloop
  endfacet
  facet normal 0 0 1
    outer loop
      vertex 117.8 -69.38 30.4
      vertex 117.8 -71.98 30.4
      vertex 117.97 -71.9689 30.4
    endloop
  endfacet
  facet normal -0 0 1
    outer loop
      vertex 117.63 -69.3911 30.4
      vertex 117.8 -71.98 30.4
      vertex 117.8 -69.38 30.4
    endloop
  endfacet
  facet normal 0 0 1
    outer loop
      vertex 117.63 -69.3911 30.4
      vertex 117.63 -71.9689 30.4
      vertex 117.8 -71.98 30.4
    endloop
  endfacet
  facet normal -0 0 1
    outer loop
      vertex 117.464 -69.4243 30.4
      vertex 117.63 -71.9689 30.4
      vertex 117.63 -69.3911 30.4
    endloop
  endfacet
  facet normal 0 0 1
    outer loop
      vertex 117.464 -69.4243 30.4
      vertex 117.464 -71.9357 30.4
      vertex 117.63 -71.9689 30.4
    endloop
  endfacet
  facet normal -0 0 1
    outer loop
      vertex 117.303 -69.479 30.4
      vertex 117.464 -71.9357 30.4
      vertex 117.464 -69.4243 30.4
    endloop
  endfacet
  facet normal 0 0 1
    outer loop
      vertex 117.303 -69.479 30.4
      vertex 117.303 -71.881 30.4
      vertex 117.464 -71.9357 30.4
    endloop
  endfacet
  facet normal -0 0 1
    outer loop
      vertex 117.15 -69.5542 30.4
      vertex 117.303 -71.881 30.4
      vertex 117.303 -69.479 30.4
    endloop
  endfacet
  facet normal 0 0 1
    outer loop
      vertex 117.15 -69.5542 30.4
      vertex 117.15 -71.8058 30.4
      vertex 117.303 -71.881 30.4
    endloop
  endfacet
  facet normal -0 0 1
    outer loop
      vertex 117.009 -69.6486 30.4
      vertex 117.15 -71.8058 30.4
      vertex 117.15 -69.5542 30.4
    endloop
  endfacet
  facet normal 0 0 1
    outer loop
      vertex 117.009 -69.6486 30.4
      vertex 117.009 -71.7114 30.4
      vertex 117.15 -71.8058 30.4
    endloop
  endfacet
  facet normal -0 0 1
    outer loop
      vertex 116.881 -69.7608 30.4
      vertex 117.009 -71.7114 30.4
      vertex 117.009 -69.6486 30.4
    endloop
  endfacet
  facet normal 0 0 1
    outer loop
      vertex 116.881 -69.7608 30.4
      vertex 116.881 -71.5992 30.4
      vertex 117.009 -71.7114 30.4
    endloop
  endfacet
  facet normal -0 0 1
    outer loop
      vertex 116.769 -69.8886 30.4
      vertex 116.881 -71.5992 30.4
      vertex 116.881 -69.7608 30.4
    endloop
  endfacet
  facet normal 0 0 1
    outer loop
      vertex 116.769 -69.8886 30.4
      vertex 116.769 -71.4714 30.4
      vertex 116.881 -71.5992 30.4
    endloop
  endfacet
  facet normal -0 0 1
    outer loop
      vertex 116.674 -70.03 30.4
      vertex 116.769 -71.4714 30.4
      vertex 116.769 -69.8886 30.4
    endloop
  endfacet
  facet normal 0 0 1
    outer loop
      vertex 116.674 -70.03 30.4
      vertex 116.674 -71.33 30.4
      vertex 116.769 -71.4714 30.4
    endloop
  endfacet
  facet normal -0 0 1
    outer loop
      vertex 116.599 -70.1825 30.4
      vertex 116.674 -71.33 30.4
      vertex 116.674 -70.03 30.4
    endloop
  endfacet
  facet normal 0 0 1
    outer loop
      vertex 116.599 -70.1825 30.4
      vertex 116.599 -71.1775 30.4
      vertex 116.674 -71.33 30.4
    endloop
  endfacet
  facet normal -0 0 1
    outer loop
      vertex 116.544 -70.3435 30.4
      vertex 116.599 -71.1775 30.4
      vertex 116.599 -70.1825 30.4
    endloop
  endfacet
  facet normal 0 0 1
    outer loop
      vertex 116.544 -70.3435 30.4
      vertex 116.544 -71.0165 30.4
      vertex 116.599 -71.1775 30.4
    endloop
  endfacet
  facet normal -0 0 1
    outer loop
      vertex 116.511 -70.5103 30.4
      vertex 116.544 -71.0165 30.4
      vertex 116.544 -70.3435 30.4
    endloop
  endfacet
  facet normal 0 0 1
    outer loop
      vertex 116.511 -70.5103 30.4
      vertex 116.511 -70.8497 30.4
      vertex 116.544 -71.0165 30.4
    endloop
  endfacet
  facet normal 0 -0 1
    outer loop
      vertex 116.511 -70.8497 30.4
      vertex 116.511 -70.5103 30.4
      vertex 116.5 -70.68 30.4
    endloop
  endfacet
  facet normal 0.556331 0.830961 -0
    outer loop
      vertex 117.15 -71.8058 30.4
      vertex 117.009 -71.7114 42.4
      vertex 117.15 -71.8058 42.4
    endloop
  endfacet
  facet normal 0.556331 0.830961 0
    outer loop
      vertex 117.009 -71.7114 42.4
      vertex 117.15 -71.8058 30.4
      vertex 117.009 -71.7114 30.4
    endloop
  endfacet
  facet normal 0.321692 -0.946844 0
    outer loop
      vertex 117.303 -69.479 30.4
      vertex 117.464 -69.4243 42.4
      vertex 117.303 -69.479 42.4
    endloop
  endfacet
  facet normal 0.321692 -0.946844 0
    outer loop
      vertex 117.464 -69.4243 42.4
      vertex 117.303 -69.479 30.4
      vertex 117.464 -69.4243 30.4
    endloop
  endfacet
  facet normal -0.0651554 0.997875 0
    outer loop
      vertex 117.97 -71.9689 30.4
      vertex 117.8 -71.98 42.4
      vertex 117.97 -71.9689 42.4
    endloop
  endfacet
  facet normal -0.0651554 0.997875 0
    outer loop
      vertex 117.8 -71.98 42.4
      vertex 117.97 -71.9689 30.4
      vertex 117.8 -71.98 30.4
    endloop
  endfacet
  facet normal -0.980986 0.19408 0
    outer loop
      vertex 119.056 -71.0165 30.4
      vertex 119.089 -70.8497 42.4
      vertex 119.089 -70.8497 30.4
    endloop
  endfacet
  facet normal -0.980986 0.19408 0
    outer loop
      vertex 119.089 -70.8497 42.4
      vertex 119.056 -71.0165 30.4
      vertex 119.056 -71.0165 42.4
    endloop
  endfacet
  facet normal -0.946306 0.323272 0
    outer loop
      vertex 119.001 -71.1775 30.4
      vertex 119.056 -71.0165 42.4
      vertex 119.056 -71.0165 30.4
    endloop
  endfacet
  facet normal -0.946306 0.323272 0
    outer loop
      vertex 119.056 -71.0165 42.4
      vertex 119.001 -71.1775 30.4
      vertex 119.001 -71.1775 42.4
    endloop
  endfacet
  facet normal -0.65917 0.751994 0
    outer loop
      vertex 118.719 -71.5992 30.4
      vertex 118.591 -71.7114 42.4
      vertex 118.719 -71.5992 42.4
    endloop
  endfacet
  facet normal -0.65917 0.751994 0
    outer loop
      vertex 118.591 -71.7114 42.4
      vertex 118.719 -71.5992 30.4
      vertex 118.591 -71.7114 30.4
    endloop
  endfacet
  facet normal -0.321692 0.946844 0
    outer loop
      vertex 118.297 -71.881 30.4
      vertex 118.136 -71.9357 42.4
      vertex 118.297 -71.881 42.4
    endloop
  endfacet
  facet normal -0.321692 0.946844 0
    outer loop
      vertex 118.136 -71.9357 42.4
      vertex 118.297 -71.881 30.4
      vertex 118.136 -71.9357 30.4
    endloop
  endfacet
  facet normal -1 0 0
    outer loop
      vertex 0.5 -41.5109 25.9625
      vertex 0.5 -42.2433 26.8108
      vertex 0.5 -41.5109 26.5565
    endloop
  endfacet
  facet normal -1 0 0
    outer loop
      vertex 0.5 -42.2433 26.8108
      vertex 0.5 -42.695 26.9451
      vertex 0.5 -42.2433 27.9033
    endloop
  endfacet
  facet normal -1 0 0
    outer loop
      vertex 0.5 -41.5109 25.9625
      vertex 0.5 -42.695 26.9451
      vertex 0.5 -42.2433 26.8108
    endloop
  endfacet
  facet normal -1 0 0
    outer loop
      vertex 0.5 -44.3774 27.0041
      vertex 0.5 -42.695 26.9451
      vertex 0.5 -41.5109 25.9625
    endloop
  endfacet
  facet normal -1 0 0
    outer loop
      vertex 0.5 -42.695 26.9451
      vertex 0.5 -44.3774 27.0041
      vertex 0.5 -43.5189 27.2279
    endloop
  endfacet
  facet normal -1 -0 0
    outer loop
      vertex 0.5 -43.5189 27.2279
      vertex 0.5 -44.3774 27.0041
      vertex 0.5 -43.7955 27.3154
    endloop
  endfacet
  facet normal -1 -0 0
    outer loop
      vertex 0.5 -43.7955 27.3154
      vertex 0.5 -44.3774 27.0041
      vertex 0.5 -43.9359 27.3581
    endloop
  endfacet
  facet normal -1 0 0
    outer loop
      vertex 0.5 -42.2433 27.9033
      vertex 0.5 -41.5109 28.7578
      vertex 0.5 -41.5109 28.1576
    endloop
  endfacet
  facet normal -1 0 0
    outer loop
      vertex 0.5 -42.695 27.7691
      vertex 0.5 -42.2433 27.9033
      vertex 0.5 -42.695 26.9451
    endloop
  endfacet
  facet normal -1 0 0
    outer loop
      vertex 0.5 -42.695 27.7691
      vertex 0.5 -41.5109 28.7578
      vertex 0.5 -42.2433 27.9033
    endloop
  endfacet
  facet normal -1 0 0
    outer loop
      vertex 0.5 -42.9451 27.6832
      vertex 0.5 -41.5109 28.7578
      vertex 0.5 -42.695 27.7691
    endloop
  endfacet
  facet normal -1 0 0
    outer loop
      vertex 0.5 -44.3774 27.7121
      vertex 0.5 -42.9451 27.6832
      vertex 0.5 -43.1609 27.6093
    endloop
  endfacet
  facet normal -1 0 0
    outer loop
      vertex 0.5 -44.3774 27.7121
      vertex 0.5 -43.1609 27.6093
      vertex 0.5 -43.3424 27.5473
    endloop
  endfacet
  facet normal -1 0 0
    outer loop
      vertex 0.5 -44.3774 27.7121
      vertex 0.5 -43.3424 27.5473
      vertex 0.5 -43.4894 27.4973
    endloop
  endfacet
  facet normal -1 0 0
    outer loop
      vertex 0.5 -44.3774 27.7121
      vertex 0.5 -43.4894 27.4973
      vertex 0.5 -43.6021 27.4593
    endloop
  endfacet
  facet normal -1 0 0
    outer loop
      vertex 0.5 -44.3774 27.7121
      vertex 0.5 -43.6021 27.4593
      vertex 0.5 -43.6804 27.4332
    endloop
  endfacet
  facet normal -1 0 0
    outer loop
      vertex 0.5 -44.3774 27.7121
      vertex 0.5 -43.6804 27.4332
      vertex 0.5 -43.7243 27.4191
    endloop
  endfacet
  facet normal -1 0 0
    outer loop
      vertex 0.5 -44.3774 27.7121
      vertex 0.5 -43.7243 27.4191
      vertex 0.5 -43.7507 27.4112
    endloop
  endfacet
  facet normal -1 0 0
    outer loop
      vertex 0.5 -44.3774 27.7121
      vertex 0.5 -43.7507 27.4112
      vertex 0.5 -43.7761 27.4035
    endloop
  endfacet
  facet normal -1 0 0
    outer loop
      vertex 0.5 -44.3774 27.7121
      vertex 0.5 -43.7761 27.4035
      vertex 0.5 -43.8008 27.3962
    endloop
  endfacet
  facet normal -1 0 0
    outer loop
      vertex 0.5 -44.3774 27.7121
      vertex 0.5 -43.8008 27.3962
      vertex 0.5 -43.8246 27.3892
    endloop
  endfacet
  facet normal -1 0 0
    outer loop
      vertex 0.5 -44.3774 27.7121
      vertex 0.5 -43.8246 27.3892
      vertex 0.5 -43.8476 27.3826
    endloop
  endfacet
  facet normal -1 0 0
    outer loop
      vertex 0.5 -44.3774 27.7121
      vertex 0.5 -43.8476 27.3826
      vertex 0.5 -43.8698 27.3763
    endloop
  endfacet
  facet normal -1 0 0
    outer loop
      vertex 0.5 -44.3774 27.7121
      vertex 0.5 -43.8698 27.3763
      vertex 0.5 -43.8912 27.3703
    endloop
  endfacet
  facet normal -1 0 0
    outer loop
      vertex 0.5 -44.3774 27.7121
      vertex 0.5 -43.8912 27.3703
      vertex 0.5 -43.9359 27.3581
    endloop
  endfacet
  facet normal -1 0 0
    outer loop
      vertex 0.5 -42.9451 27.6832
      vertex 0.5 -44.3774 27.7121
      vertex 0.5 -41.5109 28.7578
    endloop
  endfacet
  facet normal -1 0 0
    outer loop
      vertex 0.5 -44.3774 27.7121
      vertex 0.5 -43.9359 27.3581
      vertex 0.5 -44.3774 27.0041
    endloop
  endfacet
  facet normal -1 0 0
    outer loop
      vertex 0.5 -41.4703 30.3292
      vertex 0.5 -41.9439 30.2241
      vertex 0.5 -41.9402 30.3129
    endloop
  endfacet
  facet normal -1 0 0
    outer loop
      vertex 0.5 -41.7703 29.3822
      vertex 0.5 -41.9552 30.1413
      vertex 0.5 -41.9439 30.2241
    endloop
  endfacet
  facet normal -1 0 0
    outer loop
      vertex 0.5 -42.2426 29.7338
      vertex 0.5 -41.8611 29.2928
      vertex 0.5 -41.9618 29.2173
    endloop
  endfacet
  facet normal -1 0 0
    outer loop
      vertex 0.5 -41.7703 29.3822
      vertex 0.5 -41.974 30.0646
      vertex 0.5 -41.9552 30.1413
    endloop
  endfacet
  facet normal -1 0 0
    outer loop
      vertex 0.5 -41.7703 29.3822
      vertex 0.5 -42.0003 29.994
      vertex 0.5 -41.974 30.0646
    endloop
  endfacet
  facet normal -1 0 0
    outer loop
      vertex 0.5 -41.7703 29.3822
      vertex 0.5 -42.0341 29.9295
      vertex 0.5 -42.0003 29.994
    endloop
  endfacet
  facet normal -1 0 0
    outer loop
      vertex 0.5 -42.3114 29.7021
      vertex 0.5 -41.9618 29.2173
      vertex 0.5 -42.0726 29.1554
    endloop
  endfacet
  facet normal -1 0 0
    outer loop
      vertex 0.5 -41.7703 29.3822
      vertex 0.5 -42.0755 29.871
      vertex 0.5 -42.0341 29.9295
    endloop
  endfacet
  facet normal -1 0 0
    outer loop
      vertex 0.5 -41.7703 29.3822
      vertex 0.5 -42.1243 29.8185
      vertex 0.5 -42.0755 29.871
    endloop
  endfacet
  facet normal -1 0 0
    outer loop
      vertex 0.5 -41.7703 29.3822
      vertex 0.5 -42.1802 29.7727
      vertex 0.5 -42.1243 29.8185
    endloop
  endfacet
  facet normal -1 0 0
    outer loop
      vertex 0.5 -42.3114 29.7021
      vertex 0.5 -42.0726 29.1554
      vertex 0.5 -42.1933 29.1073
    endloop
  endfacet
  facet normal -1 0 0
    outer loop
      vertex 0.5 -41.8611 29.2928
      vertex 0.5 -42.2426 29.7338
      vertex 0.5 -42.1802 29.7727
    endloop
  endfacet
  facet normal -1 0 0
    outer loop
      vertex 0.5 -41.9618 29.2173
      vertex 0.5 -42.3114 29.7021
      vertex 0.5 -42.2426 29.7338
    endloop
  endfacet
  facet normal -1 0 0
    outer loop
      vertex 0.5 -42.3869 29.6774
      vertex 0.5 -42.1933 29.1073
      vertex 0.5 -42.3241 29.0729
    endloop
  endfacet
  facet normal -1 0 0
    outer loop
      vertex 0.5 -42.1933 29.1073
      vertex 0.5 -42.3869 29.6774
      vertex 0.5 -42.3114 29.7021
    endloop
  endfacet
  facet normal -1 0 0
    outer loop
      vertex 0.5 -42.4688 29.6597
      vertex 0.5 -42.3241 29.0729
      vertex 0.5 -42.4648 29.0523
    endloop
  endfacet
  facet normal -1 0 0
    outer loop
      vertex 0.5 -42.3241 29.0729
      vertex 0.5 -42.4688 29.6597
      vertex 0.5 -42.3869 29.6774
    endloop
  endfacet
  facet normal -1 0 0
    outer loop
      vertex 0.5 -42.4648 29.0523
      vertex 0.5 -42.5573 29.6492
      vertex 0.5 -42.4688 29.6597
    endloop
  endfacet
  facet normal -1 0 0
    outer loop
      vertex 0.5 -42.6156 29.0455
      vertex 0.5 -42.5573 29.6492
      vertex 0.5 -42.4648 29.0523
    endloop
  endfacet
  facet normal -1 0 0
    outer loop
      vertex 0.5 -42.6156 29.0455
      vertex 0.5 -42.6522 29.6456
      vertex 0.5 -42.5573 29.6492
    endloop
  endfacet
  facet normal -1 0 0
    outer loop
      vertex 0.5 -44.3774 29.0455
      vertex 0.5 -42.6522 29.6456
      vertex 0.5 -42.6156 29.0455
    endloop
  endfacet
  facet normal -1 -0 0
    outer loop
      vertex 0.5 -42.6522 29.6456
      vertex 0.5 -44.3774 29.0455
      vertex 0.5 -44.3774 29.6456
    endloop
  endfacet
  facet normal -1 0 0
    outer loop
      vertex 0.5 -41.9439 30.2241
      vertex 0.5 -41.4703 30.3292
      vertex 0.5 -41.4764 30.1604
    endloop
  endfacet
  facet normal -1 0 0
    outer loop
      vertex 0.5 -41.9438 30.3993
      vertex 0.5 -41.4703 30.3292
      vertex 0.5 -41.9402 30.3129
    endloop
  endfacet
  facet normal -1 0 0
    outer loop
      vertex 0.5 -41.9439 30.2241
      vertex 0.5 -41.4764 30.1604
      vertex 0.5 -41.4948 30.0027
    endloop
  endfacet
  facet normal -1 0 0
    outer loop
      vertex 0.5 -41.4703 30.3292
      vertex 0.5 -41.9438 30.3993
      vertex 0.5 -41.4762 30.4926
    endloop
  endfacet
  facet normal -1 0 0
    outer loop
      vertex 0.5 -41.9439 30.2241
      vertex 0.5 -41.4948 30.0027
      vertex 0.5 -41.5254 29.8563
    endloop
  endfacet
  facet normal -1 0 0
    outer loop
      vertex 0.5 -41.9545 30.4795
      vertex 0.5 -41.4762 30.4926
      vertex 0.5 -41.9438 30.3993
    endloop
  endfacet
  facet normal -1 0 0
    outer loop
      vertex 0.5 -41.9439 30.2241
      vertex 0.5 -41.5254 29.8563
      vertex 0.5 -41.5682 29.721
    endloop
  endfacet
  facet normal -1 -0 0
    outer loop
      vertex 0.5 -41.4762 30.4926
      vertex 0.5 -41.9545 30.4795
      vertex 0.5 -41.4939 30.6448
    endloop
  endfacet
  facet normal -1 0 0
    outer loop
      vertex 0.5 -41.9439 30.2241
      vertex 0.5 -41.5682 29.721
      vertex 0.5 -41.6234 29.5969
    endloop
  endfacet
  facet normal -1 0 0
    outer loop
      vertex 0.5 -41.9725 30.5536
      vertex 0.5 -41.4939 30.6448
      vertex 0.5 -41.9545 30.4795
    endloop
  endfacet
  facet normal -1 0 0
    outer loop
      vertex 0.5 -41.9439 30.2241
      vertex 0.5 -41.6234 29.5969
      vertex 0.5 -41.6907 29.4839
    endloop
  endfacet
  facet normal -1 -0 0
    outer loop
      vertex 0.5 -41.4939 30.6448
      vertex 0.5 -41.9725 30.5536
      vertex 0.5 -41.5233 30.7856
    endloop
  endfacet
  facet normal -1 0 0
    outer loop
      vertex 0.5 -41.9439 30.2241
      vertex 0.5 -41.6907 29.4839
      vertex 0.5 -41.7703 29.3822
    endloop
  endfacet
  facet normal -1 0 0
    outer loop
      vertex 0.5 -41.9977 30.6214
      vertex 0.5 -41.5233 30.7856
      vertex 0.5 -41.9725 30.5536
    endloop
  endfacet
  facet normal -1 0 0
    outer loop
      vertex 0.5 -42.1802 29.7727
      vertex 0.5 -41.7703 29.3822
      vertex 0.5 -41.8611 29.2928
    endloop
  endfacet
  facet normal -1 -0 0
    outer loop
      vertex 0.5 -41.5233 30.7856
      vertex 0.5 -41.9977 30.6214
      vertex 0.5 -41.5646 30.9151
    endloop
  endfacet
  facet normal -1 0 0
    outer loop
      vertex 0.5 -42.03 30.6831
      vertex 0.5 -41.5646 30.9151
      vertex 0.5 -41.9977 30.6214
    endloop
  endfacet
  facet normal -1 -0 0
    outer loop
      vertex 0.5 -41.5646 30.9151
      vertex 0.5 -42.03 30.6831
      vertex 0.5 -41.6176 31.0332
    endloop
  endfacet
  facet normal -1 0 0
    outer loop
      vertex 0.5 -42.0695 30.7386
      vertex 0.5 -41.6176 31.0332
      vertex 0.5 -42.03 30.6831
    endloop
  endfacet
  facet normal -1 -0 0
    outer loop
      vertex 0.5 -41.6176 31.0332
      vertex 0.5 -42.0695 30.7386
      vertex 0.5 -41.6825 31.14
    endloop
  endfacet
  facet normal -1 0 0
    outer loop
      vertex 0.5 -42.1162 30.7879
      vertex 0.5 -41.6825 31.14
      vertex 0.5 -42.0695 30.7386
    endloop
  endfacet
  facet normal -1 -0 0
    outer loop
      vertex 0.5 -41.6825 31.14
      vertex 0.5 -42.1162 30.7879
      vertex 0.5 -41.7591 31.2355
    endloop
  endfacet
  facet normal -1 0 0
    outer loop
      vertex 0.5 -42.1698 30.8308
      vertex 0.5 -41.7591 31.2355
      vertex 0.5 -42.1162 30.7879
    endloop
  endfacet
  facet normal -1 -0 0
    outer loop
      vertex 0.5 -41.7591 31.2355
      vertex 0.5 -42.1698 30.8308
      vertex 0.5 -41.8467 31.3189
    endloop
  endfacet
  facet normal -1 0 0
    outer loop
      vertex 0.5 -42.2301 30.8671
      vertex 0.5 -41.8467 31.3189
      vertex 0.5 -42.1698 30.8308
    endloop
  endfacet
  facet normal -1 -0 0
    outer loop
      vertex 0.5 -41.8467 31.3189
      vertex 0.5 -42.2301 30.8671
      vertex 0.5 -41.9445 31.3894
    endloop
  endfacet
  facet normal -1 -0 0
    outer loop
      vertex 0.5 -41.9445 31.3894
      vertex 0.5 -42.2301 30.8671
      vertex 0.5 -42.0523 31.4471
    endloop
  endfacet
  facet normal -1 0 0
    outer loop
      vertex 0.5 -42.2971 30.8968
      vertex 0.5 -42.0523 31.4471
      vertex 0.5 -42.2301 30.8671
    endloop
  endfacet
  facet normal -1 -0 0
    outer loop
      vertex 0.5 -42.0523 31.4471
      vertex 0.5 -42.2971 30.8968
      vertex 0.5 -42.1703 31.492
    endloop
  endfacet
  facet normal -1 0 0
    outer loop
      vertex 0.5 -42.3708 30.9199
      vertex 0.5 -42.1703 31.492
      vertex 0.5 -42.2971 30.8968
    endloop
  endfacet
  facet normal -1 -0 0
    outer loop
      vertex 0.5 -42.1703 31.492
      vertex 0.5 -42.3708 30.9199
      vertex 0.5 -42.2985 31.5241
    endloop
  endfacet
  facet normal -1 0 0
    outer loop
      vertex 0.5 -42.4511 30.9364
      vertex 0.5 -42.2985 31.5241
      vertex 0.5 -42.3708 30.9199
    endloop
  endfacet
  facet normal -1 -0 0
    outer loop
      vertex 0.5 -42.2985 31.5241
      vertex 0.5 -42.4511 30.9364
      vertex 0.5 -42.4367 31.5434
    endloop
  endfacet
  facet normal -1 0 0
    outer loop
      vertex 0.5 -42.5382 30.9463
      vertex 0.5 -42.4367 31.5434
      vertex 0.5 -42.4511 30.9364
    endloop
  endfacet
  facet normal -1 0 0
    outer loop
      vertex 0.5 -42.5382 30.9463
      vertex 0.5 -42.5851 31.5498
      vertex 0.5 -42.4367 31.5434
    endloop
  endfacet
  facet normal -1 0 0
    outer loop
      vertex 0.5 -42.6319 30.9496
      vertex 0.5 -42.5851 31.5498
      vertex 0.5 -42.5382 30.9463
    endloop
  endfacet
  facet normal -1 0 0
    outer loop
      vertex 0.5 -44.3774 31.5498
      vertex 0.5 -42.6319 30.9496
      vertex 0.5 -44.3774 30.9496
    endloop
  endfacet
  facet normal -1 0 0
    outer loop
      vertex 0.5 -42.6319 30.9496
      vertex 0.5 -44.3774 31.5498
      vertex 0.5 -42.5851 31.5498
    endloop
  endfacet
  facet normal -1 0 0
    outer loop
      vertex 0.5 -42.7153 23.7747
      vertex 0.5 -41.5109 23.675
      vertex 0.5 -41.5109 22.9996
    endloop
  endfacet
  facet normal -1 0 0
    outer loop
      vertex 0.5 -43.0745 24.1247
      vertex 0.5 -42.5993 24.3403
      vertex 0.5 -42.7153 23.7747
    endloop
  endfacet
  facet normal -1 0 0
    outer loop
      vertex 0.5 -41.5109 23.675
      vertex 0.5 -42.7153 23.7747
      vertex 0.5 -42.5993 24.3403
    endloop
  endfacet
  facet normal -1 0 0
    outer loop
      vertex 0.5 -42.5993 25.0441
      vertex 0.5 -41.5109 25.6443
      vertex 0.5 -41.5109 25.0441
    endloop
  endfacet
  facet normal -1 0 0
    outer loop
      vertex 0.5 -43.1489 23.9161
      vertex 0.5 -42.7153 23.7747
      vertex 0.5 -42.7381 23.694
    endloop
  endfacet
  facet normal -1 0 0
    outer loop
      vertex 0.5 -43.1791 23.8764
      vertex 0.5 -42.7381 23.694
      vertex 0.5 -42.767 23.6183
    endloop
  endfacet
  facet normal -1 0 0
    outer loop
      vertex 0.5 -43.1791 23.8764
      vertex 0.5 -42.767 23.6183
      vertex 0.5 -42.802 23.5474
    endloop
  endfacet
  facet normal -1 0 0
    outer loop
      vertex 0.5 -43.2135 23.8419
      vertex 0.5 -42.802 23.5474
      vertex 0.5 -42.8432 23.4814
    endloop
  endfacet
  facet normal -1 0 0
    outer loop
      vertex 0.5 -43.2517 23.8126
      vertex 0.5 -42.8432 23.4814
      vertex 0.5 -42.8904 23.4203
    endloop
  endfacet
  facet normal -1 0 0
    outer loop
      vertex 0.5 -43.2517 23.8126
      vertex 0.5 -42.8904 23.4203
      vertex 0.5 -42.9437 23.3642
    endloop
  endfacet
  facet normal -1 0 0
    outer loop
      vertex 0.5 -43.2936 23.7887
      vertex 0.5 -42.9437 23.3642
      vertex 0.5 -43.0031 23.3129
    endloop
  endfacet
  facet normal -1 0 0
    outer loop
      vertex 0.5 -42.5993 24.3403
      vertex 0.5 -43.0745 24.1247
      vertex 0.5 -43.0675 24.1893
    endloop
  endfacet
  facet normal -1 0 0
    outer loop
      vertex 0.5 -42.5993 24.3403
      vertex 0.5 -43.0652 25.0441
      vertex 0.5 -42.5993 25.0441
    endloop
  endfacet
  facet normal -1 0 0
    outer loop
      vertex 0.5 -43.0652 25.0441
      vertex 0.5 -41.5109 25.6443
      vertex 0.5 -42.5993 25.0441
    endloop
  endfacet
  facet normal -1 0 0
    outer loop
      vertex 0.5 -44.3774 25.6443
      vertex 0.5 -43.0652 25.0441
      vertex 0.5 -43.9115 25.0441
    endloop
  endfacet
  facet normal -1 -0 0
    outer loop
      vertex 0.5 -43.7766 23.8434
      vertex 0.5 -44.2647 23.5991
      vertex 0.5 -43.8356 23.9189
    endloop
  endfacet
  facet normal -1 0 0
    outer loop
      vertex 0.5 -44.3053 23.7026
      vertex 0.5 -43.8356 23.9189
      vertex 0.5 -44.2647 23.5991
    endloop
  endfacet
  facet normal -1 0 0
    outer loop
      vertex 0.5 -44.3368 23.8156
      vertex 0.5 -43.8356 23.9189
      vertex 0.5 -44.3053 23.7026
    endloop
  endfacet
  facet normal -1 -0 0
    outer loop
      vertex 0.5 -43.8356 23.9189
      vertex 0.5 -44.3368 23.8156
      vertex 0.5 -43.8778 24.0161
    endloop
  endfacet
  facet normal -1 0 0
    outer loop
      vertex 0.5 -44.3593 23.9382
      vertex 0.5 -43.8778 24.0161
      vertex 0.5 -44.3368 23.8156
    endloop
  endfacet
  facet normal -1 -0 0
    outer loop
      vertex 0.5 -43.8778 24.0161
      vertex 0.5 -44.3593 23.9382
      vertex 0.5 -43.9031 24.1348
    endloop
  endfacet
  facet normal -1 0 0
    outer loop
      vertex 0.5 -44.3729 24.0704
      vertex 0.5 -43.9031 24.1348
      vertex 0.5 -44.3593 23.9382
    endloop
  endfacet
  facet normal -1 0 0
    outer loop
      vertex 0.5 -44.3774 24.2121
      vertex 0.5 -43.9031 24.1348
      vertex 0.5 -44.3729 24.0704
    endloop
  endfacet
  facet normal -1 0 0
    outer loop
      vertex 0.5 -43.9031 24.1348
      vertex 0.5 -44.3774 24.2121
      vertex 0.5 -43.9115 24.2752
    endloop
  endfacet
  facet normal -1 -0 0
    outer loop
      vertex 0.5 -43.9115 24.2752
      vertex 0.5 -44.3774 24.2121
      vertex 0.5 -43.9115 25.0441
    endloop
  endfacet
  facet normal -1 0 0
    outer loop
      vertex 0.5 -43.0652 25.0441
      vertex 0.5 -44.3774 25.6443
      vertex 0.5 -41.5109 25.6443
    endloop
  endfacet
  facet normal -1 0 0
    outer loop
      vertex 0.5 -44.3774 25.6443
      vertex 0.5 -43.9115 25.0441
      vertex 0.5 -44.3774 24.2121
    endloop
  endfacet
  facet normal -1 0 0
    outer loop
      vertex 0.5 -43.2936 23.7887
      vertex 0.5 -43.0031 23.3129
      vertex 0.5 -43.0673 23.2676
    endloop
  endfacet
  facet normal -1 0 0
    outer loop
      vertex 0.5 -43.0652 25.0441
      vertex 0.5 -42.5993 24.3403
      vertex 0.5 -43.0652 24.2589
    endloop
  endfacet
  facet normal -1 0 0
    outer loop
      vertex 0.5 -42.5993 24.3403
      vertex 0.5 -43.0675 24.1893
      vertex 0.5 -43.0652 24.2589
    endloop
  endfacet
  facet normal -1 0 0
    outer loop
      vertex 0.5 -42.7153 23.7747
      vertex 0.5 -43.0861 24.0651
      vertex 0.5 -43.0745 24.1247
    endloop
  endfacet
  facet normal -1 0 0
    outer loop
      vertex 0.5 -42.7153 23.7747
      vertex 0.5 -43.1024 24.0104
      vertex 0.5 -43.0861 24.0651
    endloop
  endfacet
  facet normal -1 0 0
    outer loop
      vertex 0.5 -42.7153 23.7747
      vertex 0.5 -43.1233 23.9608
      vertex 0.5 -43.1024 24.0104
    endloop
  endfacet
  facet normal -1 0 0
    outer loop
      vertex 0.5 -43.3392 23.7701
      vertex 0.5 -43.0673 23.2676
      vertex 0.5 -43.1348 23.2292
    endloop
  endfacet
  facet normal -1 0 0
    outer loop
      vertex 0.5 -42.7153 23.7747
      vertex 0.5 -43.1489 23.9161
      vertex 0.5 -43.1233 23.9608
    endloop
  endfacet
  facet normal -1 0 0
    outer loop
      vertex 0.5 -42.7381 23.694
      vertex 0.5 -43.1791 23.8764
      vertex 0.5 -43.1489 23.9161
    endloop
  endfacet
  facet normal -1 0 0
    outer loop
      vertex 0.5 -43.3392 23.7701
      vertex 0.5 -43.1348 23.2292
      vertex 0.5 -43.2057 23.1978
    endloop
  endfacet
  facet normal -1 0 0
    outer loop
      vertex 0.5 -42.802 23.5474
      vertex 0.5 -43.2135 23.8419
      vertex 0.5 -43.1791 23.8764
    endloop
  endfacet
  facet normal -1 0 0
    outer loop
      vertex 0.5 -42.8432 23.4814
      vertex 0.5 -43.2517 23.8126
      vertex 0.5 -43.2135 23.8419
    endloop
  endfacet
  facet normal -1 0 0
    outer loop
      vertex 0.5 -43.3886 23.7568
      vertex 0.5 -43.2057 23.1978
      vertex 0.5 -43.28 23.1734
    endloop
  endfacet
  facet normal -1 0 0
    outer loop
      vertex 0.5 -42.9437 23.3642
      vertex 0.5 -43.2936 23.7887
      vertex 0.5 -43.2517 23.8126
    endloop
  endfacet
  facet normal -1 0 0
    outer loop
      vertex 0.5 -43.0673 23.2676
      vertex 0.5 -43.3392 23.7701
      vertex 0.5 -43.2936 23.7887
    endloop
  endfacet
  facet normal -1 0 0
    outer loop
      vertex 0.5 -43.4417 23.7489
      vertex 0.5 -43.28 23.1734
      vertex 0.5 -43.3576 23.1559
    endloop
  endfacet
  facet normal -1 0 0
    outer loop
      vertex 0.5 -43.2057 23.1978
      vertex 0.5 -43.3886 23.7568
      vertex 0.5 -43.3392 23.7701
    endloop
  endfacet
  facet normal -1 0 0
    outer loop
      vertex 0.5 -43.4417 23.7489
      vertex 0.5 -43.3576 23.1559
      vertex 0.5 -43.4386 23.1455
    endloop
  endfacet
  facet normal -1 0 0
    outer loop
      vertex 0.5 -43.28 23.1734
      vertex 0.5 -43.4417 23.7489
      vertex 0.5 -43.3886 23.7568
    endloop
  endfacet
  facet normal -1 0 0
    outer loop
      vertex 0.5 -43.4386 23.1455
      vertex 0.5 -43.4985 23.7462
      vertex 0.5 -43.4417 23.7489
    endloop
  endfacet
  facet normal -1 0 0
    outer loop
      vertex 0.5 -43.5229 23.142
      vertex 0.5 -43.4985 23.7462
      vertex 0.5 -43.4386 23.1455
    endloop
  endfacet
  facet normal -1 0 0
    outer loop
      vertex 0.5 -43.637 23.1477
      vertex 0.5 -43.4985 23.7462
      vertex 0.5 -43.5229 23.142
    endloop
  endfacet
  facet normal -1 -0 0
    outer loop
      vertex 0.5 -43.4985 23.7462
      vertex 0.5 -43.637 23.1477
      vertex 0.5 -43.6081 23.757
    endloop
  endfacet
  facet normal -1 0 0
    outer loop
      vertex 0.5 -43.7432 23.1647
      vertex 0.5 -43.6081 23.757
      vertex 0.5 -43.637 23.1477
    endloop
  endfacet
  facet normal -1 0 0
    outer loop
      vertex 0.5 -43.8416 23.1932
      vertex 0.5 -43.6081 23.757
      vertex 0.5 -43.7432 23.1647
    endloop
  endfacet
  facet normal -1 -0 0
    outer loop
      vertex 0.5 -43.6081 23.757
      vertex 0.5 -43.8416 23.1932
      vertex 0.5 -43.7008 23.7894
    endloop
  endfacet
  facet normal -1 0 0
    outer loop
      vertex 0.5 -43.9321 23.233
      vertex 0.5 -43.7008 23.7894
      vertex 0.5 -43.8416 23.1932
    endloop
  endfacet
  facet normal -1 0 0
    outer loop
      vertex 0.5 -44.0148 23.2842
      vertex 0.5 -43.7008 23.7894
      vertex 0.5 -43.9321 23.233
    endloop
  endfacet
  facet normal -1 0 0
    outer loop
      vertex 0.5 -44.0896 23.3468
      vertex 0.5 -43.7008 23.7894
      vertex 0.5 -44.0148 23.2842
    endloop
  endfacet
  facet normal -1 -0 0
    outer loop
      vertex 0.5 -43.7008 23.7894
      vertex 0.5 -44.0896 23.3468
      vertex 0.5 -43.7766 23.8434
    endloop
  endfacet
  facet normal -1 0 0
    outer loop
      vertex 0.5 -44.2647 23.5991
      vertex 0.5 -43.7766 23.8434
      vertex 0.5 -44.2152 23.5051
    endloop
  endfacet
  facet normal -1 0 0
    outer loop
      vertex 0.5 -44.2152 23.5051
      vertex 0.5 -43.7766 23.8434
      vertex 0.5 -44.1566 23.4207
    endloop
  endfacet
  facet normal -1 0 0
    outer loop
      vertex 0.5 -44.1566 23.4207
      vertex 0.5 -43.7766 23.8434
      vertex 0.5 -44.0896 23.3468
    endloop
  endfacet
  facet normal -1 0 0
    outer loop
      vertex 0.5 -44.3774 20.4842
      vertex 0.5 -43.9135 21.4119
      vertex 0.5 -43.9135 20.4842
    endloop
  endfacet
  facet normal -1 -0 0
    outer loop
      vertex 0.5 -43.9135 21.4119
      vertex 0.5 -44.3774 20.4842
      vertex 0.5 -43.9135 22.0121
    endloop
  endfacet
  facet normal -1 0 0
    outer loop
      vertex 0.5 -44.3774 22.9377
      vertex 0.5 -43.9135 22.0121
      vertex 0.5 -44.3774 20.4842
    endloop
  endfacet
  facet normal -1 0 0
    outer loop
      vertex 0.5 -43.9135 22.0121
      vertex 0.5 -44.3774 22.9377
      vertex 0.5 -43.9135 22.9377
    endloop
  endfacet
  facet normal -1 0 0
    outer loop
      vertex 0.5 -43.9135 21.4119
      vertex 0.5 -41.5109 22.0121
      vertex 0.5 -41.5109 21.4119
    endloop
  endfacet
  facet normal -1 -0 0
    outer loop
      vertex 0.5 -41.5109 22.0121
      vertex 0.5 -43.9135 21.4119
      vertex 0.5 -43.9135 22.0121
    endloop
  endfacet
  facet normal 0 -0.993262 0.115891
    outer loop
      vertex 0 -41.4948 30.0027
      vertex 0.5 -41.4764 30.1604
      vertex 0 -41.4764 30.1604
    endloop
  endfacet
  facet normal 0 -0.993262 0.115891
    outer loop
      vertex 0.5 -41.4764 30.1604
      vertex 0 -41.4948 30.0027
      vertex 0.5 -41.4948 30.0027
    endloop
  endfacet
  facet normal 0 -0.978847 0.204595
    outer loop
      vertex 0 -41.5254 29.8563
      vertex 0.5 -41.4948 30.0027
      vertex 0 -41.4948 30.0027
    endloop
  endfacet
  facet normal 0 -0.978847 0.204595
    outer loop
      vertex 0.5 -41.4948 30.0027
      vertex 0 -41.5254 29.8563
      vertex 0.5 -41.5254 29.8563
    endloop
  endfacet
  facet normal 0 -0.953433 0.301603
    outer loop
      vertex 0 -41.5682 29.721
      vertex 0.5 -41.5254 29.8563
      vertex 0 -41.5254 29.8563
    endloop
  endfacet
  facet normal 0 -0.953433 0.301603
    outer loop
      vertex 0.5 -41.5254 29.8563
      vertex 0 -41.5682 29.721
      vertex 0.5 -41.5682 29.721
    endloop
  endfacet
  facet normal 0 -0.91369 0.406412
    outer loop
      vertex 0 -41.6234 29.5969
      vertex 0.5 -41.5682 29.721
      vertex 0 -41.5682 29.721
    endloop
  endfacet
  facet normal 0 -0.91369 0.406412
    outer loop
      vertex 0.5 -41.5682 29.721
      vertex 0 -41.6234 29.5969
      vertex 0.5 -41.6234 29.5969
    endloop
  endfacet
  facet normal 0 -0.859166 0.511698
    outer loop
      vertex 0 -41.6907 29.4839
      vertex 0.5 -41.6234 29.5969
      vertex 0 -41.6234 29.5969
    endloop
  endfacet
  facet normal 0 -0.859166 0.511698
    outer loop
      vertex 0.5 -41.6234 29.5969
      vertex 0 -41.6907 29.4839
      vertex 0.5 -41.6907 29.4839
    endloop
  endfacet
  facet normal 0 -0.787472 0.61635
    outer loop
      vertex 0 -41.7703 29.3822
      vertex 0.5 -41.6907 29.4839
      vertex 0 -41.6907 29.4839
    endloop
  endfacet
  facet normal 0 -0.787472 0.61635
    outer loop
      vertex 0.5 -41.6907 29.4839
      vertex 0 -41.7703 29.3822
      vertex 0.5 -41.7703 29.3822
    endloop
  endfacet
  facet normal 0 -0.701592 0.712579
    outer loop
      vertex 0 -41.7703 29.3822
      vertex 0.5 -41.8611 29.2928
      vertex 0.5 -41.7703 29.3822
    endloop
  endfacet
  facet normal 0 -0.701592 0.712579
    outer loop
      vertex 0.5 -41.8611 29.2928
      vertex 0 -41.7703 29.3822
      vertex 0 -41.8611 29.2928
    endloop
  endfacet
  facet normal 0 -0.599873 0.800095
    outer loop
      vertex 0 -41.8611 29.2928
      vertex 0.5 -41.9618 29.2173
      vertex 0.5 -41.8611 29.2928
    endloop
  endfacet
  facet normal 0 -0.599873 0.800095
    outer loop
      vertex 0.5 -41.9618 29.2173
      vertex 0 -41.8611 29.2928
      vertex 0 -41.9618 29.2173
    endloop
  endfacet
  facet normal 0 -0.487715 0.873003
    outer loop
      vertex 0 -41.9618 29.2173
      vertex 0.5 -42.0726 29.1554
      vertex 0.5 -41.9618 29.2173
    endloop
  endfacet
  facet normal 0 -0.487715 0.873003
    outer loop
      vertex 0.5 -42.0726 29.1554
      vertex 0 -41.9618 29.2173
      vertex 0 -42.0726 29.1554
    endloop
  endfacet
  facet normal 0 -0.370196 0.928954
    outer loop
      vertex 0 -42.0726 29.1554
      vertex 0.5 -42.1933 29.1073
      vertex 0.5 -42.0726 29.1554
    endloop
  endfacet
  facet normal 0 -0.370196 0.928954
    outer loop
      vertex 0.5 -42.1933 29.1073
      vertex 0 -42.0726 29.1554
      vertex 0 -42.1933 29.1073
    endloop
  endfacet
  facet normal 0 -0.254348 0.967113
    outer loop
      vertex 0 -42.1933 29.1073
      vertex 0.5 -42.3241 29.0729
      vertex 0.5 -42.1933 29.1073
    endloop
  endfacet
  facet normal 0 -0.254348 0.967113
    outer loop
      vertex 0.5 -42.3241 29.0729
      vertex 0 -42.1933 29.1073
      vertex 0 -42.3241 29.0729
    endloop
  endfacet
  facet normal 0 -0.144866 0.989451
    outer loop
      vertex 0 -42.3241 29.0729
      vertex 0.5 -42.4648 29.0523
      vertex 0.5 -42.3241 29.0729
    endloop
  endfacet
  facet normal 0 -0.144866 0.989451
    outer loop
      vertex 0.5 -42.4648 29.0523
      vertex 0 -42.3241 29.0729
      vertex 0 -42.4648 29.0523
    endloop
  endfacet
  facet normal 0 -0.0450471 0.998985
    outer loop
      vertex 0 -42.4648 29.0523
      vertex 0.5 -42.6156 29.0455
      vertex 0.5 -42.4648 29.0523
    endloop
  endfacet
  facet normal 0 -0.0450471 0.998985
    outer loop
      vertex 0.5 -42.6156 29.0455
      vertex 0 -42.4648 29.0523
      vertex 0 -42.6156 29.0455
    endloop
  endfacet
  facet normal -0 0 1
    outer loop
      vertex 0 -42.6156 29.0455
      vertex 0.5 -44.3774 29.0455
      vertex 0.5 -42.6156 29.0455
    endloop
  endfacet
  facet normal 0 0 1
    outer loop
      vertex 0.5 -44.3774 29.0455
      vertex 0 -42.6156 29.0455
      vertex 0 -44.3774 29.0455
    endloop
  endfacet
  facet normal 0 1 -0
    outer loop
      vertex 0.5 -44.3774 29.0455
      vertex 0 -44.3774 29.6456
      vertex 0.5 -44.3774 29.6456
    endloop
  endfacet
  facet normal 0 1 0
    outer loop
      vertex 0 -44.3774 29.6456
      vertex 0.5 -44.3774 29.0455
      vertex 0 -44.3774 29.0455
    endloop
  endfacet
  facet normal 0 0 -1
    outer loop
      vertex 0 -44.3774 29.6456
      vertex 0.5 -42.6522 29.6456
      vertex 0.5 -44.3774 29.6456
    endloop
  endfacet
  facet normal -0 0 -1
    outer loop
      vertex 0.5 -42.6522 29.6456
      vertex 0 -44.3774 29.6456
      vertex 0 -42.6522 29.6456
    endloop
  endfacet
  facet normal 0 0.0379074 -0.999281
    outer loop
      vertex 0 -42.6522 29.6456
      vertex 0.5 -42.5573 29.6492
      vertex 0.5 -42.6522 29.6456
    endloop
  endfacet
  facet normal 0 0.0379074 -0.999281
    outer loop
      vertex 0.5 -42.5573 29.6492
      vertex 0 -42.6522 29.6456
      vertex 0 -42.5573 29.6492
    endloop
  endfacet
  facet normal 0 0.117818 -0.993035
    outer loop
      vertex 0 -42.5573 29.6492
      vertex 0.5 -42.4688 29.6597
      vertex 0.5 -42.5573 29.6492
    endloop
  endfacet
  facet normal 0 0.117818 -0.993035
    outer loop
      vertex 0.5 -42.4688 29.6597
      vertex 0 -42.5573 29.6492
      vertex 0 -42.4688 29.6597
    endloop
  endfacet
  facet normal 0 0.21124 -0.977434
    outer loop
      vertex 0 -42.4688 29.6597
      vertex 0.5 -42.3869 29.6774
      vertex 0.5 -42.4688 29.6597
    endloop
  endfacet
  facet normal 0 0.21124 -0.977434
    outer loop
      vertex 0.5 -42.3869 29.6774
      vertex 0 -42.4688 29.6597
      vertex 0 -42.3869 29.6774
    endloop
  endfacet
  facet normal 0 0.310936 -0.950431
    outer loop
      vertex 0 -42.3869 29.6774
      vertex 0.5 -42.3114 29.7021
      vertex 0.5 -42.3869 29.6774
    endloop
  endfacet
  facet normal 0 0.310936 -0.950431
    outer loop
      vertex 0.5 -42.3114 29.7021
      vertex 0 -42.3869 29.6774
      vertex 0 -42.3114 29.7021
    endloop
  endfacet
  facet normal 0 0.418472 -0.90823
    outer loop
      vertex 0 -42.3114 29.7021
      vertex 0.5 -42.2426 29.7338
      vertex 0.5 -42.3114 29.7021
    endloop
  endfacet
  facet normal 0 0.418472 -0.90823
    outer loop
      vertex 0.5 -42.2426 29.7338
      vertex 0 -42.3114 29.7021
      vertex 0 -42.2426 29.7338
    endloop
  endfacet
  facet normal 0 0.529021 -0.848609
    outer loop
      vertex 0 -42.2426 29.7338
      vertex 0.5 -42.1802 29.7727
      vertex 0.5 -42.2426 29.7338
    endloop
  endfacet
  facet normal 0 0.529021 -0.848609
    outer loop
      vertex 0.5 -42.1802 29.7727
      vertex 0 -42.2426 29.7338
      vertex 0 -42.1802 29.7727
    endloop
  endfacet
  facet normal 0 0.633765 -0.773526
    outer loop
      vertex 0 -42.1802 29.7727
      vertex 0.5 -42.1243 29.8185
      vertex 0.5 -42.1802 29.7727
    endloop
  endfacet
  facet normal 0 0.633765 -0.773526
    outer loop
      vertex 0.5 -42.1243 29.8185
      vertex 0 -42.1802 29.7727
      vertex 0 -42.1243 29.8185
    endloop
  endfacet
  facet normal 0 0.732446 -0.680826
    outer loop
      vertex 0.5 -42.1243 29.8185
      vertex 0 -42.0755 29.871
      vertex 0.5 -42.0755 29.871
    endloop
  endfacet
  facet normal 0 0.732446 -0.680826
    outer loop
      vertex 0 -42.0755 29.871
      vertex 0.5 -42.1243 29.8185
      vertex 0 -42.1243 29.8185
    endloop
  endfacet
  facet normal 0 0.816271 -0.577669
    outer loop
      vertex 0.5 -42.0755 29.871
      vertex 0 -42.0341 29.9295
      vertex 0.5 -42.0341 29.9295
    endloop
  endfacet
  facet normal 0 0.816271 -0.577669
    outer loop
      vertex 0 -42.0341 29.9295
      vertex 0.5 -42.0755 29.871
      vertex 0 -42.0755 29.871
    endloop
  endfacet
  facet normal 0 0.885751 -0.464161
    outer loop
      vertex 0.5 -42.0341 29.9295
      vertex 0 -42.0003 29.994
      vertex 0.5 -42.0003 29.994
    endloop
  endfacet
  facet normal 0 0.885751 -0.464161
    outer loop
      vertex 0 -42.0003 29.994
      vertex 0.5 -42.0341 29.9295
      vertex 0 -42.0341 29.9295
    endloop
  endfacet
  facet normal 0 0.937091 -0.349086
    outer loop
      vertex 0.5 -42.0003 29.994
      vertex 0 -41.974 30.0646
      vertex 0.5 -41.974 30.0646
    endloop
  endfacet
  facet normal 0 0.937091 -0.349086
    outer loop
      vertex 0 -41.974 30.0646
      vertex 0.5 -42.0003 29.994
      vertex 0 -42.0003 29.994
    endloop
  endfacet
  facet normal 0 0.97125 -0.238064
    outer loop
      vertex 0.5 -41.974 30.0646
      vertex 0 -41.9552 30.1413
      vertex 0.5 -41.9552 30.1413
    endloop
  endfacet
  facet normal 0 0.97125 -0.238064
    outer loop
      vertex 0 -41.9552 30.1413
      vertex 0.5 -41.974 30.0646
      vertex 0 -41.974 30.0646
    endloop
  endfacet
  facet normal 0 0.990816 -0.13522
    outer loop
      vertex 0.5 -41.9552 30.1413
      vertex 0 -41.9439 30.2241
      vertex 0.5 -41.9439 30.2241
    endloop
  endfacet
  facet normal 0 0.990816 -0.13522
    outer loop
      vertex 0 -41.9439 30.2241
      vertex 0.5 -41.9552 30.1413
      vertex 0 -41.9552 30.1413
    endloop
  endfacet
  facet normal 0 0.999133 -0.0416305
    outer loop
      vertex 0.5 -41.9439 30.2241
      vertex 0 -41.9402 30.3129
      vertex 0.5 -41.9402 30.3129
    endloop
  endfacet
  facet normal 0 0.999133 -0.0416305
    outer loop
      vertex 0 -41.9402 30.3129
      vertex 0.5 -41.9439 30.2241
      vertex 0 -41.9439 30.2241
    endloop
  endfacet
  facet normal 0 0.999133 0.0416305
    outer loop
      vertex 0.5 -41.9402 30.3129
      vertex 0 -41.9438 30.3993
      vertex 0.5 -41.9438 30.3993
    endloop
  endfacet
  facet normal 0 0.999133 0.0416305
    outer loop
      vertex 0 -41.9438 30.3993
      vertex 0.5 -41.9402 30.3129
      vertex 0 -41.9402 30.3129
    endloop
  endfacet
  facet normal 0 0.991217 0.132245
    outer loop
      vertex 0.5 -41.9438 30.3993
      vertex 0 -41.9545 30.4795
      vertex 0.5 -41.9545 30.4795
    endloop
  endfacet
  facet normal 0 0.991217 0.132245
    outer loop
      vertex 0 -41.9545 30.4795
      vertex 0.5 -41.9438 30.3993
      vertex 0 -41.9438 30.3993
    endloop
  endfacet
  facet normal 0 0.971741 0.23605
    outer loop
      vertex 0.5 -41.9545 30.4795
      vertex 0 -41.9725 30.5536
      vertex 0.5 -41.9725 30.5536
    endloop
  endfacet
  facet normal 0 0.971741 0.23605
    outer loop
      vertex 0 -41.9725 30.5536
      vertex 0.5 -41.9545 30.4795
      vertex 0 -41.9545 30.4795
    endloop
  endfacet
  facet normal 0 0.937348 0.348395
    outer loop
      vertex 0.5 -41.9725 30.5536
      vertex 0 -41.9977 30.6214
      vertex 0.5 -41.9977 30.6214
    endloop
  endfacet
  facet normal 0 0.937348 0.348395
    outer loop
      vertex 0 -41.9977 30.6214
      vertex 0.5 -41.9725 30.5536
      vertex 0 -41.9725 30.5536
    endloop
  endfacet
  facet normal 0 0.885944 0.463792
    outer loop
      vertex 0.5 -41.9977 30.6214
      vertex 0 -42.03 30.6831
      vertex 0.5 -42.03 30.6831
    endloop
  endfacet
  facet normal 0 0.885944 0.463792
    outer loop
      vertex 0 -42.03 30.6831
      vertex 0.5 -41.9977 30.6214
      vertex 0 -41.9977 30.6214
    endloop
  endfacet
  facet normal 0 0.814724 0.579849
    outer loop
      vertex 0.5 -42.03 30.6831
      vertex 0 -42.0695 30.7386
      vertex 0.5 -42.0695 30.7386
    endloop
  endfacet
  facet normal 0 0.814724 0.579849
    outer loop
      vertex 0 -42.0695 30.7386
      vertex 0.5 -42.03 30.6831
      vertex 0 -42.03 30.6831
    endloop
  endfacet
  facet normal 0 0.725991 0.687704
    outer loop
      vertex 0.5 -42.0695 30.7386
      vertex 0 -42.1162 30.7879
      vertex 0.5 -42.1162 30.7879
    endloop
  endfacet
  facet normal 0 0.725991 0.687704
    outer loop
      vertex 0 -42.1162 30.7879
      vertex 0.5 -42.0695 30.7386
      vertex 0 -42.0695 30.7386
    endloop
  endfacet
  facet normal -0 0.624873 0.780727
    outer loop
      vertex 0 -42.1162 30.7879
      vertex 0.5 -42.1698 30.8308
      vertex 0.5 -42.1162 30.7879
    endloop
  endfacet
  facet normal 0 0.624873 0.780727
    outer loop
      vertex 0.5 -42.1698 30.8308
      vertex 0 -42.1162 30.7879
      vertex 0 -42.1698 30.8308
    endloop
  endfacet
  facet normal -0 0.515749 0.85674
    outer loop
      vertex 0 -42.1698 30.8308
      vertex 0.5 -42.2301 30.8671
      vertex 0.5 -42.1698 30.8308
    endloop
  endfacet
  facet normal 0 0.515749 0.85674
    outer loop
      vertex 0.5 -42.2301 30.8671
      vertex 0 -42.1698 30.8308
      vertex 0 -42.2301 30.8671
    endloop
  endfacet
  facet normal -0 0.405252 0.914205
    outer loop
      vertex 0 -42.2301 30.8671
      vertex 0.5 -42.2971 30.8968
      vertex 0.5 -42.2301 30.8671
    endloop
  endfacet
  facet normal 0 0.405252 0.914205
    outer loop
      vertex 0.5 -42.2971 30.8968
      vertex 0 -42.2301 30.8671
      vertex 0 -42.2971 30.8968
    endloop
  endfacet
  facet normal -0 0.299086 0.954226
    outer loop
      vertex 0 -42.2971 30.8968
      vertex 0.5 -42.3708 30.9199
      vertex 0.5 -42.2971 30.8968
    endloop
  endfacet
  facet normal 0 0.299086 0.954226
    outer loop
      vertex 0.5 -42.3708 30.9199
      vertex 0 -42.2971 30.8968
      vertex 0 -42.3708 30.9199
    endloop
  endfacet
  facet normal -0 0.201274 0.979535
    outer loop
      vertex 0 -42.3708 30.9199
      vertex 0.5 -42.4511 30.9364
      vertex 0.5 -42.3708 30.9199
    endloop
  endfacet
  facet normal 0 0.201274 0.979535
    outer loop
      vertex 0.5 -42.4511 30.9364
      vertex 0 -42.3708 30.9199
      vertex 0 -42.4511 30.9364
    endloop
  endfacet
  facet normal -0 0.112935 0.993602
    outer loop
      vertex 0 -42.4511 30.9364
      vertex 0.5 -42.5382 30.9463
      vertex 0.5 -42.4511 30.9364
    endloop
  endfacet
  facet normal 0 0.112935 0.993602
    outer loop
      vertex 0.5 -42.5382 30.9463
      vertex 0 -42.4511 30.9364
      vertex 0 -42.5382 30.9463
    endloop
  endfacet
  facet normal -0 0.035197 0.99938
    outer loop
      vertex 0 -42.5382 30.9463
      vertex 0.5 -42.6319 30.9496
      vertex 0.5 -42.5382 30.9463
    endloop
  endfacet
  facet normal 0 0.035197 0.99938
    outer loop
      vertex 0.5 -42.6319 30.9496
      vertex 0 -42.5382 30.9463
      vertex 0 -42.6319 30.9496
    endloop
  endfacet
  facet normal -0 0 1
    outer loop
      vertex 0 -42.6319 30.9496
      vertex 0.5 -44.3774 30.9496
      vertex 0.5 -42.6319 30.9496
    endloop
  endfacet
  facet normal 0 0 1
    outer loop
      vertex 0.5 -44.3774 30.9496
      vertex 0 -42.6319 30.9496
      vertex 0 -44.3774 30.9496
    endloop
  endfacet
  facet normal 0 1 -0
    outer loop
      vertex 0.5 -44.3774 30.9496
      vertex 0 -44.3774 31.5498
      vertex 0.5 -44.3774 31.5498
    endloop
  endfacet
  facet normal 0 1 0
    outer loop
      vertex 0 -44.3774 31.5498
      vertex 0.5 -44.3774 30.9496
      vertex 0 -44.3774 30.9496
    endloop
  endfacet
  facet normal 0 0 -1
    outer loop
      vertex 0 -44.3774 31.5498
      vertex 0.5 -42.5851 31.5498
      vertex 0.5 -44.3774 31.5498
    endloop
  endfacet
  facet normal -0 0 -1
    outer loop
      vertex 0.5 -42.5851 31.5498
      vertex 0 -44.3774 31.5498
      vertex 0 -42.5851 31.5498
    endloop
  endfacet
  facet normal 0 -0.0430866 -0.999071
    outer loop
      vertex 0 -42.5851 31.5498
      vertex 0.5 -42.4367 31.5434
      vertex 0.5 -42.5851 31.5498
    endloop
  endfacet
  facet normal -0 -0.0430866 -0.999071
    outer loop
      vertex 0.5 -42.4367 31.5434
      vertex 0 -42.5851 31.5498
      vertex 0 -42.4367 31.5434
    endloop
  endfacet
  facet normal 0 -0.13831 -0.990389
    outer loop
      vertex 0 -42.4367 31.5434
      vertex 0.5 -42.2985 31.5241
      vertex 0.5 -42.4367 31.5434
    endloop
  endfacet
  facet normal -0 -0.13831 -0.990389
    outer loop
      vertex 0.5 -42.2985 31.5241
      vertex 0 -42.4367 31.5434
      vertex 0 -42.2985 31.5241
    endloop
  endfacet
  facet normal 0 -0.242892 -0.970053
    outer loop
      vertex 0 -42.2985 31.5241
      vertex 0.5 -42.1703 31.492
      vertex 0.5 -42.2985 31.5241
    endloop
  endfacet
  facet normal -0 -0.242892 -0.970053
    outer loop
      vertex 0.5 -42.1703 31.492
      vertex 0 -42.2985 31.5241
      vertex 0 -42.1703 31.492
    endloop
  endfacet
  facet normal 0 -0.355633 -0.934626
    outer loop
      vertex 0 -42.1703 31.492
      vertex 0.5 -42.0523 31.4471
      vertex 0.5 -42.1703 31.492
    endloop
  endfacet
  facet normal -0 -0.355633 -0.934626
    outer loop
      vertex 0.5 -42.0523 31.4471
      vertex 0 -42.1703 31.492
      vertex 0 -42.0523 31.4471
    endloop
  endfacet
  facet normal 0 -0.471904 -0.88165
    outer loop
      vertex 0 -42.0523 31.4471
      vertex 0.5 -41.9445 31.3894
      vertex 0.5 -42.0523 31.4471
    endloop
  endfacet
  facet normal -0 -0.471904 -0.88165
    outer loop
      vertex 0.5 -41.9445 31.3894
      vertex 0 -42.0523 31.4471
      vertex 0 -41.9445 31.3894
    endloop
  endfacet
  facet normal 0 -0.584763 -0.811204
    outer loop
      vertex 0 -41.9445 31.3894
      vertex 0.5 -41.8467 31.3189
      vertex 0.5 -41.9445 31.3894
    endloop
  endfacet
  facet normal -0 -0.584763 -0.811204
    outer loop
      vertex 0.5 -41.8467 31.3189
      vertex 0 -41.9445 31.3894
      vertex 0 -41.8467 31.3189
    endloop
  endfacet
  facet normal 0 -0.689531 -0.724256
    outer loop
      vertex 0 -41.8467 31.3189
      vertex 0.5 -41.7591 31.2355
      vertex 0.5 -41.8467 31.3189
    endloop
  endfacet
  facet normal -0 -0.689531 -0.724256
    outer loop
      vertex 0.5 -41.7591 31.2355
      vertex 0 -41.8467 31.3189
      vertex 0 -41.7591 31.2355
    endloop
  endfacet
  facet normal 0 -0.780071 -0.625691
    outer loop
      vertex 0 -41.6825 31.14
      vertex 0.5 -41.7591 31.2355
      vertex 0 -41.7591 31.2355
    endloop
  endfacet
  facet normal 0 -0.780071 -0.625691
    outer loop
      vertex 0.5 -41.7591 31.2355
      vertex 0 -41.6825 31.14
      vertex 0.5 -41.6825 31.14
    endloop
  endfacet
  facet normal 0 -0.854585 -0.519312
    outer loop
      vertex 0 -41.6176 31.0332
      vertex 0.5 -41.6825 31.14
      vertex 0 -41.6825 31.14
    endloop
  endfacet
  facet normal 0 -0.854585 -0.519312
    outer loop
      vertex 0.5 -41.6825 31.14
      vertex 0 -41.6176 31.0332
      vertex 0.5 -41.6176 31.0332
    endloop
  endfacet
  facet normal 0 -0.91234 -0.409433
    outer loop
      vertex 0 -41.5646 30.9151
      vertex 0.5 -41.6176 31.0332
      vertex 0 -41.6176 31.0332
    endloop
  endfacet
  facet normal 0 -0.91234 -0.409433
    outer loop
      vertex 0.5 -41.6176 31.0332
      vertex 0 -41.5646 30.9151
      vertex 0.5 -41.5646 30.9151
    endloop
  endfacet
  facet normal 0 -0.952723 -0.303841
    outer loop
      vertex 0 -41.5233 30.7856
      vertex 0.5 -41.5646 30.9151
      vertex 0 -41.5646 30.9151
    endloop
  endfacet
  facet normal 0 -0.952723 -0.303841
    outer loop
      vertex 0.5 -41.5646 30.9151
      vertex 0 -41.5233 30.7856
      vertex 0.5 -41.5233 30.7856
    endloop
  endfacet
  facet normal 0 -0.978888 -0.204398
    outer loop
      vertex 0 -41.4939 30.6448
      vertex 0.5 -41.5233 30.7856
      vertex 0 -41.5233 30.7856
    endloop
  endfacet
  facet normal 0 -0.978888 -0.204398
    outer loop
      vertex 0.5 -41.5233 30.7856
      vertex 0 -41.4939 30.6448
      vertex 0.5 -41.4939 30.6448
    endloop
  endfacet
  facet normal 0 -0.993306 -0.115516
    outer loop
      vertex 0 -41.4762 30.4926
      vertex 0.5 -41.4939 30.6448
      vertex 0 -41.4939 30.6448
    endloop
  endfacet
  facet normal 0 -0.993306 -0.115516
    outer loop
      vertex 0.5 -41.4939 30.6448
      vertex 0 -41.4762 30.4926
      vertex 0.5 -41.4762 30.4926
    endloop
  endfacet
  facet normal 0 -0.999349 -0.0360842
    outer loop
      vertex 0 -41.4703 30.3292
      vertex 0.5 -41.4762 30.4926
      vertex 0 -41.4762 30.4926
    endloop
  endfacet
  facet normal 0 -0.999349 -0.0360842
    outer loop
      vertex 0.5 -41.4762 30.4926
      vertex 0 -41.4703 30.3292
      vertex 0.5 -41.4703 30.3292
    endloop
  endfacet
  facet normal 0 -0.999348 0.0361139
    outer loop
      vertex 0 -41.4764 30.1604
      vertex 0.5 -41.4703 30.3292
      vertex 0 -41.4703 30.3292
    endloop
  endfacet
  facet normal 0 -0.999348 0.0361139
    outer loop
      vertex 0.5 -41.4703 30.3292
      vertex 0 -41.4764 30.1604
      vertex 0.5 -41.4764 30.1604
    endloop
  endfacet
  facet normal 0 -1 0
    outer loop
      vertex 0 -42.2433 26.8108
      vertex 0.5 -42.2433 27.9033
      vertex 0 -42.2433 27.9033
    endloop
  endfacet
  facet normal 0 -1 -0
    outer loop
      vertex 0.5 -42.2433 27.9033
      vertex 0 -42.2433 26.8108
      vertex 0.5 -42.2433 26.8108
    endloop
  endfacet
  facet normal 0 -0.328005 -0.944676
    outer loop
      vertex 0 -42.2433 26.8108
      vertex 0.5 -41.5109 26.5565
      vertex 0.5 -42.2433 26.8108
    endloop
  endfacet
  facet normal -0 -0.328005 -0.944676
    outer loop
      vertex 0.5 -41.5109 26.5565
      vertex 0 -42.2433 26.8108
      vertex 0 -41.5109 26.5565
    endloop
  endfacet
  facet normal 0 -1 0
    outer loop
      vertex 0 -41.5109 25.9625
      vertex 0.5 -41.5109 26.5565
      vertex 0 -41.5109 26.5565
    endloop
  endfacet
  facet normal 0 -1 -0
    outer loop
      vertex 0.5 -41.5109 26.5565
      vertex 0 -41.5109 25.9625
      vertex 0.5 -41.5109 25.9625
    endloop
  endfacet
  facet normal -0 0.341522 0.939874
    outer loop
      vertex 0 -41.5109 25.9625
      vertex 0.5 -44.3774 27.0041
      vertex 0.5 -41.5109 25.9625
    endloop
  endfacet
  facet normal 0 0.341522 0.939874
    outer loop
      vertex 0.5 -44.3774 27.0041
      vertex 0 -41.5109 25.9625
      vertex 0 -44.3774 27.0041
    endloop
  endfacet
  facet normal 0 1 -0
    outer loop
      vertex 0.5 -44.3774 27.0041
      vertex 0 -44.3774 27.7121
      vertex 0.5 -44.3774 27.7121
    endloop
  endfacet
  facet normal 0 1 0
    outer loop
      vertex 0 -44.3774 27.7121
      vertex 0.5 -44.3774 27.0041
      vertex 0 -44.3774 27.0041
    endloop
  endfacet
  facet normal 0 0.342709 -0.939442
    outer loop
      vertex 0 -44.3774 27.7121
      vertex 0.5 -41.5109 28.7578
      vertex 0.5 -44.3774 27.7121
    endloop
  endfacet
  facet normal 0 0.342709 -0.939442
    outer loop
      vertex 0.5 -41.5109 28.7578
      vertex 0 -44.3774 27.7121
      vertex 0 -41.5109 28.7578
    endloop
  endfacet
  facet normal 0 -1 0
    outer loop
      vertex 0 -41.5109 28.1576
      vertex 0.5 -41.5109 28.7578
      vertex 0 -41.5109 28.7578
    endloop
  endfacet
  facet normal 0 -1 -0
    outer loop
      vertex 0.5 -41.5109 28.7578
      vertex 0 -41.5109 28.1576
      vertex 0.5 -41.5109 28.1576
    endloop
  endfacet
  facet normal 0 -0.328005 0.944676
    outer loop
      vertex 0 -41.5109 28.1576
      vertex 0.5 -42.2433 27.9033
      vertex 0.5 -41.5109 28.1576
    endloop
  endfacet
  facet normal 0 -0.328005 0.944676
    outer loop
      vertex 0.5 -42.2433 27.9033
      vertex 0 -41.5109 28.1576
      vertex 0 -42.2433 27.9033
    endloop
  endfacet
  facet normal 0 -0.324837 0.94577
    outer loop
      vertex 0 -42.695 27.7691
      vertex 0.5 -42.9451 27.6832
      vertex 0.5 -42.695 27.7691
    endloop
  endfacet
  facet normal 0 -0.324837 0.94577
    outer loop
      vertex 0.5 -42.9451 27.6832
      vertex 0 -42.695 27.7691
      vertex 0 -42.9451 27.6832
    endloop
  endfacet
  facet normal 0 -0.323977 0.946065
    outer loop
      vertex 0 -42.9451 27.6832
      vertex 0.5 -43.1609 27.6093
      vertex 0.5 -42.9451 27.6832
    endloop
  endfacet
  facet normal 0 -0.323977 0.946065
    outer loop
      vertex 0.5 -43.1609 27.6093
      vertex 0 -42.9451 27.6832
      vertex 0 -43.1609 27.6093
    endloop
  endfacet
  facet normal 0 -0.323258 0.946311
    outer loop
      vertex 0 -43.1609 27.6093
      vertex 0.5 -43.3424 27.5473
      vertex 0.5 -43.1609 27.6093
    endloop
  endfacet
  facet normal 0 -0.323258 0.946311
    outer loop
      vertex 0.5 -43.3424 27.5473
      vertex 0 -43.1609 27.6093
      vertex 0 -43.3424 27.5473
    endloop
  endfacet
  facet normal 0 -0.322018 0.946733
    outer loop
      vertex 0 -43.3424 27.5473
      vertex 0.5 -43.4894 27.4973
      vertex 0.5 -43.3424 27.5473
    endloop
  endfacet
  facet normal 0 -0.322018 0.946733
    outer loop
      vertex 0.5 -43.4894 27.4973
      vertex 0 -43.3424 27.5473
      vertex 0 -43.4894 27.4973
    endloop
  endfacet
  facet normal 0 -0.319505 0.947585
    outer loop
      vertex 0 -43.4894 27.4973
      vertex 0.5 -43.6021 27.4593
      vertex 0.5 -43.4894 27.4973
    endloop
  endfacet
  facet normal 0 -0.319505 0.947585
    outer loop
      vertex 0.5 -43.6021 27.4593
      vertex 0 -43.4894 27.4973
      vertex 0 -43.6021 27.4593
    endloop
  endfacet
  facet normal 0 -0.316228 0.948683
    outer loop
      vertex 0 -43.6021 27.4593
      vertex 0.5 -43.6804 27.4332
      vertex 0.5 -43.6021 27.4593
    endloop
  endfacet
  facet normal 0 -0.316228 0.948683
    outer loop
      vertex 0.5 -43.6804 27.4332
      vertex 0 -43.6021 27.4593
      vertex 0 -43.6804 27.4332
    endloop
  endfacet
  facet normal 0 -0.305799 0.952096
    outer loop
      vertex 0 -43.6804 27.4332
      vertex 0.5 -43.7243 27.4191
      vertex 0.5 -43.6804 27.4332
    endloop
  endfacet
  facet normal 0 -0.305799 0.952096
    outer loop
      vertex 0.5 -43.7243 27.4191
      vertex 0 -43.6804 27.4332
      vertex 0 -43.7243 27.4191
    endloop
  endfacet
  facet normal 0 -0.286682 0.958026
    outer loop
      vertex 0 -43.7243 27.4191
      vertex 0.5 -43.7507 27.4112
      vertex 0.5 -43.7243 27.4191
    endloop
  endfacet
  facet normal 0 -0.286682 0.958026
    outer loop
      vertex 0.5 -43.7507 27.4112
      vertex 0 -43.7243 27.4191
      vertex 0 -43.7507 27.4112
    endloop
  endfacet
  facet normal 0 -0.290112 0.956993
    outer loop
      vertex 0 -43.7507 27.4112
      vertex 0.5 -43.7761 27.4035
      vertex 0.5 -43.7507 27.4112
    endloop
  endfacet
  facet normal 0 -0.290112 0.956993
    outer loop
      vertex 0.5 -43.7761 27.4035
      vertex 0 -43.7507 27.4112
      vertex 0 -43.7761 27.4035
    endloop
  endfacet
  facet normal 0 -0.283427 0.958994
    outer loop
      vertex 0 -43.7761 27.4035
      vertex 0.5 -43.8008 27.3962
      vertex 0.5 -43.7761 27.4035
    endloop
  endfacet
  facet normal 0 -0.283427 0.958994
    outer loop
      vertex 0.5 -43.8008 27.3962
      vertex 0 -43.7761 27.4035
      vertex 0 -43.8008 27.3962
    endloop
  endfacet
  facet normal 0 -0.282166 0.959366
    outer loop
      vertex 0 -43.8008 27.3962
      vertex 0.5 -43.8246 27.3892
      vertex 0.5 -43.8008 27.3962
    endloop
  endfacet
  facet normal 0 -0.282166 0.959366
    outer loop
      vertex 0.5 -43.8246 27.3892
      vertex 0 -43.8008 27.3962
      vertex 0 -43.8246 27.3892
    endloop
  endfacet
  facet normal 0 -0.275825 0.961208
    outer loop
      vertex 0 -43.8246 27.3892
      vertex 0.5 -43.8476 27.3826
      vertex 0.5 -43.8246 27.3892
    endloop
  endfacet
  facet normal 0 -0.275825 0.961208
    outer loop
      vertex 0.5 -43.8476 27.3826
      vertex 0 -43.8246 27.3892
      vertex 0 -43.8476 27.3826
    endloop
  endfacet
  facet normal 0 -0.273004 0.962013
    outer loop
      vertex 0 -43.8476 27.3826
      vertex 0.5 -43.8698 27.3763
      vertex 0.5 -43.8476 27.3826
    endloop
  endfacet
  facet normal 0 -0.273004 0.962013
    outer loop
      vertex 0.5 -43.8698 27.3763
      vertex 0 -43.8476 27.3826
      vertex 0 -43.8698 27.3763
    endloop
  endfacet
  facet normal 0 -0.269964 0.962871
    outer loop
      vertex 0 -43.8698 27.3763
      vertex 0.5 -43.8912 27.3703
      vertex 0.5 -43.8698 27.3763
    endloop
  endfacet
  facet normal 0 -0.269964 0.962871
    outer loop
      vertex 0.5 -43.8912 27.3703
      vertex 0 -43.8698 27.3763
      vertex 0 -43.8912 27.3703
    endloop
  endfacet
  facet normal 0 -0.2633 0.964714
    outer loop
      vertex 0 -43.8912 27.3703
      vertex 0.5 -43.9359 27.3581
      vertex 0.5 -43.8912 27.3703
    endloop
  endfacet
  facet normal 0 -0.2633 0.964714
    outer loop
      vertex 0.5 -43.9359 27.3581
      vertex 0 -43.8912 27.3703
      vertex 0 -43.9359 27.3581
    endloop
  endfacet
  facet normal 0 -0.290972 -0.956732
    outer loop
      vertex 0 -43.9359 27.3581
      vertex 0.5 -43.7955 27.3154
      vertex 0.5 -43.9359 27.3581
    endloop
  endfacet
  facet normal -0 -0.290972 -0.956732
    outer loop
      vertex 0.5 -43.7955 27.3154
      vertex 0 -43.9359 27.3581
      vertex 0 -43.7955 27.3154
    endloop
  endfacet
  facet normal 0 -0.30161 -0.953431
    outer loop
      vertex 0 -43.7955 27.3154
      vertex 0.5 -43.5189 27.2279
      vertex 0.5 -43.7955 27.3154
    endloop
  endfacet
  facet normal -0 -0.30161 -0.953431
    outer loop
      vertex 0.5 -43.5189 27.2279
      vertex 0 -43.7955 27.3154
      vertex 0 -43.5189 27.2279
    endloop
  endfacet
  facet normal 0 -0.324653 -0.945833
    outer loop
      vertex 0 -43.5189 27.2279
      vertex 0.5 -42.695 26.9451
      vertex 0.5 -43.5189 27.2279
    endloop
  endfacet
  facet normal -0 -0.324653 -0.945833
    outer loop
      vertex 0.5 -42.695 26.9451
      vertex 0 -43.5189 27.2279
      vertex 0 -42.695 26.9451
    endloop
  endfacet
  facet normal 0 1 -0
    outer loop
      vertex 0.5 -42.695 26.9451
      vertex 0 -42.695 27.7691
      vertex 0.5 -42.695 27.7691
    endloop
  endfacet
  facet normal 0 1 0
    outer loop
      vertex 0 -42.695 27.7691
      vertex 0.5 -42.695 26.9451
      vertex 0 -42.695 26.9451
    endloop
  endfacet
  facet normal 0 -1 0
    outer loop
      vertex 0 -42.5993 24.3403
      vertex 0.5 -42.5993 25.0441
      vertex 0 -42.5993 25.0441
    endloop
  endfacet
  facet normal 0 -1 -0
    outer loop
      vertex 0.5 -42.5993 25.0441
      vertex 0 -42.5993 24.3403
      vertex 0.5 -42.5993 24.3403
    endloop
  endfacet
  facet normal 0 -0.521545 -0.853224
    outer loop
      vertex 0 -42.5993 24.3403
      vertex 0.5 -41.5109 23.675
      vertex 0.5 -42.5993 24.3403
    endloop
  endfacet
  facet normal -0 -0.521545 -0.853224
    outer loop
      vertex 0.5 -41.5109 23.675
      vertex 0 -42.5993 24.3403
      vertex 0 -41.5109 23.675
    endloop
  endfacet
  facet normal 0 -1 0
    outer loop
      vertex 0 -41.5109 22.9996
      vertex 0.5 -41.5109 23.675
      vertex 0 -41.5109 23.675
    endloop
  endfacet
  facet normal 0 -1 -0
    outer loop
      vertex 0.5 -41.5109 23.675
      vertex 0 -41.5109 22.9996
      vertex 0.5 -41.5109 22.9996
    endloop
  endfacet
  facet normal -0 0.541174 0.840911
    outer loop
      vertex 0 -41.5109 22.9996
      vertex 0.5 -42.7153 23.7747
      vertex 0.5 -41.5109 22.9996
    endloop
  endfacet
  facet normal 0 0.541174 0.840911
    outer loop
      vertex 0.5 -42.7153 23.7747
      vertex 0 -41.5109 22.9996
      vertex 0 -42.7153 23.7747
    endloop
  endfacet
  facet normal 0 -0.96233 0.271885
    outer loop
      vertex 0 -42.7381 23.694
      vertex 0.5 -42.7153 23.7747
      vertex 0 -42.7153 23.7747
    endloop
  endfacet
  facet normal 0 -0.96233 0.271885
    outer loop
      vertex 0.5 -42.7153 23.7747
      vertex 0 -42.7381 23.694
      vertex 0.5 -42.7381 23.694
    endloop
  endfacet
  facet normal 0 -0.934233 0.356662
    outer loop
      vertex 0 -42.767 23.6183
      vertex 0.5 -42.7381 23.694
      vertex 0 -42.7381 23.694
    endloop
  endfacet
  facet normal 0 -0.934233 0.356662
    outer loop
      vertex 0.5 -42.7381 23.694
      vertex 0 -42.767 23.6183
      vertex 0.5 -42.767 23.6183
    endloop
  endfacet
  facet normal 0 -0.896692 0.442655
    outer loop
      vertex 0 -42.802 23.5474
      vertex 0.5 -42.767 23.6183
      vertex 0 -42.767 23.6183
    endloop
  endfacet
  facet normal 0 -0.896692 0.442655
    outer loop
      vertex 0.5 -42.767 23.6183
      vertex 0 -42.802 23.5474
      vertex 0.5 -42.802 23.5474
    endloop
  endfacet
  facet normal 0 -0.848287 0.529537
    outer loop
      vertex 0 -42.8432 23.4814
      vertex 0.5 -42.802 23.5474
      vertex 0 -42.802 23.5474
    endloop
  endfacet
  facet normal 0 -0.848287 0.529537
    outer loop
      vertex 0.5 -42.802 23.5474
      vertex 0 -42.8432 23.4814
      vertex 0.5 -42.8432 23.4814
    endloop
  endfacet
  facet normal 0 -0.79137 0.611337
    outer loop
      vertex 0 -42.8904 23.4203
      vertex 0.5 -42.8432 23.4814
      vertex 0 -42.8432 23.4814
    endloop
  endfacet
  facet normal 0 -0.79137 0.611337
    outer loop
      vertex 0.5 -42.8432 23.4814
      vertex 0 -42.8904 23.4203
      vertex 0.5 -42.8904 23.4203
    endloop
  endfacet
  facet normal 0 -0.724967 0.688783
    outer loop
      vertex 0 -42.9437 23.3642
      vertex 0.5 -42.8904 23.4203
      vertex 0 -42.8904 23.4203
    endloop
  endfacet
  facet normal 0 -0.724967 0.688783
    outer loop
      vertex 0.5 -42.8904 23.4203
      vertex 0 -42.9437 23.3642
      vertex 0.5 -42.9437 23.3642
    endloop
  endfacet
  facet normal 0 -0.65362 0.756823
    outer loop
      vertex 0 -42.9437 23.3642
      vertex 0.5 -43.0031 23.3129
      vertex 0.5 -42.9437 23.3642
    endloop
  endfacet
  facet normal 0 -0.65362 0.756823
    outer loop
      vertex 0.5 -43.0031 23.3129
      vertex 0 -42.9437 23.3642
      vertex 0 -43.0031 23.3129
    endloop
  endfacet
  facet normal 0 -0.576533 0.817074
    outer loop
      vertex 0 -43.0031 23.3129
      vertex 0.5 -43.0673 23.2676
      vertex 0.5 -43.0031 23.3129
    endloop
  endfacet
  facet normal 0 -0.576533 0.817074
    outer loop
      vertex 0.5 -43.0673 23.2676
      vertex 0 -43.0031 23.3129
      vertex 0 -43.0673 23.2676
    endloop
  endfacet
  facet normal 0 -0.494474 0.869192
    outer loop
      vertex 0 -43.0673 23.2676
      vertex 0.5 -43.1348 23.2292
      vertex 0.5 -43.0673 23.2676
    endloop
  endfacet
  facet normal 0 -0.494474 0.869192
    outer loop
      vertex 0.5 -43.1348 23.2292
      vertex 0 -43.0673 23.2676
      vertex 0 -43.1348 23.2292
    endloop
  endfacet
  facet normal 0 -0.404942 0.914343
    outer loop
      vertex 0 -43.1348 23.2292
      vertex 0.5 -43.2057 23.1978
      vertex 0.5 -43.1348 23.2292
    endloop
  endfacet
  facet normal 0 -0.404942 0.914343
    outer loop
      vertex 0.5 -43.2057 23.1978
      vertex 0 -43.1348 23.2292
      vertex 0 -43.2057 23.1978
    endloop
  endfacet
  facet normal 0 -0.312005 0.95008
    outer loop
      vertex 0 -43.2057 23.1978
      vertex 0.5 -43.28 23.1734
      vertex 0.5 -43.2057 23.1978
    endloop
  endfacet
  facet normal 0 -0.312005 0.95008
    outer loop
      vertex 0.5 -43.28 23.1734
      vertex 0 -43.2057 23.1978
      vertex 0 -43.28 23.1734
    endloop
  endfacet
  facet normal 0 -0.219991 0.975502
    outer loop
      vertex 0 -43.28 23.1734
      vertex 0.5 -43.3576 23.1559
      vertex 0.5 -43.28 23.1734
    endloop
  endfacet
  facet normal 0 -0.219991 0.975502
    outer loop
      vertex 0.5 -43.3576 23.1559
      vertex 0 -43.28 23.1734
      vertex 0 -43.3576 23.1559
    endloop
  endfacet
  facet normal 0 -0.12735 0.991858
    outer loop
      vertex 0 -43.3576 23.1559
      vertex 0.5 -43.4386 23.1455
      vertex 0.5 -43.3576 23.1559
    endloop
  endfacet
  facet normal 0 -0.12735 0.991858
    outer loop
      vertex 0.5 -43.4386 23.1455
      vertex 0 -43.3576 23.1559
      vertex 0 -43.4386 23.1455
    endloop
  endfacet
  facet normal 0 -0.0414826 0.999139
    outer loop
      vertex 0 -43.4386 23.1455
      vertex 0.5 -43.5229 23.142
      vertex 0.5 -43.4386 23.1455
    endloop
  endfacet
  facet normal 0 -0.0414826 0.999139
    outer loop
      vertex 0.5 -43.5229 23.142
      vertex 0 -43.4386 23.1455
      vertex 0 -43.5229 23.142
    endloop
  endfacet
  facet normal -0 0.049894 0.998755
    outer loop
      vertex 0 -43.5229 23.142
      vertex 0.5 -43.637 23.1477
      vertex 0.5 -43.5229 23.142
    endloop
  endfacet
  facet normal 0 0.049894 0.998755
    outer loop
      vertex 0.5 -43.637 23.1477
      vertex 0 -43.5229 23.142
      vertex 0 -43.637 23.1477
    endloop
  endfacet
  facet normal -0 0.158063 0.987429
    outer loop
      vertex 0 -43.637 23.1477
      vertex 0.5 -43.7432 23.1647
      vertex 0.5 -43.637 23.1477
    endloop
  endfacet
  facet normal 0 0.158063 0.987429
    outer loop
      vertex 0.5 -43.7432 23.1647
      vertex 0 -43.637 23.1477
      vertex 0 -43.7432 23.1647
    endloop
  endfacet
  facet normal -0 0.2782 0.960523
    outer loop
      vertex 0 -43.7432 23.1647
      vertex 0.5 -43.8416 23.1932
      vertex 0.5 -43.7432 23.1647
    endloop
  endfacet
  facet normal 0 0.2782 0.960523
    outer loop
      vertex 0.5 -43.8416 23.1932
      vertex 0 -43.7432 23.1647
      vertex 0 -43.8416 23.1932
    endloop
  endfacet
  facet normal -0 0.402569 0.91539
    outer loop
      vertex 0 -43.8416 23.1932
      vertex 0.5 -43.9321 23.233
      vertex 0.5 -43.8416 23.1932
    endloop
  endfacet
  facet normal 0 0.402569 0.91539
    outer loop
      vertex 0.5 -43.9321 23.233
      vertex 0 -43.8416 23.1932
      vertex 0 -43.9321 23.233
    endloop
  endfacet
  facet normal -0 0.52639 0.850243
    outer loop
      vertex 0 -43.9321 23.233
      vertex 0.5 -44.0148 23.2842
      vertex 0.5 -43.9321 23.233
    endloop
  endfacet
  facet normal 0 0.52639 0.850243
    outer loop
      vertex 0.5 -44.0148 23.2842
      vertex 0 -43.9321 23.233
      vertex 0 -44.0148 23.2842
    endloop
  endfacet
  facet normal -0 0.641796 0.766875
    outer loop
      vertex 0 -44.0148 23.2842
      vertex 0.5 -44.0896 23.3468
      vertex 0.5 -44.0148 23.2842
    endloop
  endfacet
  facet normal 0 0.641796 0.766875
    outer loop
      vertex 0.5 -44.0896 23.3468
      vertex 0 -44.0148 23.2842
      vertex 0 -44.0896 23.3468
    endloop
  endfacet
  facet normal 0 0.740847 0.671674
    outer loop
      vertex 0.5 -44.0896 23.3468
      vertex 0 -44.1566 23.4207
      vertex 0.5 -44.1566 23.4207
    endloop
  endfacet
  facet normal 0 0.740847 0.671674
    outer loop
      vertex 0 -44.1566 23.4207
      vertex 0.5 -44.0896 23.3468
      vertex 0 -44.0896 23.3468
    endloop
  endfacet
  facet normal 0 0.821421 0.570323
    outer loop
      vertex 0.5 -44.1566 23.4207
      vertex 0 -44.2152 23.5051
      vertex 0.5 -44.2152 23.5051
    endloop
  endfacet
  facet normal 0 0.821421 0.570323
    outer loop
      vertex 0 -44.2152 23.5051
      vertex 0.5 -44.1566 23.4207
      vertex 0 -44.1566 23.4207
    endloop
  endfacet
  facet normal 0 0.884816 0.46594
    outer loop
      vertex 0.5 -44.2152 23.5051
      vertex 0 -44.2647 23.5991
      vertex 0.5 -44.2647 23.5991
    endloop
  endfacet
  facet normal 0 0.884816 0.46594
    outer loop
      vertex 0 -44.2647 23.5991
      vertex 0.5 -44.2152 23.5051
      vertex 0 -44.2152 23.5051
    endloop
  endfacet
  facet normal 0 0.930937 0.365179
    outer loop
      vertex 0.5 -44.2647 23.5991
      vertex 0 -44.3053 23.7026
      vertex 0.5 -44.3053 23.7026
    endloop
  endfacet
  facet normal 0 0.930937 0.365179
    outer loop
      vertex 0 -44.3053 23.7026
      vertex 0.5 -44.2647 23.5991
      vertex 0 -44.2647 23.5991
    endloop
  endfacet
  facet normal 0 0.963273 0.268523
    outer loop
      vertex 0.5 -44.3053 23.7026
      vertex 0 -44.3368 23.8156
      vertex 0.5 -44.3368 23.8156
    endloop
  endfacet
  facet normal 0 0.963273 0.268523
    outer loop
      vertex 0 -44.3368 23.8156
      vertex 0.5 -44.3053 23.7026
      vertex 0 -44.3053 23.7026
    endloop
  endfacet
  facet normal 0 0.983573 0.180509
    outer loop
      vertex 0.5 -44.3368 23.8156
      vertex 0 -44.3593 23.9382
      vertex 0.5 -44.3593 23.9382
    endloop
  endfacet
  facet normal 0 0.983573 0.180509
    outer loop
      vertex 0 -44.3593 23.9382
      vertex 0.5 -44.3368 23.8156
      vertex 0 -44.3368 23.8156
    endloop
  endfacet
  facet normal 0 0.99475 0.102334
    outer loop
      vertex 0.5 -44.3593 23.9382
      vertex 0 -44.3729 24.0704
      vertex 0.5 -44.3729 24.0704
    endloop
  endfacet
  facet normal 0 0.99475 0.102334
    outer loop
      vertex 0 -44.3729 24.0704
      vertex 0.5 -44.3593 23.9382
      vertex 0 -44.3593 23.9382
    endloop
  endfacet
  facet normal 0 0.999496 0.0317412
    outer loop
      vertex 0.5 -44.3729 24.0704
      vertex 0 -44.3774 24.2121
      vertex 0.5 -44.3774 24.2121
    endloop
  endfacet
  facet normal 0 0.999496 0.0317412
    outer loop
      vertex 0 -44.3774 24.2121
      vertex 0.5 -44.3729 24.0704
      vertex 0 -44.3729 24.0704
    endloop
  endfacet
  facet normal 0 1 -0
    outer loop
      vertex 0.5 -44.3774 24.2121
      vertex 0 -44.3774 25.6443
      vertex 0.5 -44.3774 25.6443
    endloop
  endfacet
  facet normal 0 1 0
    outer loop
      vertex 0 -44.3774 25.6443
      vertex 0.5 -44.3774 24.2121
      vertex 0 -44.3774 24.2121
    endloop
  endfacet
  facet normal 0 0 -1
    outer loop
      vertex 0 -44.3774 25.6443
      vertex 0.5 -41.5109 25.6443
      vertex 0.5 -44.3774 25.6443
    endloop
  endfacet
  facet normal -0 0 -1
    outer loop
      vertex 0.5 -41.5109 25.6443
      vertex 0 -44.3774 25.6443
      vertex 0 -41.5109 25.6443
    endloop
  endfacet
  facet normal 0 -1 0
    outer loop
      vertex 0 -41.5109 25.0441
      vertex 0.5 -41.5109 25.6443
      vertex 0 -41.5109 25.6443
    endloop
  endfacet
  facet normal 0 -1 -0
    outer loop
      vertex 0.5 -41.5109 25.6443
      vertex 0 -41.5109 25.0441
      vertex 0.5 -41.5109 25.0441
    endloop
  endfacet
  facet normal -0 0 1
    outer loop
      vertex 0 -41.5109 25.0441
      vertex 0.5 -42.5993 25.0441
      vertex 0.5 -41.5109 25.0441
    endloop
  endfacet
  facet normal 0 0 1
    outer loop
      vertex 0.5 -42.5993 25.0441
      vertex 0 -41.5109 25.0441
      vertex 0 -42.5993 25.0441
    endloop
  endfacet
  facet normal -0 0 1
    outer loop
      vertex 0 -43.0652 25.0441
      vertex 0.5 -43.9115 25.0441
      vertex 0.5 -43.0652 25.0441
    endloop
  endfacet
  facet normal 0 0 1
    outer loop
      vertex 0.5 -43.9115 25.0441
      vertex 0 -43.0652 25.0441
      vertex 0 -43.9115 25.0441
    endloop
  endfacet
  facet normal 0 -1 0
    outer loop
      vertex 0 -43.9115 24.2752
      vertex 0.5 -43.9115 25.0441
      vertex 0 -43.9115 25.0441
    endloop
  endfacet
  facet normal 0 -1 -0
    outer loop
      vertex 0.5 -43.9115 25.0441
      vertex 0 -43.9115 24.2752
      vertex 0.5 -43.9115 24.2752
    endloop
  endfacet
  facet normal 0 -0.998215 -0.0597223
    outer loop
      vertex 0 -43.9031 24.1348
      vertex 0.5 -43.9115 24.2752
      vertex 0 -43.9115 24.2752
    endloop
  endfacet
  facet normal 0 -0.998215 -0.0597223
    outer loop
      vertex 0.5 -43.9115 24.2752
      vertex 0 -43.9031 24.1348
      vertex 0.5 -43.9031 24.1348
    endloop
  endfacet
  facet normal 0 -0.978031 -0.20846
    outer loop
      vertex 0 -43.8778 24.0161
      vertex 0.5 -43.9031 24.1348
      vertex 0 -43.9031 24.1348
    endloop
  endfacet
  facet normal 0 -0.978031 -0.20846
    outer loop
      vertex 0.5 -43.9031 24.1348
      vertex 0 -43.8778 24.0161
      vertex 0.5 -43.8778 24.0161
    endloop
  endfacet
  facet normal 0 -0.91728 -0.398243
    outer loop
      vertex 0 -43.8356 23.9189
      vertex 0.5 -43.8778 24.0161
      vertex 0 -43.8778 24.0161
    endloop
  endfacet
  facet normal 0 -0.91728 -0.398243
    outer loop
      vertex 0.5 -43.8778 24.0161
      vertex 0 -43.8356 23.9189
      vertex 0.5 -43.8356 23.9189
    endloop
  endfacet
  facet normal 0 -0.787945 -0.615745
    outer loop
      vertex 0 -43.7766 23.8434
      vertex 0.5 -43.8356 23.9189
      vertex 0 -43.8356 23.9189
    endloop
  endfacet
  facet normal 0 -0.787945 -0.615745
    outer loop
      vertex 0.5 -43.8356 23.9189
      vertex 0 -43.7766 23.8434
      vertex 0.5 -43.7766 23.8434
    endloop
  endfacet
  facet normal 0 -0.580221 -0.814459
    outer loop
      vertex 0 -43.7766 23.8434
      vertex 0.5 -43.7008 23.7894
      vertex 0.5 -43.7766 23.8434
    endloop
  endfacet
  facet normal -0 -0.580221 -0.814459
    outer loop
      vertex 0.5 -43.7008 23.7894
      vertex 0 -43.7766 23.8434
      vertex 0 -43.7008 23.7894
    endloop
  endfacet
  facet normal 0 -0.329942 -0.944001
    outer loop
      vertex 0 -43.7008 23.7894
      vertex 0.5 -43.6081 23.757
      vertex 0.5 -43.7008 23.7894
    endloop
  endfacet
  facet normal -0 -0.329942 -0.944001
    outer loop
      vertex 0.5 -43.6081 23.757
      vertex 0 -43.7008 23.7894
      vertex 0 -43.6081 23.757
    endloop
  endfacet
  facet normal 0 -0.0980652 -0.99518
    outer loop
      vertex 0 -43.6081 23.757
      vertex 0.5 -43.4985 23.7462
      vertex 0.5 -43.6081 23.757
    endloop
  endfacet
  facet normal -0 -0.0980652 -0.99518
    outer loop
      vertex 0.5 -43.4985 23.7462
      vertex 0 -43.6081 23.757
      vertex 0 -43.4985 23.7462
    endloop
  endfacet
  facet normal 0 0.0474816 -0.998872
    outer loop
      vertex 0 -43.4985 23.7462
      vertex 0.5 -43.4417 23.7489
      vertex 0.5 -43.4985 23.7462
    endloop
  endfacet
  facet normal 0 0.0474816 -0.998872
    outer loop
      vertex 0.5 -43.4417 23.7489
      vertex 0 -43.4985 23.7462
      vertex 0 -43.4417 23.7489
    endloop
  endfacet
  facet normal 0 0.147156 -0.989113
    outer loop
      vertex 0 -43.4417 23.7489
      vertex 0.5 -43.3886 23.7568
      vertex 0.5 -43.4417 23.7489
    endloop
  endfacet
  facet normal 0 0.147156 -0.989113
    outer loop
      vertex 0.5 -43.3886 23.7568
      vertex 0 -43.4417 23.7489
      vertex 0 -43.3886 23.7568
    endloop
  endfacet
  facet normal 0 0.259973 -0.965616
    outer loop
      vertex 0 -43.3886 23.7568
      vertex 0.5 -43.3392 23.7701
      vertex 0.5 -43.3886 23.7568
    endloop
  endfacet
  facet normal 0 0.259973 -0.965616
    outer loop
      vertex 0.5 -43.3392 23.7701
      vertex 0 -43.3886 23.7568
      vertex 0 -43.3392 23.7701
    endloop
  endfacet
  facet normal 0 0.377684 -0.925935
    outer loop
      vertex 0 -43.3392 23.7701
      vertex 0.5 -43.2936 23.7887
      vertex 0.5 -43.3392 23.7701
    endloop
  endfacet
  facet normal 0 0.377684 -0.925935
    outer loop
      vertex 0.5 -43.2936 23.7887
      vertex 0 -43.3392 23.7701
      vertex 0 -43.2936 23.7887
    endloop
  endfacet
  facet normal 0 0.495469 -0.868626
    outer loop
      vertex 0 -43.2936 23.7887
      vertex 0.5 -43.2517 23.8126
      vertex 0.5 -43.2936 23.7887
    endloop
  endfacet
  facet normal 0 0.495469 -0.868626
    outer loop
      vertex 0.5 -43.2517 23.8126
      vertex 0 -43.2936 23.7887
      vertex 0 -43.2517 23.8126
    endloop
  endfacet
  facet normal 0 0.608606 -0.793473
    outer loop
      vertex 0 -43.2517 23.8126
      vertex 0.5 -43.2135 23.8419
      vertex 0.5 -43.2517 23.8126
    endloop
  endfacet
  facet normal 0 0.608606 -0.793473
    outer loop
      vertex 0.5 -43.2135 23.8419
      vertex 0 -43.2517 23.8126
      vertex 0 -43.2135 23.8419
    endloop
  endfacet
  facet normal 0 0.708132 -0.70608
    outer loop
      vertex 0.5 -43.2135 23.8419
      vertex 0 -43.1791 23.8764
      vertex 0.5 -43.1791 23.8764
    endloop
  endfacet
  facet normal 0 0.708132 -0.70608
    outer loop
      vertex 0 -43.1791 23.8764
      vertex 0.5 -43.2135 23.8419
      vertex 0 -43.2135 23.8419
    endloop
  endfacet
  facet normal 0 0.795892 -0.605439
    outer loop
      vertex 0.5 -43.1791 23.8764
      vertex 0 -43.1489 23.9161
      vertex 0.5 -43.1489 23.9161
    endloop
  endfacet
  facet normal 0 0.795892 -0.605439
    outer loop
      vertex 0 -43.1489 23.9161
      vertex 0.5 -43.1791 23.8764
      vertex 0 -43.1791 23.8764
    endloop
  endfacet
  facet normal 0 0.867765 -0.496975
    outer loop
      vertex 0.5 -43.1489 23.9161
      vertex 0 -43.1233 23.9608
      vertex 0.5 -43.1233 23.9608
    endloop
  endfacet
  facet normal 0 0.867765 -0.496975
    outer loop
      vertex 0 -43.1233 23.9608
      vertex 0.5 -43.1489 23.9161
      vertex 0 -43.1489 23.9161
    endloop
  endfacet
  facet normal 0 0.92153 -0.388306
    outer loop
      vertex 0.5 -43.1233 23.9608
      vertex 0 -43.1024 24.0104
      vertex 0.5 -43.1024 24.0104
    endloop
  endfacet
  facet normal 0 0.92153 -0.388306
    outer loop
      vertex 0 -43.1024 24.0104
      vertex 0.5 -43.1233 23.9608
      vertex 0 -43.1233 23.9608
    endloop
  endfacet
  facet normal 0 0.958355 -0.285579
    outer loop
      vertex 0.5 -43.1024 24.0104
      vertex 0 -43.0861 24.0651
      vertex 0.5 -43.0861 24.0651
    endloop
  endfacet
  facet normal 0 0.958355 -0.285579
    outer loop
      vertex 0 -43.0861 24.0651
      vertex 0.5 -43.1024 24.0104
      vertex 0 -43.1024 24.0104
    endloop
  endfacet
  facet normal 0 0.981581 -0.191046
    outer loop
      vertex 0.5 -43.0861 24.0651
      vertex 0 -43.0745 24.1247
      vertex 0.5 -43.0745 24.1247
    endloop
  endfacet
  facet normal 0 0.981581 -0.191046
    outer loop
      vertex 0 -43.0745 24.1247
      vertex 0.5 -43.0861 24.0651
      vertex 0 -43.0861 24.0651
    endloop
  endfacet
  facet normal 0 0.99418 -0.107729
    outer loop
      vertex 0.5 -43.0745 24.1247
      vertex 0 -43.0675 24.1893
      vertex 0.5 -43.0675 24.1893
    endloop
  endfacet
  facet normal 0 0.99418 -0.107729
    outer loop
      vertex 0 -43.0675 24.1893
      vertex 0.5 -43.0745 24.1247
      vertex 0 -43.0745 24.1247
    endloop
  endfacet
  facet normal 0 0.999454 -0.0330279
    outer loop
      vertex 0.5 -43.0675 24.1893
      vertex 0 -43.0652 24.2589
      vertex 0.5 -43.0652 24.2589
    endloop
  endfacet
  facet normal 0 0.999454 -0.0330279
    outer loop
      vertex 0 -43.0652 24.2589
      vertex 0.5 -43.0675 24.1893
      vertex 0 -43.0675 24.1893
    endloop
  endfacet
  facet normal 0 1 -0
    outer loop
      vertex 0.5 -43.0652 24.2589
      vertex 0 -43.0652 25.0441
      vertex 0.5 -43.0652 25.0441
    endloop
  endfacet
  facet normal 0 1 0
    outer loop
      vertex 0 -43.0652 25.0441
      vertex 0.5 -43.0652 24.2589
      vertex 0 -43.0652 24.2589
    endloop
  endfacet
  facet normal 0 -1 0
    outer loop
      vertex 0 -43.9135 20.4842
      vertex 0.5 -43.9135 21.4119
      vertex 0 -43.9135 21.4119
    endloop
  endfacet
  facet normal 0 -1 -0
    outer loop
      vertex 0.5 -43.9135 21.4119
      vertex 0 -43.9135 20.4842
      vertex 0.5 -43.9135 20.4842
    endloop
  endfacet
  facet normal -0 0 1
    outer loop
      vertex 0 -43.9135 20.4842
      vertex 0.5 -44.3774 20.4842
      vertex 0.5 -43.9135 20.4842
    endloop
  endfacet
  facet normal 0 0 1
    outer loop
      vertex 0.5 -44.3774 20.4842
      vertex 0 -43.9135 20.4842
      vertex 0 -44.3774 20.4842
    endloop
  endfacet
  facet normal 0 1 -0
    outer loop
      vertex 0.5 -44.3774 20.4842
      vertex 0 -44.3774 22.9377
      vertex 0.5 -44.3774 22.9377
    endloop
  endfacet
  facet normal 0 1 0
    outer loop
      vertex 0 -44.3774 22.9377
      vertex 0.5 -44.3774 20.4842
      vertex 0 -44.3774 20.4842
    endloop
  endfacet
  facet normal 0 0 -1
    outer loop
      vertex 0 -44.3774 22.9377
      vertex 0.5 -43.9135 22.9377
      vertex 0.5 -44.3774 22.9377
    endloop
  endfacet
  facet normal -0 0 -1
    outer loop
      vertex 0.5 -43.9135 22.9377
      vertex 0 -44.3774 22.9377
      vertex 0 -43.9135 22.9377
    endloop
  endfacet
  facet normal 0 -1 0
    outer loop
      vertex 0 -43.9135 22.0121
      vertex 0.5 -43.9135 22.9377
      vertex 0 -43.9135 22.9377
    endloop
  endfacet
  facet normal 0 -1 -0
    outer loop
      vertex 0.5 -43.9135 22.9377
      vertex 0 -43.9135 22.0121
      vertex 0.5 -43.9135 22.0121
    endloop
  endfacet
  facet normal 0 0 -1
    outer loop
      vertex 0 -43.9135 22.0121
      vertex 0.5 -41.5109 22.0121
      vertex 0.5 -43.9135 22.0121
    endloop
  endfacet
  facet normal -0 0 -1
    outer loop
      vertex 0.5 -41.5109 22.0121
      vertex 0 -43.9135 22.0121
      vertex 0 -41.5109 22.0121
    endloop
  endfacet
  facet normal 0 -1 0
    outer loop
      vertex 0 -41.5109 21.4119
      vertex 0.5 -41.5109 22.0121
      vertex 0 -41.5109 22.0121
    endloop
  endfacet
  facet normal 0 -1 -0
    outer loop
      vertex 0.5 -41.5109 22.0121
      vertex 0 -41.5109 21.4119
      vertex 0.5 -41.5109 21.4119
    endloop
  endfacet
  facet normal -0 0 1
    outer loop
      vertex 0 -41.5109 21.4119
      vertex 0.5 -43.9135 21.4119
      vertex 0.5 -41.5109 21.4119
    endloop
  endfacet
  facet normal 0 0 1
    outer loop
      vertex 0.5 -43.9135 21.4119
      vertex 0 -41.5109 21.4119
      vertex 0 -43.9135 21.4119
    endloop
  endfacet
  facet normal -1 0 0
    outer loop
      vertex 0.5 -32.6858 26.3465
      vertex 0.5 -32.501 26.9024
      vertex 0.5 -32.5804 26.3206
    endloop
  endfacet
  facet normal -1 -0 0
    outer loop
      vertex 0.5 -32.501 26.9024
      vertex 0.5 -32.6858 26.3465
      vertex 0.5 -32.5521 26.9171
    endloop
  endfacet
  facet normal -1 0 0
    outer loop
      vertex 0.5 -32.7823 26.3803
      vertex 0.5 -32.5521 26.9171
      vertex 0.5 -32.6858 26.3465
    endloop
  endfacet
  facet normal -1 -0 0
    outer loop
      vertex 0.5 -32.5521 26.9171
      vertex 0.5 -32.7823 26.3803
      vertex 0.5 -32.5994 26.9355
    endloop
  endfacet
  facet normal -1 0 0
    outer loop
      vertex 0.5 -32.87 26.4218
      vertex 0.5 -32.5994 26.9355
      vertex 0.5 -32.7823 26.3803
    endloop
  endfacet
  facet normal -1 -0 0
    outer loop
      vertex 0.5 -32.5994 26.9355
      vertex 0.5 -32.87 26.4218
      vertex 0.5 -32.6429 26.9578
    endloop
  endfacet
  facet normal -1 0 0
    outer loop
      vertex 0.5 -32.9487 26.471
      vertex 0.5 -32.6429 26.9578
      vertex 0.5 -32.87 26.4218
    endloop
  endfacet
  facet normal -1 0 0
    outer loop
      vertex 0.5 -33.0186 26.5281
      vertex 0.5 -32.6429 26.9578
      vertex 0.5 -32.9487 26.471
    endloop
  endfacet
  facet normal -1 -0 0
    outer loop
      vertex 0.5 -32.6429 26.9578
      vertex 0.5 -33.0186 26.5281
      vertex 0.5 -32.6827 26.9838
    endloop
  endfacet
  facet normal -1 0 0
    outer loop
      vertex 0.5 -33.0796 26.5928
      vertex 0.5 -32.6827 26.9838
      vertex 0.5 -33.0186 26.5281
    endloop
  endfacet
  facet normal -1 -0 0
    outer loop
      vertex 0.5 -32.6827 26.9838
      vertex 0.5 -33.0796 26.5928
      vertex 0.5 -32.7188 27.0136
    endloop
  endfacet
  facet normal -1 0 0
    outer loop
      vertex 0.5 -33.1317 26.6654
      vertex 0.5 -32.7188 27.0136
      vertex 0.5 -33.0796 26.5928
    endloop
  endfacet
  facet normal -1 0 0
    outer loop
      vertex 0.5 -33.176 26.7473
      vertex 0.5 -32.7188 27.0136
      vertex 0.5 -33.1317 26.6654
    endloop
  endfacet
  facet normal -1 -0 0
    outer loop
      vertex 0.5 -32.7188 27.0136
      vertex 0.5 -33.176 26.7473
      vertex 0.5 -32.7511 27.0471
    endloop
  endfacet
  facet normal -1 0 0
    outer loop
      vertex 0.5 -33.2134 26.8399
      vertex 0.5 -32.7511 27.0471
      vertex 0.5 -33.176 26.7473
    endloop
  endfacet
  facet normal -1 -0 0
    outer loop
      vertex 0.5 -32.7511 27.0471
      vertex 0.5 -33.2134 26.8399
      vertex 0.5 -32.7797 27.0845
    endloop
  endfacet
  facet normal -1 0 0
    outer loop
      vertex 0.5 -33.2441 26.9435
      vertex 0.5 -32.7797 27.0845
      vertex 0.5 -33.2134 26.8399
    endloop
  endfacet
  facet normal -1 -0 0
    outer loop
      vertex 0.5 -32.7797 27.0845
      vertex 0.5 -33.2441 26.9435
      vertex 0.5 -32.8046 27.1261
    endloop
  endfacet
  facet normal -1 0 0
    outer loop
      vertex 0.5 -33.2679 27.0578
      vertex 0.5 -32.8046 27.1261
      vertex 0.5 -33.2441 26.9435
    endloop
  endfacet
  facet normal -1 0 -0
    outer loop
      vertex 0.5 -33.2943 27.6198
      vertex 0.5 -32.8733 27.4781
      vertex 0.5 -33.2985 27.4659
    endloop
  endfacet
  facet normal -1 -0 0
    outer loop
      vertex 0.5 -32.8046 27.1261
      vertex 0.5 -33.2679 27.0578
      vertex 0.5 -32.8256 27.1727
    endloop
  endfacet
  facet normal -1 0 -0
    outer loop
      vertex 0.5 -33.2817 27.7628
      vertex 0.5 -32.8733 27.4781
      vertex 0.5 -33.2943 27.6198
    endloop
  endfacet
  facet normal -1 -0 0
    outer loop
      vertex 0.5 -32.8256 27.1727
      vertex 0.5 -33.2679 27.0578
      vertex 0.5 -32.8428 27.224
    endloop
  endfacet
  facet normal -1 0 -0
    outer loop
      vertex 0.5 -33.2606 27.8949
      vertex 0.5 -32.8733 27.4781
      vertex 0.5 -33.2817 27.7628
    endloop
  endfacet
  facet normal -1 0 0
    outer loop
      vertex 0.5 -33.2849 27.183
      vertex 0.5 -32.8428 27.224
      vertex 0.5 -33.2679 27.0578
    endloop
  endfacet
  facet normal -1 0 -0
    outer loop
      vertex 0.5 -33.2311 28.0163
      vertex 0.5 -32.8733 27.4781
      vertex 0.5 -33.2606 27.8949
    endloop
  endfacet
  facet normal -1 -0 0
    outer loop
      vertex 0.5 -32.8428 27.224
      vertex 0.5 -33.2849 27.183
      vertex 0.5 -32.8561 27.2803
    endloop
  endfacet
  facet normal -1 0 -0
    outer loop
      vertex 0.5 -33.1932 28.1268
      vertex 0.5 -32.8733 27.4781
      vertex 0.5 -33.2311 28.0163
    endloop
  endfacet
  facet normal -1 0 0
    outer loop
      vertex 0.5 -33.2951 27.3191
      vertex 0.5 -32.8561 27.2803
      vertex 0.5 -33.2849 27.183
    endloop
  endfacet
  facet normal -1 0 -0
    outer loop
      vertex 0.5 -33.1468 28.2264
      vertex 0.5 -32.8733 27.4781
      vertex 0.5 -33.1932 28.1268
    endloop
  endfacet
  facet normal -1 0 0
    outer loop
      vertex 0.5 -32.8561 27.2803
      vertex 0.5 -33.2951 27.3191
      vertex 0.5 -32.8657 27.3414
    endloop
  endfacet
  facet normal -1 0 -0
    outer loop
      vertex 0.5 -33.092 28.3153
      vertex 0.5 -32.8733 27.4781
      vertex 0.5 -33.1468 28.2264
    endloop
  endfacet
  facet normal -1 -0 0
    outer loop
      vertex 0.5 -32.8657 27.3414
      vertex 0.5 -33.2951 27.3191
      vertex 0.5 -32.8714 27.4073
    endloop
  endfacet
  facet normal -1 0 0
    outer loop
      vertex 0.5 -32.8733 27.4781
      vertex 0.5 -33.0293 28.3927
      vertex 0.5 -32.9592 28.4582
    endloop
  endfacet
  facet normal -1 0 0
    outer loop
      vertex 0.5 -33.2985 27.4659
      vertex 0.5 -32.8714 27.4073
      vertex 0.5 -33.2951 27.3191
    endloop
  endfacet
  facet normal -1 0 0
    outer loop
      vertex 0.5 -32.8733 27.4781
      vertex 0.5 -32.9592 28.4582
      vertex 0.5 -32.8816 28.5119
    endloop
  endfacet
  facet normal -1 0 0
    outer loop
      vertex 0.5 -32.8714 27.4073
      vertex 0.5 -33.2985 27.4659
      vertex 0.5 -32.8733 27.4781
    endloop
  endfacet
  facet normal -1 0 -0
    outer loop
      vertex 0.5 -33.0293 28.3927
      vertex 0.5 -32.8733 27.4781
      vertex 0.5 -33.092 28.3153
    endloop
  endfacet
  facet normal -1 0 0
    outer loop
      vertex 0.5 -30.7983 27.4578
      vertex 0.5 -30.3487 27.4741
      vertex 0.5 -30.3532 27.3074
    endloop
  endfacet
  facet normal -1 0 0
    outer loop
      vertex 0.5 -30.8004 27.5417
      vertex 0.5 -30.3487 27.4741
      vertex 0.5 -30.7983 27.4578
    endloop
  endfacet
  facet normal -1 0 0
    outer loop
      vertex 0.5 -30.8061 27.291
      vertex 0.5 -30.3532 27.3074
      vertex 0.5 -30.3669 27.1526
    endloop
  endfacet
  facet normal -1 0 0
    outer loop
      vertex 0.5 -30.3487 27.4741
      vertex 0.5 -30.8004 27.5417
      vertex 0.5 -30.3527 27.6267
    endloop
  endfacet
  facet normal -1 0 0
    outer loop
      vertex 0.5 -30.8295 27.1499
      vertex 0.5 -30.3669 27.1526
      vertex 0.5 -30.3896 27.0098
    endloop
  endfacet
  facet normal -1 0 0
    outer loop
      vertex 0.5 -30.8067 27.6202
      vertex 0.5 -30.3527 27.6267
      vertex 0.5 -30.8004 27.5417
    endloop
  endfacet
  facet normal -1 0 0
    outer loop
      vertex 0.5 -30.8685 27.0344
      vertex 0.5 -30.3896 27.0098
      vertex 0.5 -30.4214 26.8789
    endloop
  endfacet
  facet normal -1 -0 0
    outer loop
      vertex 0.5 -30.3527 27.6267
      vertex 0.5 -30.8067 27.6202
      vertex 0.5 -30.3646 27.7697
    endloop
  endfacet
  facet normal -1 0 0
    outer loop
      vertex 0.5 -30.8685 27.0344
      vertex 0.5 -30.4214 26.8789
      vertex 0.5 -30.4623 26.7599
    endloop
  endfacet
  facet normal -1 0 0
    outer loop
      vertex 0.5 -30.8171 27.6933
      vertex 0.5 -30.3646 27.7697
      vertex 0.5 -30.8067 27.6202
    endloop
  endfacet
  facet normal -1 0 0
    outer loop
      vertex 0.5 -30.9232 26.9446
      vertex 0.5 -30.4623 26.7599
      vertex 0.5 -30.5124 26.6528
    endloop
  endfacet
  facet normal -1 0 0
    outer loop
      vertex 0.5 -30.8318 27.761
      vertex 0.5 -30.3646 27.7697
      vertex 0.5 -30.8171 27.6933
    endloop
  endfacet
  facet normal -1 0 0
    outer loop
      vertex 0.5 -30.9232 26.9446
      vertex 0.5 -30.5124 26.6528
      vertex 0.5 -30.5714 26.5576
    endloop
  endfacet
  facet normal -1 -0 0
    outer loop
      vertex 0.5 -30.3646 27.7697
      vertex 0.5 -30.8318 27.761
      vertex 0.5 -30.3846 27.9029
    endloop
  endfacet
  facet normal -1 0 0
    outer loop
      vertex 0.5 -30.9934 26.8805
      vertex 0.5 -30.5714 26.5576
      vertex 0.5 -30.6392 26.4747
    endloop
  endfacet
  facet normal -1 0 0
    outer loop
      vertex 0.5 -30.8507 27.8233
      vertex 0.5 -30.3846 27.9029
      vertex 0.5 -30.8318 27.761
    endloop
  endfacet
  facet normal -1 0 0
    outer loop
      vertex 0.5 -30.9934 26.8805
      vertex 0.5 -30.6392 26.4747
      vertex 0.5 -30.7149 26.4046
    endloop
  endfacet
  facet normal -1 -0 0
    outer loop
      vertex 0.5 -30.3846 27.9029
      vertex 0.5 -30.8507 27.8233
      vertex 0.5 -30.4125 28.0264
    endloop
  endfacet
  facet normal -1 0 0
    outer loop
      vertex 0.5 -30.8738 27.8803
      vertex 0.5 -30.4125 28.0264
      vertex 0.5 -30.8507 27.8233
    endloop
  endfacet
  facet normal -1 0 0
    outer loop
      vertex 0.5 -30.9934 26.8805
      vertex 0.5 -30.7149 26.4046
      vertex 0.5 -30.7988 26.3473
    endloop
  endfacet
  facet normal -1 -0 0
    outer loop
      vertex 0.5 -30.3532 27.3074
      vertex 0.5 -30.8061 27.291
      vertex 0.5 -30.7983 27.4578
    endloop
  endfacet
  facet normal -1 -0 0
    outer loop
      vertex 0.5 -30.3669 27.1526
      vertex 0.5 -30.8295 27.1499
      vertex 0.5 -30.8061 27.291
    endloop
  endfacet
  facet normal -1 0 0
    outer loop
      vertex 0.5 -30.3896 27.0098
      vertex 0.5 -30.8685 27.0344
      vertex 0.5 -30.8295 27.1499
    endloop
  endfacet
  facet normal -1 0 0
    outer loop
      vertex 0.5 -31.0793 26.842
      vertex 0.5 -30.7988 26.3473
      vertex 0.5 -30.8908 26.3027
    endloop
  endfacet
  facet normal -1 0 0
    outer loop
      vertex 0.5 -30.4623 26.7599
      vertex 0.5 -30.9232 26.9446
      vertex 0.5 -30.8685 27.0344
    endloop
  endfacet
  facet normal -1 0 0
    outer loop
      vertex 0.5 -31.0793 26.842
      vertex 0.5 -30.8908 26.3027
      vertex 0.5 -30.9909 26.2708
    endloop
  endfacet
  facet normal -1 0 0
    outer loop
      vertex 0.5 -30.5714 26.5576
      vertex 0.5 -30.9934 26.8805
      vertex 0.5 -30.9232 26.9446
    endloop
  endfacet
  facet normal -1 0 0
    outer loop
      vertex 0.5 -30.7988 26.3473
      vertex 0.5 -31.0793 26.842
      vertex 0.5 -30.9934 26.8805
    endloop
  endfacet
  facet normal -1 0 0
    outer loop
      vertex 0.5 -31.0991 26.2517
      vertex 0.5 -31.0793 26.842
      vertex 0.5 -30.9909 26.2708
    endloop
  endfacet
  facet normal -1 0 0
    outer loop
      vertex 0.5 -31.0991 26.2517
      vertex 0.5 -31.1807 26.8291
      vertex 0.5 -31.0793 26.842
    endloop
  endfacet
  facet normal -1 0 0
    outer loop
      vertex 0.5 -31.2153 26.2453
      vertex 0.5 -31.1807 26.8291
      vertex 0.5 -31.0991 26.2517
    endloop
  endfacet
  facet normal -1 -0 0
    outer loop
      vertex 0.5 -31.1807 26.8291
      vertex 0.5 -31.2153 26.2453
      vertex 0.5 -31.2148 26.8306
    endloop
  endfacet
  facet normal -1 0 0
    outer loop
      vertex 0.5 -31.2656 26.2464
      vertex 0.5 -31.2148 26.8306
      vertex 0.5 -31.2153 26.2453
    endloop
  endfacet
  facet normal -1 -0 0
    outer loop
      vertex 0.5 -31.2148 26.8306
      vertex 0.5 -31.2656 26.2464
      vertex 0.5 -31.247 26.835
    endloop
  endfacet
  facet normal -1 0 0
    outer loop
      vertex 0.5 -31.3142 26.2498
      vertex 0.5 -31.247 26.835
      vertex 0.5 -31.2656 26.2464
    endloop
  endfacet
  facet normal -1 0 0
    outer loop
      vertex 0.5 -31.3611 26.2554
      vertex 0.5 -31.247 26.835
      vertex 0.5 -31.3142 26.2498
    endloop
  endfacet
  facet normal -1 -0 0
    outer loop
      vertex 0.5 -31.247 26.835
      vertex 0.5 -31.3611 26.2554
      vertex 0.5 -31.2775 26.8424
    endloop
  endfacet
  facet normal -1 0 0
    outer loop
      vertex 0.5 -31.4063 26.2632
      vertex 0.5 -31.2775 26.8424
      vertex 0.5 -31.3611 26.2554
    endloop
  endfacet
  facet normal -1 0 0
    outer loop
      vertex 0.5 -31.4498 26.2733
      vertex 0.5 -31.2775 26.8424
      vertex 0.5 -31.4063 26.2632
    endloop
  endfacet
  facet normal -1 0 0
    outer loop
      vertex 0.5 -31.4916 26.2856
      vertex 0.5 -31.2775 26.8424
      vertex 0.5 -31.4498 26.2733
    endloop
  endfacet
  facet normal -1 -0 0
    outer loop
      vertex 0.5 -31.2775 26.8424
      vertex 0.5 -31.4916 26.2856
      vertex 0.5 -31.3063 26.8527
    endloop
  endfacet
  facet normal -1 0 0
    outer loop
      vertex 0.5 -31.5317 26.3002
      vertex 0.5 -31.3063 26.8527
      vertex 0.5 -31.4916 26.2856
    endloop
  endfacet
  facet normal -1 0 0
    outer loop
      vertex 0.5 -31.5701 26.3169
      vertex 0.5 -31.3063 26.8527
      vertex 0.5 -31.5317 26.3002
    endloop
  endfacet
  facet normal -1 -0 0
    outer loop
      vertex 0.5 -31.3063 26.8527
      vertex 0.5 -31.5701 26.3169
      vertex 0.5 -31.3333 26.866
    endloop
  endfacet
  facet normal -1 0 0
    outer loop
      vertex 0.5 -31.607 26.3356
      vertex 0.5 -31.3333 26.866
      vertex 0.5 -31.5701 26.3169
    endloop
  endfacet
  facet normal -1 0 0
    outer loop
      vertex 0.5 -31.6423 26.3563
      vertex 0.5 -31.3333 26.866
      vertex 0.5 -31.607 26.3356
    endloop
  endfacet
  facet normal -1 0 0
    outer loop
      vertex 0.5 -31.676 26.3789
      vertex 0.5 -31.3333 26.866
      vertex 0.5 -31.6423 26.3563
    endloop
  endfacet
  facet normal -1 -0 0
    outer loop
      vertex 0.5 -31.3333 26.866
      vertex 0.5 -31.676 26.3789
      vertex 0.5 -31.3586 26.8822
    endloop
  endfacet
  facet normal -1 0 0
    outer loop
      vertex 0.5 -31.7081 26.4036
      vertex 0.5 -31.3586 26.8822
      vertex 0.5 -31.676 26.3789
    endloop
  endfacet
  facet normal -1 0 0
    outer loop
      vertex 0.5 -31.7387 26.4303
      vertex 0.5 -31.3586 26.8822
      vertex 0.5 -31.7081 26.4036
    endloop
  endfacet
  facet normal -1 0 0
    outer loop
      vertex 0.5 -31.7677 26.4589
      vertex 0.5 -31.3586 26.8822
      vertex 0.5 -31.7387 26.4303
    endloop
  endfacet
  facet normal -1 -0 0
    outer loop
      vertex 0.5 -31.3586 26.8822
      vertex 0.5 -31.7677 26.4589
      vertex 0.5 -31.3821 26.9014
    endloop
  endfacet
  facet normal -1 0 0
    outer loop
      vertex 0.5 -31.7954 26.4901
      vertex 0.5 -31.3821 26.9014
      vertex 0.5 -31.7677 26.4589
    endloop
  endfacet
  facet normal -1 0 0
    outer loop
      vertex 0.5 -31.822 26.5243
      vertex 0.5 -31.3821 26.9014
      vertex 0.5 -31.7954 26.4901
    endloop
  endfacet
  facet normal -1 -0 0
    outer loop
      vertex 0.5 -31.3821 26.9014
      vertex 0.5 -31.822 26.5243
      vertex 0.5 -31.4043 26.9232
    endloop
  endfacet
  facet normal -1 0 0
    outer loop
      vertex 0.5 -31.8477 26.5615
      vertex 0.5 -31.4043 26.9232
      vertex 0.5 -31.822 26.5243
    endloop
  endfacet
  facet normal -1 0 0
    outer loop
      vertex 0.5 -31.8724 26.6017
      vertex 0.5 -31.4043 26.9232
      vertex 0.5 -31.8477 26.5615
    endloop
  endfacet
  facet normal -1 -0 0
    outer loop
      vertex 0.5 -31.4043 26.9232
      vertex 0.5 -31.8724 26.6017
      vertex 0.5 -31.4253 26.9475
    endloop
  endfacet
  facet normal -1 0 0
    outer loop
      vertex 0.5 -31.8962 26.645
      vertex 0.5 -31.4253 26.9475
      vertex 0.5 -31.8724 26.6017
    endloop
  endfacet
  facet normal -1 0 0
    outer loop
      vertex 0.5 -31.9189 26.6913
      vertex 0.5 -31.4253 26.9475
      vertex 0.5 -31.8962 26.645
    endloop
  endfacet
  facet normal -1 -0 0
    outer loop
      vertex 0.5 -31.4253 26.9475
      vertex 0.5 -31.9189 26.6913
      vertex 0.5 -31.4453 26.9741
    endloop
  endfacet
  facet normal -1 -0 0
    outer loop
      vertex 0.5 -31.4987 27.0685
      vertex 0.5 -32.0066 26.9364
      vertex 0.5 -31.5144 27.1048
    endloop
  endfacet
  facet normal -1 0 0
    outer loop
      vertex 0.5 -32.0298 27.0208
      vertex 0.5 -31.5299 27.1472
      vertex 0.5 -32.0066 26.9364
    endloop
  endfacet
  facet normal -1 0 0
    outer loop
      vertex 0.5 -31.9406 26.7407
      vertex 0.5 -31.4453 26.9741
      vertex 0.5 -31.9189 26.6913
    endloop
  endfacet
  facet normal -1 0 0
    outer loop
      vertex 0.5 -32.0534 27.1148
      vertex 0.5 -31.5464 27.1995
      vertex 0.5 -32.0298 27.0208
    endloop
  endfacet
  facet normal -1 0 0
    outer loop
      vertex 0.5 -32.0776 27.2185
      vertex 0.5 -31.5638 27.2616
      vertex 0.5 -32.0534 27.1148
    endloop
  endfacet
  facet normal -1 -0 0
    outer loop
      vertex 0.5 -31.4453 26.9741
      vertex 0.5 -31.9406 26.7407
      vertex 0.5 -31.4642 27.0032
    endloop
  endfacet
  facet normal -1 -0 0
    outer loop
      vertex 0.5 -31.5821 27.3335
      vertex 0.5 -32.0776 27.2185
      vertex 0.5 -31.6014 27.4153
    endloop
  endfacet
  facet normal -1 -0 0
    outer loop
      vertex 0.5 -31.6014 27.4153
      vertex 0.5 -32.1023 27.3316
      vertex 0.5 -31.6215 27.5069
    endloop
  endfacet
  facet normal -1 0 0
    outer loop
      vertex 0.5 -31.9621 26.7963
      vertex 0.5 -31.4642 27.0032
      vertex 0.5 -31.9406 26.7407
    endloop
  endfacet
  facet normal -1 0 0
    outer loop
      vertex 0.5 -32.1233 27.4263
      vertex 0.5 -31.6215 27.5069
      vertex 0.5 -32.1023 27.3316
    endloop
  endfacet
  facet normal -1 -0 0
    outer loop
      vertex 0.5 -31.6215 27.5069
      vertex 0.5 -32.1233 27.4263
      vertex 0.5 -31.6426 27.6083
    endloop
  endfacet
  facet normal -1 -0 0
    outer loop
      vertex 0.5 -31.4642 27.0032
      vertex 0.5 -31.9621 26.7963
      vertex 0.5 -31.482 27.0346
    endloop
  endfacet
  facet normal -1 0 0
    outer loop
      vertex 0.5 -32.1432 27.5113
      vertex 0.5 -31.6426 27.6083
      vertex 0.5 -32.1233 27.4263
    endloop
  endfacet
  facet normal -1 0 0
    outer loop
      vertex 0.5 -32.1621 27.5869
      vertex 0.5 -31.6635 27.6962
      vertex 0.5 -32.1432 27.5113
    endloop
  endfacet
  facet normal -1 0 0
    outer loop
      vertex 0.5 -31.9841 26.8616
      vertex 0.5 -31.482 27.0346
      vertex 0.5 -31.9621 26.7963
    endloop
  endfacet
  facet normal -1 -0 0
    outer loop
      vertex 0.5 -31.6635 27.6962
      vertex 0.5 -32.1621 27.5869
      vertex 0.5 -31.6832 27.7761
    endloop
  endfacet
  facet normal -1 0 0
    outer loop
      vertex 0.5 -32.18 27.6528
      vertex 0.5 -31.6832 27.7761
      vertex 0.5 -32.1621 27.5869
    endloop
  endfacet
  facet normal -1 -0 0
    outer loop
      vertex 0.5 -31.482 27.0346
      vertex 0.5 -31.9841 26.8616
      vertex 0.5 -31.4987 27.0685
    endloop
  endfacet
  facet normal -1 -0 0
    outer loop
      vertex 0.5 -31.6832 27.7761
      vertex 0.5 -32.18 27.6528
      vertex 0.5 -31.7017 27.848
    endloop
  endfacet
  facet normal -1 0 0
    outer loop
      vertex 0.5 -32.0066 26.9364
      vertex 0.5 -31.4987 27.0685
      vertex 0.5 -31.9841 26.8616
    endloop
  endfacet
  facet normal -1 0 0
    outer loop
      vertex 0.5 -32.1969 27.7093
      vertex 0.5 -31.7017 27.848
      vertex 0.5 -32.18 27.6528
    endloop
  endfacet
  facet normal -1 -0 0
    outer loop
      vertex 0.5 -31.7017 27.848
      vertex 0.5 -32.1969 27.7093
      vertex 0.5 -31.719 27.9119
    endloop
  endfacet
  facet normal -1 -0 0
    outer loop
      vertex 0.5 -31.5144 27.1048
      vertex 0.5 -32.0066 26.9364
      vertex 0.5 -31.5299 27.1472
    endloop
  endfacet
  facet normal -1 0 0
    outer loop
      vertex 0.5 -32.2127 27.7561
      vertex 0.5 -31.719 27.9119
      vertex 0.5 -32.1969 27.7093
    endloop
  endfacet
  facet normal -1 -0 0
    outer loop
      vertex 0.5 -31.5299 27.1472
      vertex 0.5 -32.0298 27.0208
      vertex 0.5 -31.5464 27.1995
    endloop
  endfacet
  facet normal -1 -0 0
    outer loop
      vertex 0.5 -31.719 27.9119
      vertex 0.5 -32.2127 27.7561
      vertex 0.5 -31.735 27.9679
    endloop
  endfacet
  facet normal -1 -0 0
    outer loop
      vertex 0.5 -31.5464 27.1995
      vertex 0.5 -32.0534 27.1148
      vertex 0.5 -31.5638 27.2616
    endloop
  endfacet
  facet normal -1 0 0
    outer loop
      vertex 0.5 -32.2274 27.7935
      vertex 0.5 -31.735 27.9679
      vertex 0.5 -32.2127 27.7561
    endloop
  endfacet
  facet normal -1 -0 0
    outer loop
      vertex 0.5 -31.5638 27.2616
      vertex 0.5 -32.0776 27.2185
      vertex 0.5 -31.5821 27.3335
    endloop
  endfacet
  facet normal -1 -0 0
    outer loop
      vertex 0.5 -31.6426 27.6083
      vertex 0.5 -32.1432 27.5113
      vertex 0.5 -31.6635 27.6962
    endloop
  endfacet
  facet normal -1 0 0
    outer loop
      vertex 0.5 -32.1023 27.3316
      vertex 0.5 -31.6014 27.4153
      vertex 0.5 -32.0776 27.2185
    endloop
  endfacet
  facet normal -1 -0 0
    outer loop
      vertex 0.5 -31.735 27.9679
      vertex 0.5 -32.2274 27.7935
      vertex 0.5 -31.7499 28.0159
    endloop
  endfacet
  facet normal -1 0 0
    outer loop
      vertex 0.5 -32.2421 27.8249
      vertex 0.5 -31.7499 28.0159
      vertex 0.5 -32.2274 27.7935
    endloop
  endfacet
  facet normal -1 -0 0
    outer loop
      vertex 0.5 -31.7499 28.0159
      vertex 0.5 -32.2421 27.8249
      vertex 0.5 -31.7636 28.0559
    endloop
  endfacet
  facet normal -1 0 0
    outer loop
      vertex 0.5 -32.2576 27.854
      vertex 0.5 -31.7636 28.0559
      vertex 0.5 -32.2421 27.8249
    endloop
  endfacet
  facet normal -1 -0 0
    outer loop
      vertex 0.5 -31.7636 28.0559
      vertex 0.5 -32.2576 27.854
      vertex 0.5 -31.777 28.0914
    endloop
  endfacet
  facet normal -1 -0 0
    outer loop
      vertex 0.5 -31.777 28.0914
      vertex 0.5 -32.2576 27.854
      vertex 0.5 -31.7911 28.126
    endloop
  endfacet
  facet normal -1 0 0
    outer loop
      vertex 0.5 -32.2741 27.8808
      vertex 0.5 -31.7911 28.126
      vertex 0.5 -32.2576 27.854
    endloop
  endfacet
  facet normal -1 -0 0
    outer loop
      vertex 0.5 -31.7911 28.126
      vertex 0.5 -32.2741 27.8808
      vertex 0.5 -31.8058 28.1595
    endloop
  endfacet
  facet normal -1 0 0
    outer loop
      vertex 0.5 -32.2914 27.9054
      vertex 0.5 -31.8058 28.1595
      vertex 0.5 -32.2741 27.8808
    endloop
  endfacet
  facet normal -1 -0 0
    outer loop
      vertex 0.5 -31.8058 28.1595
      vertex 0.5 -32.2914 27.9054
      vertex 0.5 -31.8212 28.1921
    endloop
  endfacet
  facet normal -1 -0 0
    outer loop
      vertex 0.5 -31.8212 28.1921
      vertex 0.5 -32.2914 27.9054
      vertex 0.5 -31.8373 28.2236
    endloop
  endfacet
  facet normal -1 0 0
    outer loop
      vertex 0.5 -32.3095 27.9277
      vertex 0.5 -31.8373 28.2236
      vertex 0.5 -32.2914 27.9054
    endloop
  endfacet
  facet normal -1 -0 0
    outer loop
      vertex 0.5 -31.8373 28.2236
      vertex 0.5 -32.3095 27.9277
      vertex 0.5 -31.854 28.2542
    endloop
  endfacet
  facet normal -1 -0 0
    outer loop
      vertex 0.5 -31.854 28.2542
      vertex 0.5 -32.3095 27.9277
      vertex 0.5 -31.8714 28.2838
    endloop
  endfacet
  facet normal -1 0 0
    outer loop
      vertex 0.5 -32.3286 27.9477
      vertex 0.5 -31.8714 28.2838
      vertex 0.5 -32.3095 27.9277
    endloop
  endfacet
  facet normal -1 -0 0
    outer loop
      vertex 0.5 -31.8714 28.2838
      vertex 0.5 -32.3286 27.9477
      vertex 0.5 -31.8897 28.3122
    endloop
  endfacet
  facet normal -1 -0 0
    outer loop
      vertex 0.5 -31.8897 28.3122
      vertex 0.5 -32.3286 27.9477
      vertex 0.5 -31.9089 28.3394
    endloop
  endfacet
  facet normal -1 -0 0
    outer loop
      vertex 0.5 -31.9089 28.3394
      vertex 0.5 -32.3286 27.9477
      vertex 0.5 -31.9293 28.3653
    endloop
  endfacet
  facet normal -1 0 0
    outer loop
      vertex 0.5 -32.3485 27.9654
      vertex 0.5 -31.9293 28.3653
      vertex 0.5 -32.3286 27.9477
    endloop
  endfacet
  facet normal -1 -0 0
    outer loop
      vertex 0.5 -31.9293 28.3653
      vertex 0.5 -32.3485 27.9654
      vertex 0.5 -31.9506 28.39
    endloop
  endfacet
  facet normal -1 -0 0
    outer loop
      vertex 0.5 -31.9506 28.39
      vertex 0.5 -32.3485 27.9654
      vertex 0.5 -31.973 28.4135
    endloop
  endfacet
  facet normal -1 -0 0
    outer loop
      vertex 0.5 -31.973 28.4135
      vertex 0.5 -32.3485 27.9654
      vertex 0.5 -31.9965 28.4357
    endloop
  endfacet
  facet normal -1 0 0
    outer loop
      vertex 0.5 -32.3696 27.9808
      vertex 0.5 -31.9965 28.4357
      vertex 0.5 -32.3485 27.9654
    endloop
  endfacet
  facet normal -1 -0 0
    outer loop
      vertex 0.5 -31.9965 28.4357
      vertex 0.5 -32.3696 27.9808
      vertex 0.5 -32.0209 28.4567
    endloop
  endfacet
  facet normal -1 -0 0
    outer loop
      vertex 0.5 -32.0209 28.4567
      vertex 0.5 -32.3696 27.9808
      vertex 0.5 -32.0466 28.4764
    endloop
  endfacet
  facet normal -1 -0 0
    outer loop
      vertex 0.5 -32.0466 28.4764
      vertex 0.5 -32.3696 27.9808
      vertex 0.5 -32.0734 28.4948
    endloop
  endfacet
  facet normal -1 0 0
    outer loop
      vertex 0.5 -32.3925 27.9938
      vertex 0.5 -32.0734 28.4948
      vertex 0.5 -32.3696 27.9808
    endloop
  endfacet
  facet normal -1 -0 0
    outer loop
      vertex 0.5 -32.0734 28.4948
      vertex 0.5 -32.3925 27.9938
      vertex 0.5 -32.1015 28.5119
    endloop
  endfacet
  facet normal -1 -0 0
    outer loop
      vertex 0.5 -32.1015 28.5119
      vertex 0.5 -32.3925 27.9938
      vertex 0.5 -32.1309 28.5278
    endloop
  endfacet
  facet normal -1 -0 0
    outer loop
      vertex 0.5 -32.1309 28.5278
      vertex 0.5 -32.3925 27.9938
      vertex 0.5 -32.1615 28.5423
    endloop
  endfacet
  facet normal -1 0 0
    outer loop
      vertex 0.5 -32.417 28.0044
      vertex 0.5 -32.1615 28.5423
      vertex 0.5 -32.3925 27.9938
    endloop
  endfacet
  facet normal -1 -0 0
    outer loop
      vertex 0.5 -32.1615 28.5423
      vertex 0.5 -32.417 28.0044
      vertex 0.5 -32.1933 28.5556
    endloop
  endfacet
  facet normal -1 -0 0
    outer loop
      vertex 0.5 -32.1933 28.5556
      vertex 0.5 -32.417 28.0044
      vertex 0.5 -32.2264 28.5675
    endloop
  endfacet
  facet normal -1 -0 0
    outer loop
      vertex 0.5 -32.2264 28.5675
      vertex 0.5 -32.417 28.0044
      vertex 0.5 -32.2608 28.5781
    endloop
  endfacet
  facet normal -1 0 0
    outer loop
      vertex 0.5 -32.4431 28.0127
      vertex 0.5 -32.2608 28.5781
      vertex 0.5 -32.417 28.0044
    endloop
  endfacet
  facet normal -1 -0 0
    outer loop
      vertex 0.5 -32.2608 28.5781
      vertex 0.5 -32.4431 28.0127
      vertex 0.5 -32.2967 28.587
    endloop
  endfacet
  facet normal -1 -0 0
    outer loop
      vertex 0.5 -32.2967 28.587
      vertex 0.5 -32.4431 28.0127
      vertex 0.5 -32.3339 28.5942
    endloop
  endfacet
  facet normal -1 -0 0
    outer loop
      vertex 0.5 -32.3339 28.5942
      vertex 0.5 -32.4431 28.0127
      vertex 0.5 -32.3726 28.5999
    endloop
  endfacet
  facet normal -1 0 0
    outer loop
      vertex 0.5 -32.471 28.0186
      vertex 0.5 -32.3726 28.5999
      vertex 0.5 -32.4431 28.0127
    endloop
  endfacet
  facet normal -1 -0 0
    outer loop
      vertex 0.5 -32.3726 28.5999
      vertex 0.5 -32.471 28.0186
      vertex 0.5 -32.4126 28.604
    endloop
  endfacet
  facet normal -1 -0 0
    outer loop
      vertex 0.5 -32.4126 28.604
      vertex 0.5 -32.471 28.0186
      vertex 0.5 -32.4541 28.6064
    endloop
  endfacet
  facet normal -1 0 0
    outer loop
      vertex 0.5 -32.5004 28.0222
      vertex 0.5 -32.4541 28.6064
      vertex 0.5 -32.471 28.0186
    endloop
  endfacet
  facet normal -1 -0 0
    outer loop
      vertex 0.5 -32.4541 28.6064
      vertex 0.5 -32.5004 28.0222
      vertex 0.5 -32.497 28.6072
    endloop
  endfacet
  facet normal -1 0 0
    outer loop
      vertex 0.5 -32.5316 28.0233
      vertex 0.5 -32.497 28.6072
      vertex 0.5 -32.5004 28.0222
    endloop
  endfacet
  facet normal -1 0 0
    outer loop
      vertex 0.5 -32.5316 28.0233
      vertex 0.5 -32.6043 28.6012
      vertex 0.5 -32.497 28.6072
    endloop
  endfacet
  facet normal -1 0 0
    outer loop
      vertex 0.5 -32.7042 28.5834
      vertex 0.5 -32.5316 28.0233
      vertex 0.5 -32.6222 28.0122
    endloop
  endfacet
  facet normal -1 0 0
    outer loop
      vertex 0.5 -32.8816 28.5119
      vertex 0.5 -32.6222 28.0122
      vertex 0.5 -32.699 27.9788
    endloop
  endfacet
  facet normal -1 0 0
    outer loop
      vertex 0.5 -32.5316 28.0233
      vertex 0.5 -32.7042 28.5834
      vertex 0.5 -32.6043 28.6012
    endloop
  endfacet
  facet normal -1 0 0
    outer loop
      vertex 0.5 -32.8816 28.5119
      vertex 0.5 -32.699 27.9788
      vertex 0.5 -32.7617 27.9232
    endloop
  endfacet
  facet normal -1 0 0
    outer loop
      vertex 0.5 -32.6222 28.0122
      vertex 0.5 -32.7966 28.5536
      vertex 0.5 -32.7042 28.5834
    endloop
  endfacet
  facet normal -1 0 0
    outer loop
      vertex 0.5 -32.8816 28.5119
      vertex 0.5 -32.7617 27.9232
      vertex 0.5 -32.8106 27.8453
    endloop
  endfacet
  facet normal -1 0 0
    outer loop
      vertex 0.5 -32.8816 28.5119
      vertex 0.5 -32.8106 27.8453
      vertex 0.5 -32.8454 27.7452
    endloop
  endfacet
  facet normal -1 0 0
    outer loop
      vertex 0.5 -32.8816 28.5119
      vertex 0.5 -32.8454 27.7452
      vertex 0.5 -32.8664 27.6228
    endloop
  endfacet
  facet normal -1 0 0
    outer loop
      vertex 0.5 -32.6222 28.0122
      vertex 0.5 -32.8816 28.5119
      vertex 0.5 -32.7966 28.5536
    endloop
  endfacet
  facet normal -1 0 0
    outer loop
      vertex 0.5 -32.8816 28.5119
      vertex 0.5 -32.8664 27.6228
      vertex 0.5 -32.8733 27.4781
    endloop
  endfacet
  facet normal -1 -0 0
    outer loop
      vertex 0.5 -30.4125 28.0264
      vertex 0.5 -30.8738 27.8803
      vertex 0.5 -30.4483 28.1402
    endloop
  endfacet
  facet normal -1 0 0
    outer loop
      vertex 0.5 -30.901 27.9318
      vertex 0.5 -30.4483 28.1402
      vertex 0.5 -30.8738 27.8803
    endloop
  endfacet
  facet normal -1 -0 0
    outer loop
      vertex 0.5 -30.4483 28.1402
      vertex 0.5 -30.901 27.9318
      vertex 0.5 -30.4922 28.2443
    endloop
  endfacet
  facet normal -1 0 0
    outer loop
      vertex 0.5 -30.9329 27.9783
      vertex 0.5 -30.4922 28.2443
      vertex 0.5 -30.901 27.9318
    endloop
  endfacet
  facet normal -1 -0 0
    outer loop
      vertex 0.5 -30.4922 28.2443
      vertex 0.5 -30.9329 27.9783
      vertex 0.5 -30.544 28.3387
    endloop
  endfacet
  facet normal -1 0 0
    outer loop
      vertex 0.5 -30.9699 28.0203
      vertex 0.5 -30.544 28.3387
      vertex 0.5 -30.9329 27.9783
    endloop
  endfacet
  facet normal -1 -0 0
    outer loop
      vertex 0.5 -30.544 28.3387
      vertex 0.5 -30.9699 28.0203
      vertex 0.5 -30.6039 28.4236
    endloop
  endfacet
  facet normal -1 0 0
    outer loop
      vertex 0.5 -31.012 28.0577
      vertex 0.5 -30.6039 28.4236
      vertex 0.5 -30.9699 28.0203
    endloop
  endfacet
  facet normal -1 -0 0
    outer loop
      vertex 0.5 -30.6039 28.4236
      vertex 0.5 -31.012 28.0577
      vertex 0.5 -30.6721 28.4994
    endloop
  endfacet
  facet normal -1 0 0
    outer loop
      vertex 0.5 -31.0593 28.0906
      vertex 0.5 -30.6721 28.4994
      vertex 0.5 -31.012 28.0577
    endloop
  endfacet
  facet normal -1 -0 0
    outer loop
      vertex 0.5 -30.6721 28.4994
      vertex 0.5 -31.0593 28.0906
      vertex 0.5 -30.7484 28.5661
    endloop
  endfacet
  facet normal -1 -0 0
    outer loop
      vertex 0.5 -30.7484 28.5661
      vertex 0.5 -31.0593 28.0906
      vertex 0.5 -30.833 28.6236
    endloop
  endfacet
  facet normal -1 0 0
    outer loop
      vertex 0.5 -31.1116 28.1188
      vertex 0.5 -30.833 28.6236
      vertex 0.5 -31.0593 28.0906
    endloop
  endfacet
  facet normal -1 -0 0
    outer loop
      vertex 0.5 -30.833 28.6236
      vertex 0.5 -31.1116 28.1188
      vertex 0.5 -30.9258 28.6721
    endloop
  endfacet
  facet normal -1 0 0
    outer loop
      vertex 0.5 -31.1691 28.1425
      vertex 0.5 -30.9258 28.6721
      vertex 0.5 -31.1116 28.1188
    endloop
  endfacet
  facet normal -1 -0 0
    outer loop
      vertex 0.5 -30.9258 28.6721
      vertex 0.5 -31.1691 28.1425
      vertex 0.5 -31.0268 28.7113
    endloop
  endfacet
  facet normal -1 0 0
    outer loop
      vertex 0.5 -31.2316 28.1617
      vertex 0.5 -31.0268 28.7113
      vertex 0.5 -31.1691 28.1425
    endloop
  endfacet
  facet normal -1 -0 0
    outer loop
      vertex 0.5 -31.0268 28.7113
      vertex 0.5 -31.2316 28.1617
      vertex 0.5 -31.136 28.7415
    endloop
  endfacet
  facet normal -1 0 0
    outer loop
      vertex 0.5 -30.3487 30.3292
      vertex 0.5 -30.8224 30.2241
      vertex 0.5 -30.8186 30.3129
    endloop
  endfacet
  facet normal -1 0 0
    outer loop
      vertex 0.5 -30.6488 29.3822
      vertex 0.5 -30.8337 30.1413
      vertex 0.5 -30.8224 30.2241
    endloop
  endfacet
  facet normal -1 0 0
    outer loop
      vertex 0.5 -31.121 29.7338
      vertex 0.5 -30.7395 29.2928
      vertex 0.5 -30.8402 29.2173
    endloop
  endfacet
  facet normal -1 0 0
    outer loop
      vertex 0.5 -30.6488 29.3822
      vertex 0.5 -30.8524 30.0646
      vertex 0.5 -30.8337 30.1413
    endloop
  endfacet
  facet normal -1 0 0
    outer loop
      vertex 0.5 -30.6488 29.3822
      vertex 0.5 -30.8787 29.994
      vertex 0.5 -30.8524 30.0646
    endloop
  endfacet
  facet normal -1 0 0
    outer loop
      vertex 0.5 -30.6488 29.3822
      vertex 0.5 -30.9126 29.9295
      vertex 0.5 -30.8787 29.994
    endloop
  endfacet
  facet normal -1 0 0
    outer loop
      vertex 0.5 -31.1899 29.7021
      vertex 0.5 -30.8402 29.2173
      vertex 0.5 -30.951 29.1554
    endloop
  endfacet
  facet normal -1 0 0
    outer loop
      vertex 0.5 -30.6488 29.3822
      vertex 0.5 -30.9539 29.871
      vertex 0.5 -30.9126 29.9295
    endloop
  endfacet
  facet normal -1 0 0
    outer loop
      vertex 0.5 -30.6488 29.3822
      vertex 0.5 -31.0027 29.8185
      vertex 0.5 -30.9539 29.871
    endloop
  endfacet
  facet normal -1 0 0
    outer loop
      vertex 0.5 -30.6488 29.3822
      vertex 0.5 -31.0586 29.7727
      vertex 0.5 -31.0027 29.8185
    endloop
  endfacet
  facet normal -1 0 0
    outer loop
      vertex 0.5 -31.1899 29.7021
      vertex 0.5 -30.951 29.1554
      vertex 0.5 -31.0717 29.1073
    endloop
  endfacet
  facet normal -1 0 0
    outer loop
      vertex 0.5 -30.7395 29.2928
      vertex 0.5 -31.121 29.7338
      vertex 0.5 -31.0586 29.7727
    endloop
  endfacet
  facet normal -1 0 0
    outer loop
      vertex 0.5 -30.8402 29.2173
      vertex 0.5 -31.1899 29.7021
      vertex 0.5 -31.121 29.7338
    endloop
  endfacet
  facet normal -1 0 0
    outer loop
      vertex 0.5 -31.2653 29.6774
      vertex 0.5 -31.0717 29.1073
      vertex 0.5 -31.2025 29.0729
    endloop
  endfacet
  facet normal -1 0 0
    outer loop
      vertex 0.5 -31.0717 29.1073
      vertex 0.5 -31.2653 29.6774
      vertex 0.5 -31.1899 29.7021
    endloop
  endfacet
  facet normal -1 0 0
    outer loop
      vertex 0.5 -31.3473 29.6597
      vertex 0.5 -31.2025 29.0729
      vertex 0.5 -31.3433 29.0523
    endloop
  endfacet
  facet normal -1 0 0
    outer loop
      vertex 0.5 -31.2025 29.0729
      vertex 0.5 -31.3473 29.6597
      vertex 0.5 -31.2653 29.6774
    endloop
  endfacet
  facet normal -1 0 0
    outer loop
      vertex 0.5 -31.3433 29.0523
      vertex 0.5 -31.4357 29.6492
      vertex 0.5 -31.3473 29.6597
    endloop
  endfacet
  facet normal -1 0 0
    outer loop
      vertex 0.5 -31.494 29.0455
      vertex 0.5 -31.4357 29.6492
      vertex 0.5 -31.3433 29.0523
    endloop
  endfacet
  facet normal -1 0 0
    outer loop
      vertex 0.5 -31.494 29.0455
      vertex 0.5 -31.5307 29.6456
      vertex 0.5 -31.4357 29.6492
    endloop
  endfacet
  facet normal -1 0 0
    outer loop
      vertex 0.5 -33.2558 29.0455
      vertex 0.5 -31.5307 29.6456
      vertex 0.5 -31.494 29.0455
    endloop
  endfacet
  facet normal -1 -0 0
    outer loop
      vertex 0.5 -31.5307 29.6456
      vertex 0.5 -33.2558 29.0455
      vertex 0.5 -33.2558 29.6456
    endloop
  endfacet
  facet normal -1 0 0
    outer loop
      vertex 0.5 -30.8224 30.2241
      vertex 0.5 -30.3487 30.3292
      vertex 0.5 -30.3548 30.1604
    endloop
  endfacet
  facet normal -1 0 0
    outer loop
      vertex 0.5 -30.8222 30.3993
      vertex 0.5 -30.3487 30.3292
      vertex 0.5 -30.8186 30.3129
    endloop
  endfacet
  facet normal -1 0 0
    outer loop
      vertex 0.5 -30.8224 30.2241
      vertex 0.5 -30.3548 30.1604
      vertex 0.5 -30.3732 30.0027
    endloop
  endfacet
  facet normal -1 0 0
    outer loop
      vertex 0.5 -30.3487 30.3292
      vertex 0.5 -30.8222 30.3993
      vertex 0.5 -30.3546 30.4926
    endloop
  endfacet
  facet normal -1 0 0
    outer loop
      vertex 0.5 -30.8224 30.2241
      vertex 0.5 -30.3732 30.0027
      vertex 0.5 -30.4038 29.8563
    endloop
  endfacet
  facet normal -1 0 0
    outer loop
      vertex 0.5 -30.833 30.4795
      vertex 0.5 -30.3546 30.4926
      vertex 0.5 -30.8222 30.3993
    endloop
  endfacet
  facet normal -1 0 0
    outer loop
      vertex 0.5 -30.8224 30.2241
      vertex 0.5 -30.4038 29.8563
      vertex 0.5 -30.4467 29.721
    endloop
  endfacet
  facet normal -1 -0 0
    outer loop
      vertex 0.5 -30.3546 30.4926
      vertex 0.5 -30.833 30.4795
      vertex 0.5 -30.3723 30.6448
    endloop
  endfacet
  facet normal -1 0 0
    outer loop
      vertex 0.5 -30.8224 30.2241
      vertex 0.5 -30.4467 29.721
      vertex 0.5 -30.5018 29.5969
    endloop
  endfacet
  facet normal -1 0 0
    outer loop
      vertex 0.5 -30.8509 30.5536
      vertex 0.5 -30.3723 30.6448
      vertex 0.5 -30.833 30.4795
    endloop
  endfacet
  facet normal -1 0 0
    outer loop
      vertex 0.5 -30.8224 30.2241
      vertex 0.5 -30.5018 29.5969
      vertex 0.5 -30.5692 29.4839
    endloop
  endfacet
  facet normal -1 -0 0
    outer loop
      vertex 0.5 -30.3723 30.6448
      vertex 0.5 -30.8509 30.5536
      vertex 0.5 -30.4018 30.7856
    endloop
  endfacet
  facet normal -1 0 0
    outer loop
      vertex 0.5 -30.8224 30.2241
      vertex 0.5 -30.5692 29.4839
      vertex 0.5 -30.6488 29.3822
    endloop
  endfacet
  facet normal -1 0 0
    outer loop
      vertex 0.5 -30.8761 30.6214
      vertex 0.5 -30.4018 30.7856
      vertex 0.5 -30.8509 30.5536
    endloop
  endfacet
  facet normal -1 0 0
    outer loop
      vertex 0.5 -31.0586 29.7727
      vertex 0.5 -30.6488 29.3822
      vertex 0.5 -30.7395 29.2928
    endloop
  endfacet
  facet normal -1 -0 0
    outer loop
      vertex 0.5 -30.4018 30.7856
      vertex 0.5 -30.8761 30.6214
      vertex 0.5 -30.443 30.9151
    endloop
  endfacet
  facet normal -1 0 0
    outer loop
      vertex 0.5 -30.9084 30.6831
      vertex 0.5 -30.443 30.9151
      vertex 0.5 -30.8761 30.6214
    endloop
  endfacet
  facet normal -1 -0 0
    outer loop
      vertex 0.5 -30.443 30.9151
      vertex 0.5 -30.9084 30.6831
      vertex 0.5 -30.4961 31.0332
    endloop
  endfacet
  facet normal -1 0 0
    outer loop
      vertex 0.5 -30.9479 30.7386
      vertex 0.5 -30.4961 31.0332
      vertex 0.5 -30.9084 30.6831
    endloop
  endfacet
  facet normal -1 -0 0
    outer loop
      vertex 0.5 -30.4961 31.0332
      vertex 0.5 -30.9479 30.7386
      vertex 0.5 -30.5609 31.14
    endloop
  endfacet
  facet normal -1 0 0
    outer loop
      vertex 0.5 -30.9946 30.7879
      vertex 0.5 -30.5609 31.14
      vertex 0.5 -30.9479 30.7386
    endloop
  endfacet
  facet normal -1 -0 0
    outer loop
      vertex 0.5 -30.5609 31.14
      vertex 0.5 -30.9946 30.7879
      vertex 0.5 -30.6376 31.2355
    endloop
  endfacet
  facet normal -1 0 0
    outer loop
      vertex 0.5 -31.0482 30.8308
      vertex 0.5 -30.6376 31.2355
      vertex 0.5 -30.9946 30.7879
    endloop
  endfacet
  facet normal -1 -0 0
    outer loop
      vertex 0.5 -30.6376 31.2355
      vertex 0.5 -31.0482 30.8308
      vertex 0.5 -30.7252 31.3189
    endloop
  endfacet
  facet normal -1 0 0
    outer loop
      vertex 0.5 -31.1085 30.8671
      vertex 0.5 -30.7252 31.3189
      vertex 0.5 -31.0482 30.8308
    endloop
  endfacet
  facet normal -1 -0 0
    outer loop
      vertex 0.5 -30.7252 31.3189
      vertex 0.5 -31.1085 30.8671
      vertex 0.5 -30.8229 31.3894
    endloop
  endfacet
  facet normal -1 -0 0
    outer loop
      vertex 0.5 -30.8229 31.3894
      vertex 0.5 -31.1085 30.8671
      vertex 0.5 -30.9308 31.4471
    endloop
  endfacet
  facet normal -1 0 0
    outer loop
      vertex 0.5 -31.1755 30.8968
      vertex 0.5 -30.9308 31.4471
      vertex 0.5 -31.1085 30.8671
    endloop
  endfacet
  facet normal -1 -0 0
    outer loop
      vertex 0.5 -30.9308 31.4471
      vertex 0.5 -31.1755 30.8968
      vertex 0.5 -31.0488 31.492
    endloop
  endfacet
  facet normal -1 0 0
    outer loop
      vertex 0.5 -31.2492 30.9199
      vertex 0.5 -31.0488 31.492
      vertex 0.5 -31.1755 30.8968
    endloop
  endfacet
  facet normal -1 -0 0
    outer loop
      vertex 0.5 -31.0488 31.492
      vertex 0.5 -31.2492 30.9199
      vertex 0.5 -31.1769 31.5241
    endloop
  endfacet
  facet normal -1 0 0
    outer loop
      vertex 0.5 -31.3296 30.9364
      vertex 0.5 -31.1769 31.5241
      vertex 0.5 -31.2492 30.9199
    endloop
  endfacet
  facet normal -1 -0 0
    outer loop
      vertex 0.5 -31.1769 31.5241
      vertex 0.5 -31.3296 30.9364
      vertex 0.5 -31.3151 31.5434
    endloop
  endfacet
  facet normal -1 0 0
    outer loop
      vertex 0.5 -31.4166 30.9463
      vertex 0.5 -31.3151 31.5434
      vertex 0.5 -31.3296 30.9364
    endloop
  endfacet
  facet normal -1 0 0
    outer loop
      vertex 0.5 -31.4166 30.9463
      vertex 0.5 -31.4635 31.5498
      vertex 0.5 -31.3151 31.5434
    endloop
  endfacet
  facet normal -1 0 0
    outer loop
      vertex 0.5 -31.5103 30.9496
      vertex 0.5 -31.4635 31.5498
      vertex 0.5 -31.4166 30.9463
    endloop
  endfacet
  facet normal -1 0 0
    outer loop
      vertex 0.5 -33.2558 31.5498
      vertex 0.5 -31.5103 30.9496
      vertex 0.5 -33.2558 30.9496
    endloop
  endfacet
  facet normal -1 0 0
    outer loop
      vertex 0.5 -31.5103 30.9496
      vertex 0.5 -33.2558 31.5498
      vertex 0.5 -31.4635 31.5498
    endloop
  endfacet
  facet normal -1 -0 0
    outer loop
      vertex 0.5 -30.3894 24.4346
      vertex 0.5 -30.8371 24.406
      vertex 0.5 -30.8349 24.4854
    endloop
  endfacet
  facet normal -1 0 0
    outer loop
      vertex 0.5 -30.7395 23.4773
      vertex 0.5 -30.8435 24.333
      vertex 0.5 -30.8371 24.406
    endloop
  endfacet
  facet normal -1 0 0
    outer loop
      vertex 0.5 -30.7395 23.4773
      vertex 0.5 -30.8541 24.2664
      vertex 0.5 -30.8435 24.333
    endloop
  endfacet
  facet normal -1 0 0
    outer loop
      vertex 0.5 -30.7395 23.4773
      vertex 0.5 -30.8691 24.2061
      vertex 0.5 -30.8541 24.2664
    endloop
  endfacet
  facet normal -1 0 0
    outer loop
      vertex 0.5 -30.7395 23.4773
      vertex 0.5 -30.8884 24.1521
      vertex 0.5 -30.8691 24.2061
    endloop
  endfacet
  facet normal -1 0 0
    outer loop
      vertex 0.5 -31.0936 23.9545
      vertex 0.5 -30.8186 23.4235
      vertex 0.5 -30.9049 23.3817
    endloop
  endfacet
  facet normal -1 0 0
    outer loop
      vertex 0.5 -30.7395 23.4773
      vertex 0.5 -30.9119 24.1045
      vertex 0.5 -30.8884 24.1521
    endloop
  endfacet
  facet normal -1 0 0
    outer loop
      vertex 0.5 -30.7395 23.4773
      vertex 0.5 -30.9397 24.0633
      vertex 0.5 -30.9119 24.1045
    endloop
  endfacet
  facet normal -1 0 0
    outer loop
      vertex 0.5 -30.7395 23.4773
      vertex 0.5 -30.9717 24.0279
      vertex 0.5 -30.9397 24.0633
    endloop
  endfacet
  facet normal -1 0 0
    outer loop
      vertex 0.5 -31.1428 23.9409
      vertex 0.5 -30.9049 23.3817
      vertex 0.5 -30.9985 23.3518
    endloop
  endfacet
  facet normal -1 0 0
    outer loop
      vertex 0.5 -30.7395 23.4773
      vertex 0.5 -31.0081 23.998
      vertex 0.5 -30.9717 24.0279
    endloop
  endfacet
  facet normal -1 0 0
    outer loop
      vertex 0.5 -30.7395 23.4773
      vertex 0.5 -31.0487 23.9735
      vertex 0.5 -31.0081 23.998
    endloop
  endfacet
  facet normal -1 0 0
    outer loop
      vertex 0.5 -30.8186 23.4235
      vertex 0.5 -31.0936 23.9545
      vertex 0.5 -31.0487 23.9735
    endloop
  endfacet
  facet normal -1 0 0
    outer loop
      vertex 0.5 -31.1428 23.9409
      vertex 0.5 -30.9985 23.3518
      vertex 0.5 -31.0992 23.3338
    endloop
  endfacet
  facet normal -1 0 0
    outer loop
      vertex 0.5 -30.9049 23.3817
      vertex 0.5 -31.1428 23.9409
      vertex 0.5 -31.0936 23.9545
    endloop
  endfacet
  facet normal -1 0 0
    outer loop
      vertex 0.5 -31.0992 23.3338
      vertex 0.5 -31.1963 23.9327
      vertex 0.5 -31.1428 23.9409
    endloop
  endfacet
  facet normal -1 0 0
    outer loop
      vertex 0.5 -31.2072 23.3279
      vertex 0.5 -31.1963 23.9327
      vertex 0.5 -31.0992 23.3338
    endloop
  endfacet
  facet normal -1 0 0
    outer loop
      vertex 0.5 -31.2072 23.3279
      vertex 0.5 -31.254 23.93
      vertex 0.5 -31.1963 23.9327
    endloop
  endfacet
  facet normal -1 0 0
    outer loop
      vertex 0.5 -31.2886 23.3316
      vertex 0.5 -31.254 23.93
      vertex 0.5 -31.2072 23.3279
    endloop
  endfacet
  facet normal -1 0 0
    outer loop
      vertex 0.5 -31.3652 23.3427
      vertex 0.5 -31.254 23.93
      vertex 0.5 -31.2886 23.3316
    endloop
  endfacet
  facet normal -1 0 0
    outer loop
      vertex 0.5 -31.4372 23.3613
      vertex 0.5 -31.254 23.93
      vertex 0.5 -31.3652 23.3427
    endloop
  endfacet
  facet normal -1 -0 0
    outer loop
      vertex 0.5 -31.254 23.93
      vertex 0.5 -31.4372 23.3613
      vertex 0.5 -31.3608 23.9418
    endloop
  endfacet
  facet normal -1 0 0
    outer loop
      vertex 0.5 -31.5045 23.3873
      vertex 0.5 -31.3608 23.9418
      vertex 0.5 -31.4372 23.3613
    endloop
  endfacet
  facet normal -1 0 0
    outer loop
      vertex 0.5 -31.5671 23.4208
      vertex 0.5 -31.3608 23.9418
      vertex 0.5 -31.5045 23.3873
    endloop
  endfacet
  facet normal -1 0 0
    outer loop
      vertex 0.5 -31.6249 23.4616
      vertex 0.5 -31.3608 23.9418
      vertex 0.5 -31.5671 23.4208
    endloop
  endfacet
  facet normal -1 0 0
    outer loop
      vertex 0.5 -31.6782 23.5099
      vertex 0.5 -31.3608 23.9418
      vertex 0.5 -31.6249 23.4616
    endloop
  endfacet
  facet normal -1 -0 0
    outer loop
      vertex 0.5 -31.3608 23.9418
      vertex 0.5 -31.6782 23.5099
      vertex 0.5 -31.4513 23.9772
    endloop
  endfacet
  facet normal -1 0 0
    outer loop
      vertex 0.5 -31.7262 23.5653
      vertex 0.5 -31.4513 23.9772
      vertex 0.5 -31.6782 23.5099
    endloop
  endfacet
  facet normal -1 0 0
    outer loop
      vertex 0.5 -31.7687 23.6275
      vertex 0.5 -31.4513 23.9772
      vertex 0.5 -31.7262 23.5653
    endloop
  endfacet
  facet normal -1 0 0
    outer loop
      vertex 0.5 -31.8055 23.6964
      vertex 0.5 -31.4513 23.9772
      vertex 0.5 -31.7687 23.6275
    endloop
  endfacet
  facet normal -1 0 0
    outer loop
      vertex 0.5 -31.8367 23.7722
      vertex 0.5 -31.4513 23.9772
      vertex 0.5 -31.8055 23.6964
    endloop
  endfacet
  facet normal -1 -0 0
    outer loop
      vertex 0.5 -31.5253 24.0361
      vertex 0.5 -31.8824 23.9439
      vertex 0.5 -31.5828 24.1187
    endloop
  endfacet
  facet normal -1 -0 0
    outer loop
      vertex 0.5 -31.4513 23.9772
      vertex 0.5 -31.8367 23.7722
      vertex 0.5 -31.5253 24.0361
    endloop
  endfacet
  facet normal -1 0 0
    outer loop
      vertex 0.5 -30.8371 24.406
      vertex 0.5 -30.3894 24.4346
      vertex 0.5 -30.3937 24.2904
    endloop
  endfacet
  facet normal -1 0 0
    outer loop
      vertex 0.5 -30.8371 24.406
      vertex 0.5 -30.3937 24.2904
      vertex 0.5 -30.4068 24.1556
    endloop
  endfacet
  facet normal -1 0 0
    outer loop
      vertex 0.5 -30.8371 24.406
      vertex 0.5 -30.4068 24.1556
      vertex 0.5 -30.4286 24.03
    endloop
  endfacet
  facet normal -1 0 0
    outer loop
      vertex 0.5 -30.8371 24.406
      vertex 0.5 -30.4286 24.03
      vertex 0.5 -30.4591 23.9138
    endloop
  endfacet
  facet normal -1 0 0
    outer loop
      vertex 0.5 -30.8371 24.406
      vertex 0.5 -30.4591 23.9138
      vertex 0.5 -30.4984 23.8068
    endloop
  endfacet
  facet normal -1 0 0
    outer loop
      vertex 0.5 -30.8371 24.406
      vertex 0.5 -30.4984 23.8068
      vertex 0.5 -30.5463 23.7092
    endloop
  endfacet
  facet normal -1 0 0
    outer loop
      vertex 0.5 -30.8371 24.406
      vertex 0.5 -30.5463 23.7092
      vertex 0.5 -30.603 23.6208
    endloop
  endfacet
  facet normal -1 0 0
    outer loop
      vertex 0.5 -30.8371 24.406
      vertex 0.5 -30.603 23.6208
      vertex 0.5 -30.6676 23.5431
    endloop
  endfacet
  facet normal -1 0 0
    outer loop
      vertex 0.5 -30.8371 24.406
      vertex 0.5 -30.6676 23.5431
      vertex 0.5 -30.7395 23.4773
    endloop
  endfacet
  facet normal -1 0 0
    outer loop
      vertex 0.5 -31.0487 23.9735
      vertex 0.5 -30.7395 23.4773
      vertex 0.5 -30.8186 23.4235
    endloop
  endfacet
  facet normal -1 0 0
    outer loop
      vertex 0.5 -30.3894 24.4346
      vertex 0.5 -30.8349 24.4854
      vertex 0.5 -30.8349 25.2686
    endloop
  endfacet
  facet normal -1 0 0
    outer loop
      vertex 0.5 -30.3894 24.4346
      vertex 0.5 -30.8349 25.2686
      vertex 0.5 -30.3894 25.8688
    endloop
  endfacet
  facet normal -1 0 0
    outer loop
      vertex 0.5 -31.6568 25.2686
      vertex 0.5 -30.3894 25.8688
      vertex 0.5 -30.8349 25.2686
    endloop
  endfacet
  facet normal -1 0 0
    outer loop
      vertex 0.5 -31.8624 23.8546
      vertex 0.5 -31.5253 24.0361
      vertex 0.5 -31.8367 23.7722
    endloop
  endfacet
  facet normal -1 0 0
    outer loop
      vertex 0.5 -31.8824 23.9439
      vertex 0.5 -31.5253 24.0361
      vertex 0.5 -31.8624 23.8546
    endloop
  endfacet
  facet normal -1 0 0
    outer loop
      vertex 0.5 -31.8968 24.0399
      vertex 0.5 -31.5828 24.1187
      vertex 0.5 -31.8824 23.9439
    endloop
  endfacet
  facet normal -1 -0 0
    outer loop
      vertex 0.5 -31.5828 24.1187
      vertex 0.5 -31.8968 24.0399
      vertex 0.5 -31.6239 24.2248
    endloop
  endfacet
  facet normal -1 -0 0
    outer loop
      vertex 0.5 -31.6239 24.2248
      vertex 0.5 -31.8968 24.0399
      vertex 0.5 -31.6486 24.3545
    endloop
  endfacet
  facet normal -1 0 0
    outer loop
      vertex 0.5 -32.1292 24.3359
      vertex 0.5 -31.6486 24.3545
      vertex 0.5 -31.8968 24.0399
    endloop
  endfacet
  facet normal -1 0 -0
    outer loop
      vertex 0.5 -32.1075 24.4471
      vertex 0.5 -31.6486 24.3545
      vertex 0.5 -32.1165 24.3887
    endloop
  endfacet
  facet normal -1 0 0
    outer loop
      vertex 0.5 -32.2159 24.1813
      vertex 0.5 -31.8968 24.0399
      vertex 0.5 -31.9159 23.9637
    endloop
  endfacet
  facet normal -1 0 0
    outer loop
      vertex 0.5 -32.2466 24.1555
      vertex 0.5 -31.9159 23.9637
      vertex 0.5 -31.9394 23.8933
    endloop
  endfacet
  facet normal -1 0 0
    outer loop
      vertex 0.5 -32.2809 24.1344
      vertex 0.5 -31.9394 23.8933
      vertex 0.5 -31.9674 23.8287
    endloop
  endfacet
  facet normal -1 0 0
    outer loop
      vertex 0.5 -32.2809 24.1344
      vertex 0.5 -31.9674 23.8287
      vertex 0.5 -31.9998 23.7699
    endloop
  endfacet
  facet normal -1 0 0
    outer loop
      vertex 0.5 -32.3188 24.118
      vertex 0.5 -31.9998 23.7699
      vertex 0.5 -32.0367 23.7168
    endloop
  endfacet
  facet normal -1 0 0
    outer loop
      vertex 0.5 -32.3188 24.118
      vertex 0.5 -32.0367 23.7168
      vertex 0.5 -32.0779 23.6695
    endloop
  endfacet
  facet normal -1 0 0
    outer loop
      vertex 0.5 -31.6486 24.3545
      vertex 0.5 -32.1075 24.4471
      vertex 0.5 -31.6568 24.5078
    endloop
  endfacet
  facet normal -1 0 0
    outer loop
      vertex 0.5 -32.1003 25.2686
      vertex 0.5 -31.6568 25.2686
      vertex 0.5 -32.1003 24.581
    endloop
  endfacet
  facet normal -1 0 0
    outer loop
      vertex 0.5 -33.2558 25.8688
      vertex 0.5 -31.6568 25.2686
      vertex 0.5 -32.1003 25.2686
    endloop
  endfacet
  facet normal -1 0 0
    outer loop
      vertex 0.5 -33.2558 25.8688
      vertex 0.5 -32.1003 25.2686
      vertex 0.5 -32.8103 25.2686
    endloop
  endfacet
  facet normal -1 -0 0
    outer loop
      vertex 0.5 -32.7505 24.2575
      vertex 0.5 -33.2224 24.1536
      vertex 0.5 -32.7687 24.3
    endloop
  endfacet
  facet normal -1 -0 0
    outer loop
      vertex 0.5 -32.7687 24.3
      vertex 0.5 -33.2224 24.1536
      vertex 0.5 -32.7837 24.3473
    endloop
  endfacet
  facet normal -1 0 0
    outer loop
      vertex 0.5 -33.2409 24.2775
      vertex 0.5 -32.7837 24.3473
      vertex 0.5 -33.2224 24.1536
    endloop
  endfacet
  facet normal -1 -0 0
    outer loop
      vertex 0.5 -32.7837 24.3473
      vertex 0.5 -33.2409 24.2775
      vertex 0.5 -32.7953 24.3994
    endloop
  endfacet
  facet normal -1 0 0
    outer loop
      vertex 0.5 -33.2521 24.4119
      vertex 0.5 -32.7953 24.3994
      vertex 0.5 -33.2409 24.2775
    endloop
  endfacet
  facet normal -1 0 0
    outer loop
      vertex 0.5 -32.7953 24.3994
      vertex 0.5 -33.2521 24.4119
      vertex 0.5 -32.8036 24.4565
    endloop
  endfacet
  facet normal -1 -0 0
    outer loop
      vertex 0.5 -32.8036 24.4565
      vertex 0.5 -33.2521 24.4119
      vertex 0.5 -32.8086 24.5184
    endloop
  endfacet
  facet normal -1 0 0
    outer loop
      vertex 0.5 -33.2558 24.5566
      vertex 0.5 -32.8086 24.5184
      vertex 0.5 -33.2521 24.4119
    endloop
  endfacet
  facet normal -1 0 0
    outer loop
      vertex 0.5 -32.8086 24.5184
      vertex 0.5 -33.2558 24.5566
      vertex 0.5 -32.8103 24.5851
    endloop
  endfacet
  facet normal -1 -0 0
    outer loop
      vertex 0.5 -32.8103 24.5851
      vertex 0.5 -33.2558 24.5566
      vertex 0.5 -32.8103 25.2686
    endloop
  endfacet
  facet normal -1 0 0
    outer loop
      vertex 0.5 -31.6568 25.2686
      vertex 0.5 -33.2558 25.8688
      vertex 0.5 -30.3894 25.8688
    endloop
  endfacet
  facet normal -1 0 0
    outer loop
      vertex 0.5 -33.2558 25.8688
      vertex 0.5 -32.8103 25.2686
      vertex 0.5 -33.2558 24.5566
    endloop
  endfacet
  facet normal -1 0 0
    outer loop
      vertex 0.5 -31.6568 24.5078
      vertex 0.5 -32.1003 24.581
      vertex 0.5 -31.6568 25.2686
    endloop
  endfacet
  facet normal -1 0 0
    outer loop
      vertex 0.5 -31.6568 24.5078
      vertex 0.5 -32.1021 24.5112
      vertex 0.5 -32.1003 24.581
    endloop
  endfacet
  facet normal -1 -0 0
    outer loop
      vertex 0.5 -31.6568 24.5078
      vertex 0.5 -32.1075 24.4471
      vertex 0.5 -32.1021 24.5112
    endloop
  endfacet
  facet normal -1 0 0
    outer loop
      vertex 0.5 -32.3603 24.1062
      vertex 0.5 -32.0779 23.6695
      vertex 0.5 -32.1237 23.6279
    endloop
  endfacet
  facet normal -1 -0 0
    outer loop
      vertex 0.5 -31.6486 24.3545
      vertex 0.5 -32.1292 24.3359
      vertex 0.5 -32.1165 24.3887
    endloop
  endfacet
  facet normal -1 0 0
    outer loop
      vertex 0.5 -31.8968 24.0399
      vertex 0.5 -32.1454 24.2889
      vertex 0.5 -32.1292 24.3359
    endloop
  endfacet
  facet normal -1 0 0
    outer loop
      vertex 0.5 -31.8968 24.0399
      vertex 0.5 -32.1653 24.2475
      vertex 0.5 -32.1454 24.2889
    endloop
  endfacet
  facet normal -1 0 0
    outer loop
      vertex 0.5 -32.3603 24.1062
      vertex 0.5 -32.1237 23.6279
      vertex 0.5 -32.1732 23.5921
    endloop
  endfacet
  facet normal -1 0 0
    outer loop
      vertex 0.5 -31.8968 24.0399
      vertex 0.5 -32.1888 24.2118
      vertex 0.5 -32.1653 24.2475
    endloop
  endfacet
  facet normal -1 0 0
    outer loop
      vertex 0.5 -31.8968 24.0399
      vertex 0.5 -32.2159 24.1813
      vertex 0.5 -32.1888 24.2118
    endloop
  endfacet
  facet normal -1 0 0
    outer loop
      vertex 0.5 -32.3603 24.1062
      vertex 0.5 -32.1732 23.5921
      vertex 0.5 -32.2258 23.5617
    endloop
  endfacet
  facet normal -1 0 0
    outer loop
      vertex 0.5 -31.9159 23.9637
      vertex 0.5 -32.2466 24.1555
      vertex 0.5 -32.2159 24.1813
    endloop
  endfacet
  facet normal -1 0 0
    outer loop
      vertex 0.5 -31.9394 23.8933
      vertex 0.5 -32.2809 24.1344
      vertex 0.5 -32.2466 24.1555
    endloop
  endfacet
  facet normal -1 0 0
    outer loop
      vertex 0.5 -32.4055 24.0992
      vertex 0.5 -32.2258 23.5617
      vertex 0.5 -32.2815 23.5368
    endloop
  endfacet
  facet normal -1 0 0
    outer loop
      vertex 0.5 -31.9998 23.7699
      vertex 0.5 -32.3188 24.118
      vertex 0.5 -32.2809 24.1344
    endloop
  endfacet
  facet normal -1 0 0
    outer loop
      vertex 0.5 -32.4055 24.0992
      vertex 0.5 -32.2815 23.5368
      vertex 0.5 -32.3404 23.5175
    endloop
  endfacet
  facet normal -1 0 0
    outer loop
      vertex 0.5 -32.0779 23.6695
      vertex 0.5 -32.3603 24.1062
      vertex 0.5 -32.3188 24.118
    endloop
  endfacet
  facet normal -1 0 0
    outer loop
      vertex 0.5 -32.4543 24.0968
      vertex 0.5 -32.3404 23.5175
      vertex 0.5 -32.4024 23.5037
    endloop
  endfacet
  facet normal -1 0 0
    outer loop
      vertex 0.5 -32.2258 23.5617
      vertex 0.5 -32.4055 24.0992
      vertex 0.5 -32.3603 24.1062
    endloop
  endfacet
  facet normal -1 0 0
    outer loop
      vertex 0.5 -32.3404 23.5175
      vertex 0.5 -32.4543 24.0968
      vertex 0.5 -32.4055 24.0992
    endloop
  endfacet
  facet normal -1 0 0
    outer loop
      vertex 0.5 -32.4674 23.4954
      vertex 0.5 -32.4543 24.0968
      vertex 0.5 -32.4024 23.5037
    endloop
  endfacet
  facet normal -1 0 0
    outer loop
      vertex 0.5 -32.4674 23.4954
      vertex 0.5 -32.5072 24.0994
      vertex 0.5 -32.4543 24.0968
    endloop
  endfacet
  facet normal -1 0 0
    outer loop
      vertex 0.5 -32.5356 23.4926
      vertex 0.5 -32.5072 24.0994
      vertex 0.5 -32.4674 23.4954
    endloop
  endfacet
  facet normal -1 0 0
    outer loop
      vertex 0.5 -32.6338 23.4981
      vertex 0.5 -32.5072 24.0994
      vertex 0.5 -32.5356 23.4926
    endloop
  endfacet
  facet normal -1 -0 0
    outer loop
      vertex 0.5 -32.5072 24.0994
      vertex 0.5 -32.6338 23.4981
      vertex 0.5 -32.5556 24.1069
    endloop
  endfacet
  facet normal -1 0 0
    outer loop
      vertex 0.5 -32.7249 23.5146
      vertex 0.5 -32.5556 24.1069
      vertex 0.5 -32.6338 23.4981
    endloop
  endfacet
  facet normal -1 -0 0
    outer loop
      vertex 0.5 -32.5556 24.1069
      vertex 0.5 -32.7249 23.5146
      vertex 0.5 -32.5994 24.1195
    endloop
  endfacet
  facet normal -1 0 0
    outer loop
      vertex 0.5 -32.8088 23.5422
      vertex 0.5 -32.5994 24.1195
      vertex 0.5 -32.7249 23.5146
    endloop
  endfacet
  facet normal -1 0 0
    outer loop
      vertex 0.5 -32.8857 23.5807
      vertex 0.5 -32.5994 24.1195
      vertex 0.5 -32.8088 23.5422
    endloop
  endfacet
  facet normal -1 -0 0
    outer loop
      vertex 0.5 -32.5994 24.1195
      vertex 0.5 -32.8857 23.5807
      vertex 0.5 -32.6386 24.137
    endloop
  endfacet
  facet normal -1 0 0
    outer loop
      vertex 0.5 -32.9555 23.6302
      vertex 0.5 -32.6386 24.137
      vertex 0.5 -32.8857 23.5807
    endloop
  endfacet
  facet normal -1 0 0
    outer loop
      vertex 0.5 -33.0181 23.6907
      vertex 0.5 -32.6386 24.137
      vertex 0.5 -32.9555 23.6302
    endloop
  endfacet
  facet normal -1 -0 0
    outer loop
      vertex 0.5 -32.6386 24.137
      vertex 0.5 -33.0181 23.6907
      vertex 0.5 -32.6733 24.1596
    endloop
  endfacet
  facet normal -1 0 0
    outer loop
      vertex 0.5 -33.0737 23.7622
      vertex 0.5 -32.6733 24.1596
      vertex 0.5 -33.0181 23.6907
    endloop
  endfacet
  facet normal -1 0 0
    outer loop
      vertex 0.5 -33.122 23.8444
      vertex 0.5 -32.6733 24.1596
      vertex 0.5 -33.0737 23.7622
    endloop
  endfacet
  facet normal -1 -0 0
    outer loop
      vertex 0.5 -32.6733 24.1596
      vertex 0.5 -33.122 23.8444
      vertex 0.5 -32.7034 24.1873
    endloop
  endfacet
  facet normal -1 0 0
    outer loop
      vertex 0.5 -33.1629 23.9371
      vertex 0.5 -32.7034 24.1873
      vertex 0.5 -33.122 23.8444
    endloop
  endfacet
  facet normal -1 -0 0
    outer loop
      vertex 0.5 -32.7034 24.1873
      vertex 0.5 -33.1629 23.9371
      vertex 0.5 -32.7289 24.2199
    endloop
  endfacet
  facet normal -1 0 0
    outer loop
      vertex 0.5 -33.1963 24.0401
      vertex 0.5 -32.7289 24.2199
      vertex 0.5 -33.1629 23.9371
    endloop
  endfacet
  facet normal -1 0 0
    outer loop
      vertex 0.5 -33.2224 24.1536
      vertex 0.5 -32.7505 24.2575
      vertex 0.5 -33.1963 24.0401
    endloop
  endfacet
  facet normal -1 -0 0
    outer loop
      vertex 0.5 -32.7289 24.2199
      vertex 0.5 -33.1963 24.0401
      vertex 0.5 -32.7505 24.2575
    endloop
  endfacet
  facet normal 0 -0.996107 0.0881567
    outer loop
      vertex 0 -30.3669 27.1526
      vertex 0.5 -30.3532 27.3074
      vertex 0 -30.3532 27.3074
    endloop
  endfacet
  facet normal 0 -0.996107 0.0881567
    outer loop
      vertex 0.5 -30.3532 27.3074
      vertex 0 -30.3669 27.1526
      vertex 0.5 -30.3669 27.1526
    endloop
  endfacet
  facet normal 0 -0.9876 0.156992
    outer loop
      vertex 0 -30.3896 27.0098
      vertex 0.5 -30.3669 27.1526
      vertex 0 -30.3669 27.1526
    endloop
  endfacet
  facet normal 0 -0.9876 0.156992
    outer loop
      vertex 0.5 -30.3669 27.1526
      vertex 0 -30.3896 27.0098
      vertex 0.5 -30.3896 27.0098
    endloop
  endfacet
  facet normal 0 -0.971737 0.236067
    outer loop
      vertex 0 -30.4214 26.8789
      vertex 0.5 -30.3896 27.0098
      vertex 0 -30.3896 27.0098
    endloop
  endfacet
  facet normal 0 -0.971737 0.236067
    outer loop
      vertex 0.5 -30.3896 27.0098
      vertex 0 -30.4214 26.8789
      vertex 0.5 -30.4214 26.8789
    endloop
  endfacet
  facet normal 0 -0.945702 0.325035
    outer loop
      vertex 0 -30.4623 26.7599
      vertex 0.5 -30.4214 26.8789
      vertex 0 -30.4214 26.8789
    endloop
  endfacet
  facet normal 0 -0.945702 0.325035
    outer loop
      vertex 0.5 -30.4214 26.8789
      vertex 0 -30.4623 26.7599
      vertex 0.5 -30.4623 26.7599
    endloop
  endfacet
  facet normal 0 -0.905794 0.423719
    outer loop
      vertex 0 -30.5124 26.6528
      vertex 0.5 -30.4623 26.7599
      vertex 0 -30.4623 26.7599
    endloop
  endfacet
  facet normal 0 -0.905794 0.423719
    outer loop
      vertex 0.5 -30.4623 26.7599
      vertex 0 -30.5124 26.6528
      vertex 0.5 -30.5124 26.6528
    endloop
  endfacet
  facet normal 0 -0.849999 0.526785
    outer loop
      vertex 0 -30.5714 26.5576
      vertex 0.5 -30.5124 26.6528
      vertex 0 -30.5124 26.6528
    endloop
  endfacet
  facet normal 0 -0.849999 0.526785
    outer loop
      vertex 0.5 -30.5124 26.6528
      vertex 0 -30.5714 26.5576
      vertex 0.5 -30.5714 26.5576
    endloop
  endfacet
  facet normal 0 -0.774082 0.633085
    outer loop
      vertex 0 -30.6392 26.4747
      vertex 0.5 -30.5714 26.5576
      vertex 0 -30.5714 26.5576
    endloop
  endfacet
  facet normal 0 -0.774082 0.633085
    outer loop
      vertex 0.5 -30.5714 26.5576
      vertex 0 -30.6392 26.4747
      vertex 0.5 -30.6392 26.4747
    endloop
  endfacet
  facet normal 0 -0.679447 0.733725
    outer loop
      vertex 0 -30.6392 26.4747
      vertex 0.5 -30.7149 26.4046
      vertex 0.5 -30.6392 26.4747
    endloop
  endfacet
  facet normal 0 -0.679447 0.733725
    outer loop
      vertex 0.5 -30.7149 26.4046
      vertex 0 -30.6392 26.4747
      vertex 0 -30.7149 26.4046
    endloop
  endfacet
  facet normal 0 -0.563978 0.82579
    outer loop
      vertex 0 -30.7149 26.4046
      vertex 0.5 -30.7988 26.3473
      vertex 0.5 -30.7149 26.4046
    endloop
  endfacet
  facet normal 0 -0.563978 0.82579
    outer loop
      vertex 0.5 -30.7988 26.3473
      vertex 0 -30.7149 26.4046
      vertex 0 -30.7988 26.3473
    endloop
  endfacet
  facet normal 0 -0.436226 0.899837
    outer loop
      vertex 0 -30.7988 26.3473
      vertex 0.5 -30.8908 26.3027
      vertex 0.5 -30.7988 26.3473
    endloop
  endfacet
  facet normal 0 -0.436226 0.899837
    outer loop
      vertex 0.5 -30.8908 26.3027
      vertex 0 -30.7988 26.3473
      vertex 0 -30.8908 26.3027
    endloop
  endfacet
  facet normal 0 -0.303636 0.952788
    outer loop
      vertex 0 -30.8908 26.3027
      vertex 0.5 -30.9909 26.2708
      vertex 0.5 -30.8908 26.3027
    endloop
  endfacet
  facet normal 0 -0.303636 0.952788
    outer loop
      vertex 0.5 -30.9909 26.2708
      vertex 0 -30.8908 26.3027
      vertex 0 -30.9909 26.2708
    endloop
  endfacet
  facet normal 0 -0.173837 0.984774
    outer loop
      vertex 0 -30.9909 26.2708
      vertex 0.5 -31.0991 26.2517
      vertex 0.5 -30.9909 26.2708
    endloop
  endfacet
  facet normal 0 -0.173837 0.984774
    outer loop
      vertex 0.5 -31.0991 26.2517
      vertex 0 -30.9909 26.2708
      vertex 0 -31.0991 26.2517
    endloop
  endfacet
  facet normal 0 -0.0549941 0.998487
    outer loop
      vertex 0 -31.0991 26.2517
      vertex 0.5 -31.2153 26.2453
      vertex 0.5 -31.0991 26.2517
    endloop
  endfacet
  facet normal 0 -0.0549941 0.998487
    outer loop
      vertex 0.5 -31.2153 26.2453
      vertex 0 -31.0991 26.2517
      vertex 0 -31.2153 26.2453
    endloop
  endfacet
  facet normal -0 0.0218636 0.999761
    outer loop
      vertex 0 -31.2153 26.2453
      vertex 0.5 -31.2656 26.2464
      vertex 0.5 -31.2153 26.2453
    endloop
  endfacet
  facet normal 0 0.0218636 0.999761
    outer loop
      vertex 0.5 -31.2656 26.2464
      vertex 0 -31.2153 26.2453
      vertex 0 -31.2656 26.2464
    endloop
  endfacet
  facet normal -0 0.0697883 0.997562
    outer loop
      vertex 0 -31.2656 26.2464
      vertex 0.5 -31.3142 26.2498
      vertex 0.5 -31.2656 26.2464
    endloop
  endfacet
  facet normal 0 0.0697883 0.997562
    outer loop
      vertex 0.5 -31.3142 26.2498
      vertex 0 -31.2656 26.2464
      vertex 0 -31.3142 26.2498
    endloop
  endfacet
  facet normal -0 0.118561 0.992947
    outer loop
      vertex 0 -31.3142 26.2498
      vertex 0.5 -31.3611 26.2554
      vertex 0.5 -31.3142 26.2498
    endloop
  endfacet
  facet normal 0 0.118561 0.992947
    outer loop
      vertex 0.5 -31.3611 26.2554
      vertex 0 -31.3142 26.2498
      vertex 0 -31.3611 26.2554
    endloop
  endfacet
  facet normal -0 0.170053 0.985435
    outer loop
      vertex 0 -31.3611 26.2554
      vertex 0.5 -31.4063 26.2632
      vertex 0.5 -31.3611 26.2554
    endloop
  endfacet
  facet normal 0 0.170053 0.985435
    outer loop
      vertex 0.5 -31.4063 26.2632
      vertex 0 -31.3611 26.2554
      vertex 0 -31.4063 26.2632
    endloop
  endfacet
  facet normal -0 0.226168 0.974088
    outer loop
      vertex 0 -31.4063 26.2632
      vertex 0.5 -31.4498 26.2733
      vertex 0.5 -31.4063 26.2632
    endloop
  endfacet
  facet normal 0 0.226168 0.974088
    outer loop
      vertex 0.5 -31.4498 26.2733
      vertex 0 -31.4063 26.2632
      vertex 0 -31.4498 26.2733
    endloop
  endfacet
  facet normal -0 0.282291 0.959329
    outer loop
      vertex 0 -31.4498 26.2733
      vertex 0.5 -31.4916 26.2856
      vertex 0.5 -31.4498 26.2733
    endloop
  endfacet
  facet normal 0 0.282291 0.959329
    outer loop
      vertex 0.5 -31.4916 26.2856
      vertex 0 -31.4498 26.2733
      vertex 0 -31.4916 26.2856
    endloop
  endfacet
  facet normal -0 0.342119 0.939657
    outer loop
      vertex 0 -31.4916 26.2856
      vertex 0.5 -31.5317 26.3002
      vertex 0.5 -31.4916 26.2856
    endloop
  endfacet
  facet normal 0 0.342119 0.939657
    outer loop
      vertex 0.5 -31.5317 26.3002
      vertex 0 -31.4916 26.2856
      vertex 0 -31.5317 26.3002
    endloop
  endfacet
  facet normal -0 0.398813 0.917032
    outer loop
      vertex 0 -31.5317 26.3002
      vertex 0.5 -31.5701 26.3169
      vertex 0.5 -31.5317 26.3002
    endloop
  endfacet
  facet normal 0 0.398813 0.917032
    outer loop
      vertex 0.5 -31.5701 26.3169
      vertex 0 -31.5317 26.3002
      vertex 0 -31.5701 26.3169
    endloop
  endfacet
  facet normal -0 0.452042 0.891997
    outer loop
      vertex 0 -31.5701 26.3169
      vertex 0.5 -31.607 26.3356
      vertex 0.5 -31.5701 26.3169
    endloop
  endfacet
  facet normal 0 0.452042 0.891997
    outer loop
      vertex 0.5 -31.607 26.3356
      vertex 0 -31.5701 26.3169
      vertex 0 -31.607 26.3356
    endloop
  endfacet
  facet normal -0 0.505845 0.862624
    outer loop
      vertex 0 -31.607 26.3356
      vertex 0.5 -31.6423 26.3563
      vertex 0.5 -31.607 26.3356
    endloop
  endfacet
  facet normal 0 0.505845 0.862624
    outer loop
      vertex 0.5 -31.6423 26.3563
      vertex 0 -31.607 26.3356
      vertex 0 -31.6423 26.3563
    endloop
  endfacet
  facet normal -0 0.556973 0.830531
    outer loop
      vertex 0 -31.6423 26.3563
      vertex 0.5 -31.676 26.3789
      vertex 0.5 -31.6423 26.3563
    endloop
  endfacet
  facet normal 0 0.556973 0.830531
    outer loop
      vertex 0.5 -31.676 26.3789
      vertex 0 -31.6423 26.3563
      vertex 0 -31.676 26.3789
    endloop
  endfacet
  facet normal -0 0.60983 0.792532
    outer loop
      vertex 0 -31.676 26.3789
      vertex 0.5 -31.7081 26.4036
      vertex 0.5 -31.676 26.3789
    endloop
  endfacet
  facet normal 0 0.60983 0.792532
    outer loop
      vertex 0.5 -31.7081 26.4036
      vertex 0 -31.676 26.3789
      vertex 0 -31.7081 26.4036
    endloop
  endfacet
  facet normal -0 0.657458 0.753491
    outer loop
      vertex 0 -31.7081 26.4036
      vertex 0.5 -31.7387 26.4303
      vertex 0.5 -31.7081 26.4036
    endloop
  endfacet
  facet normal 0 0.657458 0.753491
    outer loop
      vertex 0.5 -31.7387 26.4303
      vertex 0 -31.7081 26.4036
      vertex 0 -31.7387 26.4303
    endloop
  endfacet
  facet normal -0 0.702179 0.712
    outer loop
      vertex 0 -31.7387 26.4303
      vertex 0.5 -31.7677 26.4589
      vertex 0.5 -31.7387 26.4303
    endloop
  endfacet
  facet normal 0 0.702179 0.712
    outer loop
      vertex 0.5 -31.7677 26.4589
      vertex 0 -31.7387 26.4303
      vertex 0 -31.7677 26.4589
    endloop
  endfacet
  facet normal 0 0.747806 0.663917
    outer loop
      vertex 0.5 -31.7677 26.4589
      vertex 0 -31.7954 26.4901
      vertex 0.5 -31.7954 26.4901
    endloop
  endfacet
  facet normal 0 0.747806 0.663917
    outer loop
      vertex 0 -31.7954 26.4901
      vertex 0.5 -31.7677 26.4589
      vertex 0 -31.7677 26.4589
    endloop
  endfacet
  facet normal 0 0.789352 0.613941
    outer loop
      vertex 0.5 -31.7954 26.4901
      vertex 0 -31.822 26.5243
      vertex 0.5 -31.822 26.5243
    endloop
  endfacet
  facet normal 0 0.789352 0.613941
    outer loop
      vertex 0 -31.822 26.5243
      vertex 0.5 -31.7954 26.4901
      vertex 0 -31.7954 26.4901
    endloop
  endfacet
  facet normal 0 0.822749 0.568405
    outer loop
      vertex 0.5 -31.822 26.5243
      vertex 0 -31.8477 26.5615
      vertex 0.5 -31.8477 26.5615
    endloop
  endfacet
  facet normal 0 0.822749 0.568405
    outer loop
      vertex 0 -31.8477 26.5615
      vertex 0.5 -31.822 26.5243
      vertex 0 -31.822 26.5243
    endloop
  endfacet
  facet normal 0 0.852022 0.523506
    outer loop
      vertex 0.5 -31.8477 26.5615
      vertex 0 -31.8724 26.6017
      vertex 0.5 -31.8724 26.6017
    endloop
  endfacet
  facet normal 0 0.852022 0.523506
    outer loop
      vertex 0 -31.8724 26.6017
      vertex 0.5 -31.8477 26.5615
      vertex 0 -31.8477 26.5615
    endloop
  endfacet
  facet normal 0 0.876344 0.481686
    outer loop
      vertex 0.5 -31.8724 26.6017
      vertex 0 -31.8962 26.645
      vertex 0.5 -31.8962 26.645
    endloop
  endfacet
  facet normal 0 0.876344 0.481686
    outer loop
      vertex 0 -31.8962 26.645
      vertex 0.5 -31.8724 26.6017
      vertex 0 -31.8724 26.6017
    endloop
  endfacet
  facet normal 0 0.897891 0.440219
    outer loop
      vertex 0.5 -31.8962 26.645
      vertex 0 -31.9189 26.6913
      vertex 0.5 -31.9189 26.6913
    endloop
  endfacet
  facet normal 0 0.897891 0.440219
    outer loop
      vertex 0 -31.9189 26.6913
      vertex 0.5 -31.8962 26.645
      vertex 0 -31.8962 26.645
    endloop
  endfacet
  facet normal 0 0.915561 0.40218
    outer loop
      vertex 0.5 -31.9189 26.6913
      vertex 0 -31.9406 26.7407
      vertex 0.5 -31.9406 26.7407
    endloop
  endfacet
  facet normal 0 0.915561 0.40218
    outer loop
      vertex 0 -31.9406 26.7407
      vertex 0.5 -31.9189 26.6913
      vertex 0 -31.9189 26.6913
    endloop
  endfacet
  facet normal 0 0.932696 0.360665
    outer loop
      vertex 0.5 -31.9406 26.7407
      vertex 0 -31.9621 26.7963
      vertex 0.5 -31.9621 26.7963
    endloop
  endfacet
  facet normal 0 0.932696 0.360665
    outer loop
      vertex 0 -31.9621 26.7963
      vertex 0.5 -31.9406 26.7407
      vertex 0 -31.9406 26.7407
    endloop
  endfacet
  facet normal 0 0.947663 0.319274
    outer loop
      vertex 0.5 -31.9621 26.7963
      vertex 0 -31.9841 26.8616
      vertex 0.5 -31.9841 26.8616
    endloop
  endfacet
  facet normal 0 0.947663 0.319274
    outer loop
      vertex 0 -31.9841 26.8616
      vertex 0.5 -31.9621 26.7963
      vertex 0 -31.9621 26.7963
    endloop
  endfacet
  facet normal 0 0.957615 0.288053
    outer loop
      vertex 0.5 -31.9841 26.8616
      vertex 0 -32.0066 26.9364
      vertex 0.5 -32.0066 26.9364
    endloop
  endfacet
  facet normal 0 0.957615 0.288053
    outer loop
      vertex 0 -32.0066 26.9364
      vertex 0.5 -31.9841 26.8616
      vertex 0 -31.9841 26.8616
    endloop
  endfacet
  facet normal 0 0.964235 0.26505
    outer loop
      vertex 0.5 -32.0066 26.9364
      vertex 0 -32.0298 27.0208
      vertex 0.5 -32.0298 27.0208
    endloop
  endfacet
  facet normal 0 0.964235 0.26505
    outer loop
      vertex 0 -32.0298 27.0208
      vertex 0.5 -32.0066 26.9364
      vertex 0 -32.0066 26.9364
    endloop
  endfacet
  facet normal 0 0.969899 0.243507
    outer loop
      vertex 0.5 -32.0298 27.0208
      vertex 0 -32.0534 27.1148
      vertex 0.5 -32.0534 27.1148
    endloop
  endfacet
  facet normal 0 0.969899 0.243507
    outer loop
      vertex 0 -32.0534 27.1148
      vertex 0.5 -32.0298 27.0208
      vertex 0 -32.0298 27.0208
    endloop
  endfacet
  facet normal 0 0.973834 0.227259
    outer loop
      vertex 0.5 -32.0534 27.1148
      vertex 0 -32.0776 27.2185
      vertex 0.5 -32.0776 27.2185
    endloop
  endfacet
  facet normal 0 0.973834 0.227259
    outer loop
      vertex 0 -32.0776 27.2185
      vertex 0.5 -32.0534 27.1148
      vertex 0 -32.0534 27.1148
    endloop
  endfacet
  facet normal 0 0.976973 0.213362
    outer loop
      vertex 0.5 -32.0776 27.2185
      vertex 0 -32.1023 27.3316
      vertex 0.5 -32.1023 27.3316
    endloop
  endfacet
  facet normal 0 0.976973 0.213362
    outer loop
      vertex 0 -32.1023 27.3316
      vertex 0.5 -32.0776 27.2185
      vertex 0 -32.0776 27.2185
    endloop
  endfacet
  facet normal 0 0.976284 0.216494
    outer loop
      vertex 0.5 -32.1023 27.3316
      vertex 0 -32.1233 27.4263
      vertex 0.5 -32.1233 27.4263
    endloop
  endfacet
  facet normal 0 0.976284 0.216494
    outer loop
      vertex 0 -32.1233 27.4263
      vertex 0.5 -32.1023 27.3316
      vertex 0 -32.1023 27.3316
    endloop
  endfacet
  facet normal 0 0.973672 0.227954
    outer loop
      vertex 0.5 -32.1233 27.4263
      vertex 0 -32.1432 27.5113
      vertex 0.5 -32.1432 27.5113
    endloop
  endfacet
  facet normal 0 0.973672 0.227954
    outer loop
      vertex 0 -32.1432 27.5113
      vertex 0.5 -32.1233 27.4263
      vertex 0 -32.1233 27.4263
    endloop
  endfacet
  facet normal 0 0.970143 0.242536
    outer loop
      vertex 0.5 -32.1432 27.5113
      vertex 0 -32.1621 27.5869
      vertex 0.5 -32.1621 27.5869
    endloop
  endfacet
  facet normal 0 0.970143 0.242536
    outer loop
      vertex 0 -32.1621 27.5869
      vertex 0.5 -32.1432 27.5113
      vertex 0 -32.1432 27.5113
    endloop
  endfacet
  facet normal 0 0.965034 0.262126
    outer loop
      vertex 0.5 -32.1621 27.5869
      vertex 0 -32.18 27.6528
      vertex 0.5 -32.18 27.6528
    endloop
  endfacet
  facet normal 0 0.965034 0.262126
    outer loop
      vertex 0 -32.18 27.6528
      vertex 0.5 -32.1621 27.5869
      vertex 0 -32.1621 27.5869
    endloop
  endfacet
  facet normal 0 0.958059 0.28657
    outer loop
      vertex 0.5 -32.18 27.6528
      vertex 0 -32.1969 27.7093
      vertex 0.5 -32.1969 27.7093
    endloop
  endfacet
  facet normal 0 0.958059 0.28657
    outer loop
      vertex 0 -32.1969 27.7093
      vertex 0.5 -32.18 27.6528
      vertex 0 -32.18 27.6528
    endloop
  endfacet
  facet normal 0 0.947462 0.31987
    outer loop
      vertex 0.5 -32.1969 27.7093
      vertex 0 -32.2127 27.7561
      vertex 0.5 -32.2127 27.7561
    endloop
  endfacet
  facet normal 0 0.947462 0.31987
    outer loop
      vertex 0 -32.2127 27.7561
      vertex 0.5 -32.1969 27.7093
      vertex 0 -32.1969 27.7093
    endloop
  endfacet
  facet normal 0 0.930691 0.365806
    outer loop
      vertex 0.5 -32.2127 27.7561
      vertex 0 -32.2274 27.7935
      vertex 0.5 -32.2274 27.7935
    endloop
  endfacet
  facet normal 0 0.930691 0.365806
    outer loop
      vertex 0 -32.2274 27.7935
      vertex 0.5 -32.2127 27.7561
      vertex 0 -32.2127 27.7561
    endloop
  endfacet
  facet normal 0 0.905667 0.42399
    outer loop
      vertex 0.5 -32.2274 27.7935
      vertex 0 -32.2421 27.8249
      vertex 0.5 -32.2421 27.8249
    endloop
  endfacet
  facet normal 0 0.905667 0.42399
    outer loop
      vertex 0 -32.2421 27.8249
      vertex 0.5 -32.2274 27.7935
      vertex 0 -32.2274 27.7935
    endloop
  endfacet
  facet normal 0 0.882605 0.470116
    outer loop
      vertex 0.5 -32.2421 27.8249
      vertex 0 -32.2576 27.854
      vertex 0.5 -32.2576 27.854
    endloop
  endfacet
  facet normal 0 0.882605 0.470116
    outer loop
      vertex 0 -32.2576 27.854
      vertex 0.5 -32.2421 27.8249
      vertex 0 -32.2421 27.8249
    endloop
  endfacet
  facet normal 0 0.851549 0.524275
    outer loop
      vertex 0.5 -32.2576 27.854
      vertex 0 -32.2741 27.8808
      vertex 0.5 -32.2741 27.8808
    endloop
  endfacet
  facet normal 0 0.851549 0.524275
    outer loop
      vertex 0 -32.2741 27.8808
      vertex 0.5 -32.2576 27.854
      vertex 0 -32.2576 27.854
    endloop
  endfacet
  facet normal 0 0.81798 0.575246
    outer loop
      vertex 0.5 -32.2741 27.8808
      vertex 0 -32.2914 27.9054
      vertex 0.5 -32.2914 27.9054
    endloop
  endfacet
  facet normal 0 0.81798 0.575246
    outer loop
      vertex 0 -32.2914 27.9054
      vertex 0.5 -32.2741 27.8808
      vertex 0 -32.2741 27.8808
    endloop
  endfacet
  facet normal 0 0.776433 0.630199
    outer loop
      vertex 0.5 -32.2914 27.9054
      vertex 0 -32.3095 27.9277
      vertex 0.5 -32.3095 27.9277
    endloop
  endfacet
  facet normal 0 0.776433 0.630199
    outer loop
      vertex 0 -32.3095 27.9277
      vertex 0.5 -32.2914 27.9054
      vertex 0 -32.2914 27.9054
    endloop
  endfacet
  facet normal 0 0.723191 0.690648
    outer loop
      vertex 0.5 -32.3095 27.9277
      vertex 0 -32.3286 27.9477
      vertex 0.5 -32.3286 27.9477
    endloop
  endfacet
  facet normal 0 0.723191 0.690648
    outer loop
      vertex 0 -32.3286 27.9477
      vertex 0.5 -32.3095 27.9277
      vertex 0 -32.3095 27.9277
    endloop
  endfacet
  facet normal -0 0.664597 0.747202
    outer loop
      vertex 0 -32.3286 27.9477
      vertex 0.5 -32.3485 27.9654
      vertex 0.5 -32.3286 27.9477
    endloop
  endfacet
  facet normal 0 0.664597 0.747202
    outer loop
      vertex 0.5 -32.3485 27.9654
      vertex 0 -32.3286 27.9477
      vertex 0 -32.3485 27.9654
    endloop
  endfacet
  facet normal -0 0.589537 0.807742
    outer loop
      vertex 0 -32.3485 27.9654
      vertex 0.5 -32.3696 27.9808
      vertex 0.5 -32.3485 27.9654
    endloop
  endfacet
  facet normal 0 0.589537 0.807742
    outer loop
      vertex 0.5 -32.3696 27.9808
      vertex 0 -32.3485 27.9654
      vertex 0 -32.3696 27.9808
    endloop
  endfacet
  facet normal -0 0.493683 0.869642
    outer loop
      vertex 0 -32.3696 27.9808
      vertex 0.5 -32.3925 27.9938
      vertex 0.5 -32.3696 27.9808
    endloop
  endfacet
  facet normal 0 0.493683 0.869642
    outer loop
      vertex 0.5 -32.3925 27.9938
      vertex 0 -32.3696 27.9808
      vertex 0 -32.3925 27.9938
    endloop
  endfacet
  facet normal -0 0.397082 0.917783
    outer loop
      vertex 0 -32.3925 27.9938
      vertex 0.5 -32.417 28.0044
      vertex 0.5 -32.3925 27.9938
    endloop
  endfacet
  facet normal 0 0.397082 0.917783
    outer loop
      vertex 0.5 -32.417 28.0044
      vertex 0 -32.3925 27.9938
      vertex 0 -32.417 28.0044
    endloop
  endfacet
  facet normal -0 0.303053 0.952974
    outer loop
      vertex 0 -32.417 28.0044
      vertex 0.5 -32.4431 28.0127
      vertex 0.5 -32.417 28.0044
    endloop
  endfacet
  facet normal 0 0.303053 0.952974
    outer loop
      vertex 0.5 -32.4431 28.0127
      vertex 0 -32.417 28.0044
      vertex 0 -32.4431 28.0127
    endloop
  endfacet
  facet normal -0 0.206894 0.978363
    outer loop
      vertex 0 -32.4431 28.0127
      vertex 0.5 -32.471 28.0186
      vertex 0.5 -32.4431 28.0127
    endloop
  endfacet
  facet normal 0 0.206894 0.978363
    outer loop
      vertex 0.5 -32.471 28.0186
      vertex 0 -32.4431 28.0127
      vertex 0 -32.471 28.0186
    endloop
  endfacet
  facet normal -0 0.121541 0.992586
    outer loop
      vertex 0 -32.471 28.0186
      vertex 0.5 -32.5004 28.0222
      vertex 0.5 -32.471 28.0186
    endloop
  endfacet
  facet normal 0 0.121541 0.992586
    outer loop
      vertex 0.5 -32.5004 28.0222
      vertex 0 -32.471 28.0186
      vertex 0 -32.5004 28.0222
    endloop
  endfacet
  facet normal -0 0.0352345 0.999379
    outer loop
      vertex 0 -32.5004 28.0222
      vertex 0.5 -32.5316 28.0233
      vertex 0.5 -32.5004 28.0222
    endloop
  endfacet
  facet normal 0 0.0352345 0.999379
    outer loop
      vertex 0.5 -32.5316 28.0233
      vertex 0 -32.5004 28.0222
      vertex 0 -32.5316 28.0233
    endloop
  endfacet
  facet normal 0 -0.121607 0.992578
    outer loop
      vertex 0 -32.5316 28.0233
      vertex 0.5 -32.6222 28.0122
      vertex 0.5 -32.5316 28.0233
    endloop
  endfacet
  facet normal 0 -0.121607 0.992578
    outer loop
      vertex 0.5 -32.6222 28.0122
      vertex 0 -32.5316 28.0233
      vertex 0 -32.6222 28.0122
    endloop
  endfacet
  facet normal 0 -0.398813 0.917032
    outer loop
      vertex 0 -32.6222 28.0122
      vertex 0.5 -32.699 27.9788
      vertex 0.5 -32.6222 28.0122
    endloop
  endfacet
  facet normal 0 -0.398813 0.917032
    outer loop
      vertex 0.5 -32.699 27.9788
      vertex 0 -32.6222 28.0122
      vertex 0 -32.699 27.9788
    endloop
  endfacet
  facet normal 0 -0.663475 0.748199
    outer loop
      vertex 0 -32.699 27.9788
      vertex 0.5 -32.7617 27.9232
      vertex 0.5 -32.699 27.9788
    endloop
  endfacet
  facet normal 0 -0.663475 0.748199
    outer loop
      vertex 0.5 -32.7617 27.9232
      vertex 0 -32.699 27.9788
      vertex 0 -32.7617 27.9232
    endloop
  endfacet
  facet normal 0 -0.846958 0.531659
    outer loop
      vertex 0 -32.8106 27.8453
      vertex 0.5 -32.7617 27.9232
      vertex 0 -32.7617 27.9232
    endloop
  endfacet
  facet normal 0 -0.846958 0.531659
    outer loop
      vertex 0.5 -32.7617 27.9232
      vertex 0 -32.8106 27.8453
      vertex 0.5 -32.8106 27.8453
    endloop
  endfacet
  facet normal 0 -0.944548 0.328374
    outer loop
      vertex 0 -32.8454 27.7452
      vertex 0.5 -32.8106 27.8453
      vertex 0 -32.8106 27.8453
    endloop
  endfacet
  facet normal 0 -0.944548 0.328374
    outer loop
      vertex 0.5 -32.8106 27.8453
      vertex 0 -32.8454 27.7452
      vertex 0.5 -32.8454 27.7452
    endloop
  endfacet
  facet normal 0 -0.985599 0.169098
    outer loop
      vertex 0 -32.8664 27.6228
      vertex 0.5 -32.8454 27.7452
      vertex 0 -32.8454 27.7452
    endloop
  endfacet
  facet normal 0 -0.985599 0.169098
    outer loop
      vertex 0.5 -32.8454 27.7452
      vertex 0 -32.8664 27.6228
      vertex 0.5 -32.8664 27.6228
    endloop
  endfacet
  facet normal 0 -0.998865 0.0476307
    outer loop
      vertex 0 -32.8733 27.4781
      vertex 0.5 -32.8664 27.6228
      vertex 0 -32.8664 27.6228
    endloop
  endfacet
  facet normal 0 -0.998865 0.0476307
    outer loop
      vertex 0.5 -32.8664 27.6228
      vertex 0 -32.8733 27.4781
      vertex 0.5 -32.8733 27.4781
    endloop
  endfacet
  facet normal 0 -0.99964 -0.0268265
    outer loop
      vertex 0 -32.8714 27.4073
      vertex 0.5 -32.8733 27.4781
      vertex 0 -32.8733 27.4781
    endloop
  endfacet
  facet normal 0 -0.99964 -0.0268265
    outer loop
      vertex 0.5 -32.8733 27.4781
      vertex 0 -32.8714 27.4073
      vertex 0.5 -32.8714 27.4073
    endloop
  endfacet
  facet normal 0 -0.99628 -0.0861729
    outer loop
      vertex 0 -32.8657 27.3414
      vertex 0.5 -32.8714 27.4073
      vertex 0 -32.8714 27.4073
    endloop
  endfacet
  facet normal 0 -0.99628 -0.0861729
    outer loop
      vertex 0.5 -32.8714 27.4073
      vertex 0 -32.8657 27.3414
      vertex 0.5 -32.8657 27.3414
    endloop
  endfacet
  facet normal 0 -0.987881 -0.155215
    outer loop
      vertex 0 -32.8561 27.2803
      vertex 0.5 -32.8657 27.3414
      vertex 0 -32.8657 27.3414
    endloop
  endfacet
  facet normal 0 -0.987881 -0.155215
    outer loop
      vertex 0.5 -32.8657 27.3414
      vertex 0 -32.8561 27.2803
      vertex 0.5 -32.8561 27.2803
    endloop
  endfacet
  facet normal 0 -0.973213 -0.229906
    outer loop
      vertex 0 -32.8428 27.224
      vertex 0.5 -32.8561 27.2803
      vertex 0 -32.8561 27.2803
    endloop
  endfacet
  facet normal 0 -0.973213 -0.229906
    outer loop
      vertex 0.5 -32.8561 27.2803
      vertex 0 -32.8428 27.224
      vertex 0.5 -32.8428 27.224
    endloop
  endfacet
  facet normal 0 -0.948127 -0.317891
    outer loop
      vertex 0 -32.8256 27.1727
      vertex 0.5 -32.8428 27.224
      vertex 0 -32.8428 27.224
    endloop
  endfacet
  facet normal 0 -0.948127 -0.317891
    outer loop
      vertex 0.5 -32.8428 27.224
      vertex 0 -32.8256 27.1727
      vertex 0.5 -32.8256 27.1727
    endloop
  endfacet
  facet normal 0 -0.911702 -0.410853
    outer loop
      vertex 0 -32.8046 27.1261
      vertex 0.5 -32.8256 27.1727
      vertex 0 -32.8256 27.1727
    endloop
  endfacet
  facet normal 0 -0.911702 -0.410853
    outer loop
      vertex 0.5 -32.8256 27.1727
      vertex 0 -32.8046 27.1261
      vertex 0.5 -32.8046 27.1261
    endloop
  endfacet
  facet normal 0 -0.858038 -0.513585
    outer loop
      vertex 0 -32.7797 27.0845
      vertex 0.5 -32.8046 27.1261
      vertex 0 -32.8046 27.1261
    endloop
  endfacet
  facet normal 0 -0.858038 -0.513585
    outer loop
      vertex 0.5 -32.8046 27.1261
      vertex 0 -32.7797 27.0845
      vertex 0.5 -32.7797 27.0845
    endloop
  endfacet
  facet normal 0 -0.794358 -0.60745
    outer loop
      vertex 0 -32.7511 27.0471
      vertex 0.5 -32.7797 27.0845
      vertex 0 -32.7797 27.0845
    endloop
  endfacet
  facet normal 0 -0.794358 -0.60745
    outer loop
      vertex 0.5 -32.7797 27.0845
      vertex 0 -32.7511 27.0471
      vertex 0.5 -32.7511 27.0471
    endloop
  endfacet
  facet normal 0 -0.719883 -0.694096
    outer loop
      vertex 0 -32.7188 27.0136
      vertex 0.5 -32.7511 27.0471
      vertex 0 -32.7511 27.0471
    endloop
  endfacet
  facet normal 0 -0.719883 -0.694096
    outer loop
      vertex 0.5 -32.7511 27.0471
      vertex 0 -32.7188 27.0136
      vertex 0.5 -32.7188 27.0136
    endloop
  endfacet
  facet normal 0 -0.636605 -0.77119
    outer loop
      vertex 0 -32.7188 27.0136
      vertex 0.5 -32.6827 26.9838
      vertex 0.5 -32.7188 27.0136
    endloop
  endfacet
  facet normal -0 -0.636605 -0.77119
    outer loop
      vertex 0.5 -32.6827 26.9838
      vertex 0 -32.7188 27.0136
      vertex 0 -32.6827 26.9838
    endloop
  endfacet
  facet normal 0 -0.546909 -0.837192
    outer loop
      vertex 0 -32.6827 26.9838
      vertex 0.5 -32.6429 26.9578
      vertex 0.5 -32.6827 26.9838
    endloop
  endfacet
  facet normal -0 -0.546909 -0.837192
    outer loop
      vertex 0.5 -32.6429 26.9578
      vertex 0 -32.6827 26.9838
      vertex 0 -32.6429 26.9578
    endloop
  endfacet
  facet normal 0 -0.456192 -0.889881
    outer loop
      vertex 0 -32.6429 26.9578
      vertex 0.5 -32.5994 26.9355
      vertex 0.5 -32.6429 26.9578
    endloop
  endfacet
  facet normal -0 -0.456192 -0.889881
    outer loop
      vertex 0.5 -32.5994 26.9355
      vertex 0 -32.6429 26.9578
      vertex 0 -32.5994 26.9355
    endloop
  endfacet
  facet normal 0 -0.362541 -0.931968
    outer loop
      vertex 0 -32.5994 26.9355
      vertex 0.5 -32.5521 26.9171
      vertex 0.5 -32.5994 26.9355
    endloop
  endfacet
  facet normal -0 -0.362541 -0.931968
    outer loop
      vertex 0.5 -32.5521 26.9171
      vertex 0 -32.5994 26.9355
      vertex 0 -32.5521 26.9171
    endloop
  endfacet
  facet normal 0 -0.276459 -0.961026
    outer loop
      vertex 0 -32.5521 26.9171
      vertex 0.5 -32.501 26.9024
      vertex 0.5 -32.5521 26.9171
    endloop
  endfacet
  facet normal -0 -0.276459 -0.961026
    outer loop
      vertex 0.5 -32.501 26.9024
      vertex 0 -32.5521 26.9171
      vertex 0 -32.501 26.9024
    endloop
  endfacet
  facet normal 0 -0.990816 0.13522
    outer loop
      vertex 0 -32.5804 26.3206
      vertex 0.5 -32.501 26.9024
      vertex 0 -32.501 26.9024
    endloop
  endfacet
  facet normal 0 -0.990816 0.13522
    outer loop
      vertex 0.5 -32.501 26.9024
      vertex 0 -32.5804 26.3206
      vertex 0.5 -32.5804 26.3206
    endloop
  endfacet
  facet normal -0 0.238631 0.97111
    outer loop
      vertex 0 -32.5804 26.3206
      vertex 0.5 -32.6858 26.3465
      vertex 0.5 -32.5804 26.3206
    endloop
  endfacet
  facet normal 0 0.238631 0.97111
    outer loop
      vertex 0.5 -32.6858 26.3465
      vertex 0 -32.5804 26.3206
      vertex 0 -32.6858 26.3465
    endloop
  endfacet
  facet normal -0 0.330568 0.943782
    outer loop
      vertex 0 -32.6858 26.3465
      vertex 0.5 -32.7823 26.3803
      vertex 0.5 -32.6858 26.3465
    endloop
  endfacet
  facet normal 0 0.330568 0.943782
    outer loop
      vertex 0.5 -32.7823 26.3803
      vertex 0 -32.6858 26.3465
      vertex 0 -32.7823 26.3803
    endloop
  endfacet
  facet normal -0 0.427732 0.903906
    outer loop
      vertex 0 -32.7823 26.3803
      vertex 0.5 -32.87 26.4218
      vertex 0.5 -32.7823 26.3803
    endloop
  endfacet
  facet normal 0 0.427732 0.903906
    outer loop
      vertex 0.5 -32.87 26.4218
      vertex 0 -32.7823 26.3803
      vertex 0 -32.87 26.4218
    endloop
  endfacet
  facet normal -0 0.530096 0.847938
    outer loop
      vertex 0 -32.87 26.4218
      vertex 0.5 -32.9487 26.471
      vertex 0.5 -32.87 26.4218
    endloop
  endfacet
  facet normal 0 0.530096 0.847938
    outer loop
      vertex 0.5 -32.9487 26.471
      vertex 0 -32.87 26.4218
      vertex 0 -32.9487 26.471
    endloop
  endfacet
  facet normal -0 0.632634 0.774451
    outer loop
      vertex 0 -32.9487 26.471
      vertex 0.5 -33.0186 26.5281
      vertex 0.5 -32.9487 26.471
    endloop
  endfacet
  facet normal 0 0.632634 0.774451
    outer loop
      vertex 0.5 -33.0186 26.5281
      vertex 0 -32.9487 26.471
      vertex 0 -33.0186 26.5281
    endloop
  endfacet
  facet normal 0 0.727605 0.685996
    outer loop
      vertex 0.5 -33.0186 26.5281
      vertex 0 -33.0796 26.5928
      vertex 0.5 -33.0796 26.5928
    endloop
  endfacet
  facet normal 0 0.727605 0.685996
    outer loop
      vertex 0 -33.0796 26.5928
      vertex 0.5 -33.0186 26.5281
      vertex 0 -33.0186 26.5281
    endloop
  endfacet
  facet normal 0 0.812446 0.583036
    outer loop
      vertex 0.5 -33.0796 26.5928
      vertex 0 -33.1317 26.6654
      vertex 0.5 -33.1317 26.6654
    endloop
  endfacet
  facet normal 0 0.812446 0.583036
    outer loop
      vertex 0 -33.1317 26.6654
      vertex 0.5 -33.0796 26.5928
      vertex 0 -33.0796 26.5928
    endloop
  endfacet
  facet normal 0 0.879573 0.475764
    outer loop
      vertex 0.5 -33.1317 26.6654
      vertex 0 -33.176 26.7473
      vertex 0.5 -33.176 26.7473
    endloop
  endfacet
  facet normal 0 0.879573 0.475764
    outer loop
      vertex 0 -33.176 26.7473
      vertex 0.5 -33.1317 26.6654
      vertex 0 -33.1317 26.6654
    endloop
  endfacet
  facet normal 0 0.927228 0.374496
    outer loop
      vertex 0.5 -33.176 26.7473
      vertex 0 -33.2134 26.8399
      vertex 0.5 -33.2134 26.8399
    endloop
  endfacet
  facet normal 0 0.927228 0.374496
    outer loop
      vertex 0 -33.2134 26.8399
      vertex 0.5 -33.176 26.7473
      vertex 0 -33.176 26.7473
    endloop
  endfacet
  facet normal 0 0.958789 0.28412
    outer loop
      vertex 0.5 -33.2134 26.8399
      vertex 0 -33.2441 26.9435
      vertex 0.5 -33.2441 26.9435
    endloop
  endfacet
  facet normal 0 0.958789 0.28412
    outer loop
      vertex 0 -33.2441 26.9435
      vertex 0.5 -33.2134 26.8399
      vertex 0 -33.2134 26.8399
    endloop
  endfacet
  facet normal 0 0.979002 0.203852
    outer loop
      vertex 0.5 -33.2441 26.9435
      vertex 0 -33.2679 27.0578
      vertex 0.5 -33.2679 27.0578
    endloop
  endfacet
  facet normal 0 0.979002 0.203852
    outer loop
      vertex 0 -33.2679 27.0578
      vertex 0.5 -33.2441 26.9435
      vertex 0 -33.2441 26.9435
    endloop
  endfacet
  facet normal 0 0.990907 0.134548
    outer loop
      vertex 0.5 -33.2679 27.0578
      vertex 0 -33.2849 27.183
      vertex 0.5 -33.2849 27.183
    endloop
  endfacet
  facet normal 0 0.990907 0.134548
    outer loop
      vertex 0 -33.2849 27.183
      vertex 0.5 -33.2679 27.0578
      vertex 0 -33.2679 27.0578
    endloop
  endfacet
  facet normal 0 0.997203 0.0747353
    outer loop
      vertex 0.5 -33.2849 27.183
      vertex 0 -33.2951 27.3191
      vertex 0.5 -33.2951 27.3191
    endloop
  endfacet
  facet normal 0 0.997203 0.0747353
    outer loop
      vertex 0 -33.2951 27.3191
      vertex 0.5 -33.2849 27.183
      vertex 0 -33.2849 27.183
    endloop
  endfacet
  facet normal 0 0.999732 0.0231546
    outer loop
      vertex 0.5 -33.2951 27.3191
      vertex 0 -33.2985 27.4659
      vertex 0.5 -33.2985 27.4659
    endloop
  endfacet
  facet normal 0 0.999732 0.0231546
    outer loop
      vertex 0 -33.2985 27.4659
      vertex 0.5 -33.2951 27.3191
      vertex 0 -33.2951 27.3191
    endloop
  endfacet
  facet normal 0 0.999628 -0.0272803
    outer loop
      vertex 0.5 -33.2985 27.4659
      vertex 0 -33.2943 27.6198
      vertex 0.5 -33.2943 27.6198
    endloop
  endfacet
  facet normal 0 0.999628 -0.0272803
    outer loop
      vertex 0 -33.2943 27.6198
      vertex 0.5 -33.2985 27.4659
      vertex 0 -33.2985 27.4659
    endloop
  endfacet
  facet normal 0 0.996141 -0.0877718
    outer loop
      vertex 0.5 -33.2943 27.6198
      vertex 0 -33.2817 27.7628
      vertex 0.5 -33.2817 27.7628
    endloop
  endfacet
  facet normal 0 0.996141 -0.0877718
    outer loop
      vertex 0 -33.2817 27.7628
      vertex 0.5 -33.2943 27.6198
      vertex 0 -33.2943 27.6198
    endloop
  endfacet
  facet normal 0 0.987483 -0.157728
    outer loop
      vertex 0.5 -33.2817 27.7628
      vertex 0 -33.2606 27.8949
      vertex 0.5 -33.2606 27.8949
    endloop
  endfacet
  facet normal 0 0.987483 -0.157728
    outer loop
      vertex 0 -33.2606 27.8949
      vertex 0.5 -33.2817 27.7628
      vertex 0 -33.2817 27.7628
    endloop
  endfacet
  facet normal 0 0.971722 -0.236127
    outer loop
      vertex 0.5 -33.2606 27.8949
      vertex 0 -33.2311 28.0163
      vertex 0.5 -33.2311 28.0163
    endloop
  endfacet
  facet normal 0 0.971722 -0.236127
    outer loop
      vertex 0 -33.2311 28.0163
      vertex 0.5 -33.2606 27.8949
      vertex 0 -33.2606 27.8949
    endloop
  endfacet
  facet normal 0 0.945908 -0.324434
    outer loop
      vertex 0.5 -33.2311 28.0163
      vertex 0 -33.1932 28.1268
      vertex 0.5 -33.1932 28.1268
    endloop
  endfacet
  facet normal 0 0.945908 -0.324434
    outer loop
      vertex 0 -33.1932 28.1268
      vertex 0.5 -33.2311 28.0163
      vertex 0 -33.2311 28.0163
    endloop
  endfacet
  facet normal 0 0.906462 -0.422287
    outer loop
      vertex 0.5 -33.1932 28.1268
      vertex 0 -33.1468 28.2264
      vertex 0.5 -33.1468 28.2264
    endloop
  endfacet
  facet normal 0 0.906462 -0.422287
    outer loop
      vertex 0 -33.1468 28.2264
      vertex 0.5 -33.1932 28.1268
      vertex 0 -33.1932 28.1268
    endloop
  endfacet
  facet normal 0 0.851264 -0.524738
    outer loop
      vertex 0.5 -33.1468 28.2264
      vertex 0 -33.092 28.3153
      vertex 0.5 -33.092 28.3153
    endloop
  endfacet
  facet normal 0 0.851264 -0.524738
    outer loop
      vertex 0 -33.092 28.3153
      vertex 0.5 -33.1468 28.2264
      vertex 0 -33.1468 28.2264
    endloop
  endfacet
  facet normal 0 0.777034 -0.629458
    outer loop
      vertex 0.5 -33.092 28.3153
      vertex 0 -33.0293 28.3927
      vertex 0.5 -33.0293 28.3927
    endloop
  endfacet
  facet normal 0 0.777034 -0.629458
    outer loop
      vertex 0 -33.0293 28.3927
      vertex 0.5 -33.092 28.3153
      vertex 0 -33.092 28.3153
    endloop
  endfacet
  facet normal 0 0.682727 -0.730674
    outer loop
      vertex 0 -33.0293 28.3927
      vertex 0.5 -32.9592 28.4582
      vertex 0.5 -33.0293 28.3927
    endloop
  endfacet
  facet normal 0 0.682727 -0.730674
    outer loop
      vertex 0.5 -32.9592 28.4582
      vertex 0 -33.0293 28.3927
      vertex 0 -32.9592 28.4582
    endloop
  endfacet
  facet normal 0 0.569045 -0.822307
    outer loop
      vertex 0 -32.9592 28.4582
      vertex 0.5 -32.8816 28.5119
      vertex 0.5 -32.9592 28.4582
    endloop
  endfacet
  facet normal 0 0.569045 -0.822307
    outer loop
      vertex 0.5 -32.8816 28.5119
      vertex 0 -32.9592 28.4582
      vertex 0 -32.8816 28.5119
    endloop
  endfacet
  facet normal 0 0.440441 -0.897782
    outer loop
      vertex 0 -32.8816 28.5119
      vertex 0.5 -32.7966 28.5536
      vertex 0.5 -32.8816 28.5119
    endloop
  endfacet
  facet normal 0 0.440441 -0.897782
    outer loop
      vertex 0.5 -32.7966 28.5536
      vertex 0 -32.8816 28.5119
      vertex 0 -32.7966 28.5536
    endloop
  endfacet
  facet normal 0 0.306943 -0.951728
    outer loop
      vertex 0 -32.7966 28.5536
      vertex 0.5 -32.7042 28.5834
      vertex 0.5 -32.7966 28.5536
    endloop
  endfacet
  facet normal 0 0.306943 -0.951728
    outer loop
      vertex 0.5 -32.7042 28.5834
      vertex 0 -32.7966 28.5536
      vertex 0 -32.7042 28.5834
    endloop
  endfacet
  facet normal 0 0.175415 -0.984495
    outer loop
      vertex 0 -32.7042 28.5834
      vertex 0.5 -32.6043 28.6012
      vertex 0.5 -32.7042 28.5834
    endloop
  endfacet
  facet normal 0 0.175415 -0.984495
    outer loop
      vertex 0.5 -32.6043 28.6012
      vertex 0 -32.7042 28.5834
      vertex 0 -32.6043 28.6012
    endloop
  endfacet
  facet normal 0 0.0558308 -0.99844
    outer loop
      vertex 0 -32.6043 28.6012
      vertex 0.5 -32.497 28.6072
      vertex 0.5 -32.6043 28.6012
    endloop
  endfacet
  facet normal 0 0.0558308 -0.99844
    outer loop
      vertex 0.5 -32.497 28.6072
      vertex 0 -32.6043 28.6012
      vertex 0 -32.497 28.6072
    endloop
  endfacet
  facet normal 0 -0.0186448 -0.999826
    outer loop
      vertex 0 -32.497 28.6072
      vertex 0.5 -32.4541 28.6064
      vertex 0.5 -32.497 28.6072
    endloop
  endfacet
  facet normal -0 -0.0186448 -0.999826
    outer loop
      vertex 0.5 -32.4541 28.6064
      vertex 0 -32.497 28.6072
      vertex 0 -32.4541 28.6064
    endloop
  endfacet
  facet normal 0 -0.0577349 -0.998332
    outer loop
      vertex 0 -32.4541 28.6064
      vertex 0.5 -32.4126 28.604
      vertex 0.5 -32.4541 28.6064
    endloop
  endfacet
  facet normal -0 -0.0577349 -0.998332
    outer loop
      vertex 0.5 -32.4126 28.604
      vertex 0 -32.4541 28.6064
      vertex 0 -32.4126 28.604
    endloop
  endfacet
  facet normal 0 -0.101966 -0.994788
    outer loop
      vertex 0 -32.4126 28.604
      vertex 0.5 -32.3726 28.5999
      vertex 0.5 -32.4126 28.604
    endloop
  endfacet
  facet normal -0 -0.101966 -0.994788
    outer loop
      vertex 0.5 -32.3726 28.5999
      vertex 0 -32.4126 28.604
      vertex 0 -32.3726 28.5999
    endloop
  endfacet
  facet normal 0 -0.145715 -0.989327
    outer loop
      vertex 0 -32.3726 28.5999
      vertex 0.5 -32.3339 28.5942
      vertex 0.5 -32.3726 28.5999
    endloop
  endfacet
  facet normal -0 -0.145715 -0.989327
    outer loop
      vertex 0.5 -32.3339 28.5942
      vertex 0 -32.3726 28.5999
      vertex 0 -32.3339 28.5942
    endloop
  endfacet
  facet normal 0 -0.190022 -0.98178
    outer loop
      vertex 0 -32.3339 28.5942
      vertex 0.5 -32.2967 28.587
      vertex 0.5 -32.3339 28.5942
    endloop
  endfacet
  facet normal -0 -0.190022 -0.98178
    outer loop
      vertex 0.5 -32.2967 28.587
      vertex 0 -32.3339 28.5942
      vertex 0 -32.2967 28.587
    endloop
  endfacet
  facet normal 0 -0.240627 -0.970618
    outer loop
      vertex 0 -32.2967 28.587
      vertex 0.5 -32.2608 28.5781
      vertex 0.5 -32.2967 28.587
    endloop
  endfacet
  facet normal -0 -0.240627 -0.970618
    outer loop
      vertex 0.5 -32.2608 28.5781
      vertex 0 -32.2967 28.587
      vertex 0 -32.2608 28.5781
    endloop
  endfacet
  facet normal 0 -0.294476 -0.955659
    outer loop
      vertex 0 -32.2608 28.5781
      vertex 0.5 -32.2264 28.5675
      vertex 0.5 -32.2608 28.5781
    endloop
  endfacet
  facet normal -0 -0.294476 -0.955659
    outer loop
      vertex 0.5 -32.2264 28.5675
      vertex 0 -32.2608 28.5781
      vertex 0 -32.2264 28.5675
    endloop
  endfacet
  facet normal 0 -0.338317 -0.941032
    outer loop
      vertex 0 -32.2264 28.5675
      vertex 0.5 -32.1933 28.5556
      vertex 0.5 -32.2264 28.5675
    endloop
  endfacet
  facet normal -0 -0.338317 -0.941032
    outer loop
      vertex 0.5 -32.1933 28.5556
      vertex 0 -32.2264 28.5675
      vertex 0 -32.1933 28.5556
    endloop
  endfacet
  facet normal 0 -0.385851 -0.922561
    outer loop
      vertex 0 -32.1933 28.5556
      vertex 0.5 -32.1615 28.5423
      vertex 0.5 -32.1933 28.5556
    endloop
  endfacet
  facet normal -0 -0.385851 -0.922561
    outer loop
      vertex 0.5 -32.1615 28.5423
      vertex 0 -32.1933 28.5556
      vertex 0 -32.1615 28.5423
    endloop
  endfacet
  facet normal 0 -0.428213 -0.903678
    outer loop
      vertex 0 -32.1615 28.5423
      vertex 0.5 -32.1309 28.5278
      vertex 0.5 -32.1615 28.5423
    endloop
  endfacet
  facet normal -0 -0.428213 -0.903678
    outer loop
      vertex 0.5 -32.1309 28.5278
      vertex 0 -32.1615 28.5423
      vertex 0 -32.1309 28.5278
    endloop
  endfacet
  facet normal 0 -0.475705 -0.879605
    outer loop
      vertex 0 -32.1309 28.5278
      vertex 0.5 -32.1015 28.5119
      vertex 0.5 -32.1309 28.5278
    endloop
  endfacet
  facet normal -0 -0.475705 -0.879605
    outer loop
      vertex 0.5 -32.1015 28.5119
      vertex 0 -32.1309 28.5278
      vertex 0 -32.1015 28.5119
    endloop
  endfacet
  facet normal 0 -0.519851 -0.854257
    outer loop
      vertex 0 -32.1015 28.5119
      vertex 0.5 -32.0734 28.4948
      vertex 0.5 -32.1015 28.5119
    endloop
  endfacet
  facet normal -0 -0.519851 -0.854257
    outer loop
      vertex 0.5 -32.0734 28.4948
      vertex 0 -32.1015 28.5119
      vertex 0 -32.0734 28.4948
    endloop
  endfacet
  facet normal 0 -0.566007 -0.824401
    outer loop
      vertex 0 -32.0734 28.4948
      vertex 0.5 -32.0466 28.4764
      vertex 0.5 -32.0734 28.4948
    endloop
  endfacet
  facet normal -0 -0.566007 -0.824401
    outer loop
      vertex 0.5 -32.0466 28.4764
      vertex 0 -32.0734 28.4948
      vertex 0 -32.0466 28.4764
    endloop
  endfacet
  facet normal 0 -0.608367 -0.793656
    outer loop
      vertex 0 -32.0466 28.4764
      vertex 0.5 -32.0209 28.4567
      vertex 0.5 -32.0466 28.4764
    endloop
  endfacet
  facet normal -0 -0.608367 -0.793656
    outer loop
      vertex 0.5 -32.0209 28.4567
      vertex 0 -32.0466 28.4764
      vertex 0 -32.0209 28.4567
    endloop
  endfacet
  facet normal 0 -0.652325 -0.757939
    outer loop
      vertex 0 -32.0209 28.4567
      vertex 0.5 -31.9965 28.4357
      vertex 0.5 -32.0209 28.4567
    endloop
  endfacet
  facet normal -0 -0.652325 -0.757939
    outer loop
      vertex 0.5 -31.9965 28.4357
      vertex 0 -32.0209 28.4567
      vertex 0 -31.9965 28.4357
    endloop
  endfacet
  facet normal 0 -0.686714 -0.726927
    outer loop
      vertex 0 -31.9965 28.4357
      vertex 0.5 -31.973 28.4135
      vertex 0.5 -31.9965 28.4357
    endloop
  endfacet
  facet normal -0 -0.686714 -0.726927
    outer loop
      vertex 0.5 -31.973 28.4135
      vertex 0 -31.9965 28.4357
      vertex 0 -31.973 28.4135
    endloop
  endfacet
  facet normal 0 -0.723845 -0.689963
    outer loop
      vertex 0 -31.9506 28.39
      vertex 0.5 -31.973 28.4135
      vertex 0 -31.973 28.4135
    endloop
  endfacet
  facet normal 0 -0.723845 -0.689963
    outer loop
      vertex 0.5 -31.973 28.4135
      vertex 0 -31.9506 28.39
      vertex 0.5 -31.9506 28.39
    endloop
  endfacet
  facet normal 0 -0.757305 -0.653061
    outer loop
      vertex 0 -31.9293 28.3653
      vertex 0.5 -31.9506 28.39
      vertex 0 -31.9506 28.39
    endloop
  endfacet
  facet normal 0 -0.757305 -0.653061
    outer loop
      vertex 0.5 -31.9506 28.39
      vertex 0 -31.9293 28.3653
      vertex 0.5 -31.9293 28.3653
    endloop
  endfacet
  facet normal 0 -0.785581 -0.618759
    outer loop
      vertex 0 -31.9089 28.3394
      vertex 0.5 -31.9293 28.3653
      vertex 0 -31.9293 28.3653
    endloop
  endfacet
  facet normal 0 -0.785581 -0.618759
    outer loop
      vertex 0.5 -31.9293 28.3653
      vertex 0 -31.9089 28.3394
      vertex 0.5 -31.9089 28.3394
    endloop
  endfacet
  facet normal 0 -0.816968 -0.576683
    outer loop
      vertex 0 -31.8897 28.3122
      vertex 0.5 -31.9089 28.3394
      vertex 0 -31.9089 28.3394
    endloop
  endfacet
  facet normal 0 -0.816968 -0.576683
    outer loop
      vertex 0.5 -31.9089 28.3394
      vertex 0 -31.8897 28.3122
      vertex 0.5 -31.8897 28.3122
    endloop
  endfacet
  facet normal 0 -0.840601 -0.541655
    outer loop
      vertex 0 -31.8714 28.2838
      vertex 0.5 -31.8897 28.3122
      vertex 0 -31.8897 28.3122
    endloop
  endfacet
  facet normal 0 -0.840601 -0.541655
    outer loop
      vertex 0.5 -31.8897 28.3122
      vertex 0 -31.8714 28.2838
      vertex 0.5 -31.8714 28.2838
    endloop
  endfacet
  facet normal 0 -0.862084 -0.506766
    outer loop
      vertex 0 -31.854 28.2542
      vertex 0.5 -31.8714 28.2838
      vertex 0 -31.8714 28.2838
    endloop
  endfacet
  facet normal 0 -0.862084 -0.506766
    outer loop
      vertex 0.5 -31.8714 28.2838
      vertex 0 -31.854 28.2542
      vertex 0.5 -31.854 28.2542
    endloop
  endfacet
  facet normal 0 -0.877786 -0.479053
    outer loop
      vertex 0 -31.8373 28.2236
      vertex 0.5 -31.854 28.2542
      vertex 0 -31.854 28.2542
    endloop
  endfacet
  facet normal 0 -0.877786 -0.479053
    outer loop
      vertex 0.5 -31.854 28.2542
      vertex 0 -31.8373 28.2236
      vertex 0.5 -31.8373 28.2236
    endloop
  endfacet
  facet normal 0 -0.890435 -0.455111
    outer loop
      vertex 0 -31.8212 28.1921
      vertex 0.5 -31.8373 28.2236
      vertex 0 -31.8373 28.2236
    endloop
  endfacet
  facet normal 0 -0.890435 -0.455111
    outer loop
      vertex 0.5 -31.8373 28.2236
      vertex 0 -31.8212 28.1921
      vertex 0.5 -31.8212 28.1921
    endloop
  endfacet
  facet normal 0 -0.904189 -0.427132
    outer loop
      vertex 0 -31.8058 28.1595
      vertex 0.5 -31.8212 28.1921
      vertex 0 -31.8212 28.1921
    endloop
  endfacet
  facet normal 0 -0.904189 -0.427132
    outer loop
      vertex 0.5 -31.8212 28.1921
      vertex 0 -31.8058 28.1595
      vertex 0.5 -31.8058 28.1595
    endloop
  endfacet
  facet normal 0 -0.915718 -0.401822
    outer loop
      vertex 0 -31.7911 28.126
      vertex 0.5 -31.8058 28.1595
      vertex 0 -31.8058 28.1595
    endloop
  endfacet
  facet normal 0 -0.915718 -0.401822
    outer loop
      vertex 0.5 -31.8058 28.1595
      vertex 0 -31.7911 28.126
      vertex 0.5 -31.7911 28.126
    endloop
  endfacet
  facet normal 0 -0.926058 -0.377382
    outer loop
      vertex 0 -31.777 28.0914
      vertex 0.5 -31.7911 28.126
      vertex 0 -31.7911 28.126
    endloop
  endfacet
  facet normal 0 -0.926058 -0.377382
    outer loop
      vertex 0.5 -31.7911 28.126
      vertex 0 -31.777 28.0914
      vertex 0.5 -31.777 28.0914
    endloop
  endfacet
  facet normal 0 -0.935569 -0.353144
    outer loop
      vertex 0 -31.7636 28.0559
      vertex 0.5 -31.777 28.0914
      vertex 0 -31.777 28.0914
    endloop
  endfacet
  facet normal 0 -0.935569 -0.353144
    outer loop
      vertex 0.5 -31.777 28.0914
      vertex 0 -31.7636 28.0559
      vertex 0.5 -31.7636 28.0559
    endloop
  endfacet
  facet normal 0 -0.94605 -0.324022
    outer loop
      vertex 0 -31.7499 28.0159
      vertex 0.5 -31.7636 28.0559
      vertex 0 -31.7636 28.0559
    endloop
  endfacet
  facet normal 0 -0.94605 -0.324022
    outer loop
      vertex 0.5 -31.7636 28.0559
      vertex 0 -31.7499 28.0159
      vertex 0.5 -31.7499 28.0159
    endloop
  endfacet
  facet normal 0 -0.955045 -0.296462
    outer loop
      vertex 0 -31.735 27.9679
      vertex 0.5 -31.7499 28.0159
      vertex 0 -31.7499 28.0159
    endloop
  endfacet
  facet normal 0 -0.955045 -0.296462
    outer loop
      vertex 0.5 -31.7499 28.0159
      vertex 0 -31.735 27.9679
      vertex 0.5 -31.735 27.9679
    endloop
  endfacet
  facet normal 0 -0.961524 -0.274721
    outer loop
      vertex 0 -31.719 27.9119
      vertex 0.5 -31.735 27.9679
      vertex 0 -31.735 27.9679
    endloop
  endfacet
  facet normal 0 -0.961524 -0.274721
    outer loop
      vertex 0.5 -31.735 27.9679
      vertex 0 -31.719 27.9119
      vertex 0.5 -31.719 27.9119
    endloop
  endfacet
  facet normal 0 -0.96525 -0.261328
    outer loop
      vertex 0 -31.7017 27.848
      vertex 0.5 -31.719 27.9119
      vertex 0 -31.719 27.9119
    endloop
  endfacet
  facet normal 0 -0.96525 -0.261328
    outer loop
      vertex 0.5 -31.719 27.9119
      vertex 0 -31.7017 27.848
      vertex 0.5 -31.7017 27.848
    endloop
  endfacet
  facet normal 0 -0.968456 -0.249185
    outer loop
      vertex 0 -31.6832 27.7761
      vertex 0.5 -31.7017 27.848
      vertex 0 -31.7017 27.848
    endloop
  endfacet
  facet normal 0 -0.968456 -0.249185
    outer loop
      vertex 0.5 -31.7017 27.848
      vertex 0 -31.6832 27.7761
      vertex 0.5 -31.6832 27.7761
    endloop
  endfacet
  facet normal 0 -0.970924 -0.239389
    outer loop
      vertex 0 -31.6635 27.6962
      vertex 0.5 -31.6832 27.7761
      vertex 0 -31.6832 27.7761
    endloop
  endfacet
  facet normal 0 -0.970924 -0.239389
    outer loop
      vertex 0.5 -31.6832 27.7761
      vertex 0 -31.6635 27.6962
      vertex 0.5 -31.6635 27.6962
    endloop
  endfacet
  facet normal 0 -0.972877 -0.231321
    outer loop
      vertex 0 -31.6426 27.6083
      vertex 0.5 -31.6635 27.6962
      vertex 0 -31.6635 27.6962
    endloop
  endfacet
  facet normal 0 -0.972877 -0.231321
    outer loop
      vertex 0.5 -31.6635 27.6962
      vertex 0 -31.6426 27.6083
      vertex 0.5 -31.6426 27.6083
    endloop
  endfacet
  facet normal 0 -0.979029 -0.203723
    outer loop
      vertex 0 -31.6215 27.5069
      vertex 0.5 -31.6426 27.6083
      vertex 0 -31.6426 27.6083
    endloop
  endfacet
  facet normal 0 -0.979029 -0.203723
    outer loop
      vertex 0.5 -31.6426 27.6083
      vertex 0 -31.6215 27.5069
      vertex 0.5 -31.6215 27.5069
    endloop
  endfacet
  facet normal 0 -0.976761 -0.214333
    outer loop
      vertex 0 -31.6014 27.4153
      vertex 0.5 -31.6215 27.5069
      vertex 0 -31.6215 27.5069
    endloop
  endfacet
  facet normal 0 -0.976761 -0.214333
    outer loop
      vertex 0.5 -31.6215 27.5069
      vertex 0 -31.6014 27.4153
      vertex 0.5 -31.6014 27.4153
    endloop
  endfacet
  facet normal 0 -0.973277 -0.229636
    outer loop
      vertex 0 -31.5821 27.3335
      vertex 0.5 -31.6014 27.4153
      vertex 0 -31.6014 27.4153
    endloop
  endfacet
  facet normal 0 -0.973277 -0.229636
    outer loop
      vertex 0.5 -31.6014 27.4153
      vertex 0 -31.5821 27.3335
      vertex 0.5 -31.5821 27.3335
    endloop
  endfacet
  facet normal 0 -0.969103 -0.246656
    outer loop
      vertex 0 -31.5638 27.2616
      vertex 0.5 -31.5821 27.3335
      vertex 0 -31.5821 27.3335
    endloop
  endfacet
  facet normal 0 -0.969103 -0.246656
    outer loop
      vertex 0.5 -31.5821 27.3335
      vertex 0 -31.5638 27.2616
      vertex 0.5 -31.5638 27.2616
    endloop
  endfacet
  facet normal 0 -0.962916 -0.269802
    outer loop
      vertex 0 -31.5464 27.1995
      vertex 0.5 -31.5638 27.2616
      vertex 0 -31.5638 27.2616
    endloop
  endfacet
  facet normal 0 -0.962916 -0.269802
    outer loop
      vertex 0.5 -31.5638 27.2616
      vertex 0 -31.5464 27.1995
      vertex 0.5 -31.5464 27.1995
    endloop
  endfacet
  facet normal 0 -0.953665 -0.30087
    outer loop
      vertex 0 -31.5299 27.1472
      vertex 0.5 -31.5464 27.1995
      vertex 0 -31.5464 27.1995
    endloop
  endfacet
  facet normal 0 -0.953665 -0.30087
    outer loop
      vertex 0.5 -31.5464 27.1995
      vertex 0 -31.5299 27.1472
      vertex 0.5 -31.5299 27.1472
    endloop
  endfacet
  facet normal 0 -0.93921 -0.343343
    outer loop
      vertex 0 -31.5144 27.1048
      vertex 0.5 -31.5299 27.1472
      vertex 0 -31.5299 27.1472
    endloop
  endfacet
  facet normal 0 -0.93921 -0.343343
    outer loop
      vertex 0.5 -31.5299 27.1472
      vertex 0 -31.5144 27.1048
      vertex 0.5 -31.5144 27.1048
    endloop
  endfacet
  facet normal 0 -0.917832 -0.396969
    outer loop
      vertex 0 -31.4987 27.0685
      vertex 0.5 -31.5144 27.1048
      vertex 0 -31.5144 27.1048
    endloop
  endfacet
  facet normal 0 -0.917832 -0.396969
    outer loop
      vertex 0.5 -31.5144 27.1048
      vertex 0 -31.4987 27.0685
      vertex 0.5 -31.4987 27.0685
    endloop
  endfacet
  facet normal 0 -0.897058 -0.441913
    outer loop
      vertex 0 -31.482 27.0346
      vertex 0.5 -31.4987 27.0685
      vertex 0 -31.4987 27.0685
    endloop
  endfacet
  facet normal 0 -0.897058 -0.441913
    outer loop
      vertex 0.5 -31.4987 27.0685
      vertex 0 -31.482 27.0346
      vertex 0.5 -31.482 27.0346
    endloop
  endfacet
  facet normal 0 -0.869943 -0.493152
    outer loop
      vertex 0 -31.4642 27.0032
      vertex 0.5 -31.482 27.0346
      vertex 0 -31.482 27.0346
    endloop
  endfacet
  facet normal 0 -0.869943 -0.493152
    outer loop
      vertex 0.5 -31.482 27.0346
      vertex 0 -31.4642 27.0032
      vertex 0.5 -31.4642 27.0032
    endloop
  endfacet
  facet normal 0 -0.838641 -0.544684
    outer loop
      vertex 0 -31.4453 26.9741
      vertex 0.5 -31.4642 27.0032
      vertex 0 -31.4642 27.0032
    endloop
  endfacet
  facet normal 0 -0.838641 -0.544684
    outer loop
      vertex 0.5 -31.4642 27.0032
      vertex 0 -31.4453 26.9741
      vertex 0.5 -31.4453 26.9741
    endloop
  endfacet
  facet normal 0 -0.799278 -0.600961
    outer loop
      vertex 0 -31.4253 26.9475
      vertex 0.5 -31.4453 26.9741
      vertex 0 -31.4453 26.9741
    endloop
  endfacet
  facet normal 0 -0.799278 -0.600961
    outer loop
      vertex 0.5 -31.4453 26.9741
      vertex 0 -31.4253 26.9475
      vertex 0.5 -31.4253 26.9475
    endloop
  endfacet
  facet normal 0 -0.756613 -0.653863
    outer loop
      vertex 0 -31.4043 26.9232
      vertex 0.5 -31.4253 26.9475
      vertex 0 -31.4253 26.9475
    endloop
  endfacet
  facet normal 0 -0.756613 -0.653863
    outer loop
      vertex 0.5 -31.4253 26.9475
      vertex 0 -31.4043 26.9232
      vertex 0.5 -31.4043 26.9232
    endloop
  endfacet
  facet normal 0 -0.70065 -0.713506
    outer loop
      vertex 0 -31.4043 26.9232
      vertex 0.5 -31.3821 26.9014
      vertex 0.5 -31.4043 26.9232
    endloop
  endfacet
  facet normal -0 -0.70065 -0.713506
    outer loop
      vertex 0.5 -31.3821 26.9014
      vertex 0 -31.4043 26.9232
      vertex 0 -31.3821 26.9014
    endloop
  endfacet
  facet normal 0 -0.632699 -0.774398
    outer loop
      vertex 0 -31.3821 26.9014
      vertex 0.5 -31.3586 26.8822
      vertex 0.5 -31.3821 26.9014
    endloop
  endfacet
  facet normal -0 -0.632699 -0.774398
    outer loop
      vertex 0.5 -31.3586 26.8822
      vertex 0 -31.3821 26.9014
      vertex 0 -31.3586 26.8822
    endloop
  endfacet
  facet normal 0 -0.539243 -0.84215
    outer loop
      vertex 0 -31.3586 26.8822
      vertex 0.5 -31.3333 26.866
      vertex 0.5 -31.3586 26.8822
    endloop
  endfacet
  facet normal -0 -0.539243 -0.84215
    outer loop
      vertex 0.5 -31.3333 26.866
      vertex 0 -31.3586 26.8822
      vertex 0 -31.3333 26.866
    endloop
  endfacet
  facet normal 0 -0.44189 -0.897069
    outer loop
      vertex 0 -31.3333 26.866
      vertex 0.5 -31.3063 26.8527
      vertex 0.5 -31.3333 26.866
    endloop
  endfacet
  facet normal -0 -0.44189 -0.897069
    outer loop
      vertex 0.5 -31.3063 26.8527
      vertex 0 -31.3333 26.866
      vertex 0 -31.3063 26.8527
    endloop
  endfacet
  facet normal 0 -0.336751 -0.941594
    outer loop
      vertex 0 -31.3063 26.8527
      vertex 0.5 -31.2775 26.8424
      vertex 0.5 -31.3063 26.8527
    endloop
  endfacet
  facet normal -0 -0.336751 -0.941594
    outer loop
      vertex 0.5 -31.2775 26.8424
      vertex 0 -31.3063 26.8527
      vertex 0 -31.2775 26.8424
    endloop
  endfacet
  facet normal 0 -0.235782 -0.971806
    outer loop
      vertex 0 -31.2775 26.8424
      vertex 0.5 -31.247 26.835
      vertex 0.5 -31.2775 26.8424
    endloop
  endfacet
  facet normal -0 -0.235782 -0.971806
    outer loop
      vertex 0.5 -31.247 26.835
      vertex 0 -31.2775 26.8424
      vertex 0 -31.247 26.835
    endloop
  endfacet
  facet normal 0 -0.135388 -0.990793
    outer loop
      vertex 0 -31.247 26.835
      vertex 0.5 -31.2148 26.8306
      vertex 0.5 -31.247 26.835
    endloop
  endfacet
  facet normal -0 -0.135388 -0.990793
    outer loop
      vertex 0.5 -31.2148 26.8306
      vertex 0 -31.247 26.835
      vertex 0 -31.2148 26.8306
    endloop
  endfacet
  facet normal 0 -0.0439458 -0.999034
    outer loop
      vertex 0 -31.2148 26.8306
      vertex 0.5 -31.1807 26.8291
      vertex 0.5 -31.2148 26.8306
    endloop
  endfacet
  facet normal -0 -0.0439458 -0.999034
    outer loop
      vertex 0.5 -31.1807 26.8291
      vertex 0 -31.2148 26.8306
      vertex 0 -31.1807 26.8291
    endloop
  endfacet
  facet normal 0 0.126202 -0.992005
    outer loop
      vertex 0 -31.1807 26.8291
      vertex 0.5 -31.0793 26.842
      vertex 0.5 -31.1807 26.8291
    endloop
  endfacet
  facet normal 0 0.126202 -0.992005
    outer loop
      vertex 0.5 -31.0793 26.842
      vertex 0 -31.1807 26.8291
      vertex 0 -31.0793 26.842
    endloop
  endfacet
  facet normal 0 0.408995 -0.912537
    outer loop
      vertex 0 -31.0793 26.842
      vertex 0.5 -30.9934 26.8805
      vertex 0.5 -31.0793 26.842
    endloop
  endfacet
  facet normal 0 0.408995 -0.912537
    outer loop
      vertex 0.5 -30.9934 26.8805
      vertex 0 -31.0793 26.842
      vertex 0 -30.9934 26.8805
    endloop
  endfacet
  facet normal 0 0.674294 -0.738463
    outer loop
      vertex 0 -30.9934 26.8805
      vertex 0.5 -30.9232 26.9446
      vertex 0.5 -30.9934 26.8805
    endloop
  endfacet
  facet normal 0 0.674294 -0.738463
    outer loop
      vertex 0.5 -30.9232 26.9446
      vertex 0 -30.9934 26.8805
      vertex 0 -30.9232 26.9446
    endloop
  endfacet
  facet normal 0 0.854033 -0.520218
    outer loop
      vertex 0.5 -30.9232 26.9446
      vertex 0 -30.8685 27.0344
      vertex 0.5 -30.8685 27.0344
    endloop
  endfacet
  facet normal 0 0.854033 -0.520218
    outer loop
      vertex 0 -30.8685 27.0344
      vertex 0.5 -30.9232 26.9446
      vertex 0 -30.9232 26.9446
    endloop
  endfacet
  facet normal 0 0.947446 -0.319917
    outer loop
      vertex 0.5 -30.8685 27.0344
      vertex 0 -30.8295 27.1499
      vertex 0.5 -30.8295 27.1499
    endloop
  endfacet
  facet normal 0 0.947446 -0.319917
    outer loop
      vertex 0 -30.8295 27.1499
      vertex 0.5 -30.8685 27.0344
      vertex 0 -30.8685 27.0344
    endloop
  endfacet
  facet normal 0 0.986526 -0.163605
    outer loop
      vertex 0.5 -30.8295 27.1499
      vertex 0 -30.8061 27.291
      vertex 0.5 -30.8061 27.291
    endloop
  endfacet
  facet normal 0 0.986526 -0.163605
    outer loop
      vertex 0 -30.8061 27.291
      vertex 0.5 -30.8295 27.1499
      vertex 0 -30.8295 27.1499
    endloop
  endfacet
  facet normal 0 0.998908 -0.0467115
    outer loop
      vertex 0.5 -30.8061 27.291
      vertex 0 -30.7983 27.4578
      vertex 0.5 -30.7983 27.4578
    endloop
  endfacet
  facet normal 0 0.998908 -0.0467115
    outer loop
      vertex 0 -30.7983 27.4578
      vertex 0.5 -30.8061 27.291
      vertex 0 -30.8061 27.291
    endloop
  endfacet
  facet normal 0 0.999687 0.025022
    outer loop
      vertex 0.5 -30.7983 27.4578
      vertex 0 -30.8004 27.5417
      vertex 0.5 -30.8004 27.5417
    endloop
  endfacet
  facet normal 0 0.999687 0.025022
    outer loop
      vertex 0 -30.8004 27.5417
      vertex 0.5 -30.7983 27.4578
      vertex 0 -30.7983 27.4578
    endloop
  endfacet
  facet normal 0 0.996795 0.0799976
    outer loop
      vertex 0.5 -30.8004 27.5417
      vertex 0 -30.8067 27.6202
      vertex 0.5 -30.8067 27.6202
    endloop
  endfacet
  facet normal 0 0.996795 0.0799976
    outer loop
      vertex 0 -30.8067 27.6202
      vertex 0.5 -30.8004 27.5417
      vertex 0 -30.8004 27.5417
    endloop
  endfacet
  facet normal 0 0.990031 0.140853
    outer loop
      vertex 0.5 -30.8067 27.6202
      vertex 0 -30.8171 27.6933
      vertex 0.5 -30.8171 27.6933
    endloop
  endfacet
  facet normal 0 0.990031 0.140853
    outer loop
      vertex 0 -30.8171 27.6933
      vertex 0.5 -30.8067 27.6202
      vertex 0 -30.8067 27.6202
    endloop
  endfacet
  facet normal 0 0.977228 0.21219
    outer loop
      vertex 0.5 -30.8171 27.6933
      vertex 0 -30.8318 27.761
      vertex 0.5 -30.8318 27.761
    endloop
  endfacet
  facet normal 0 0.977228 0.21219
    outer loop
      vertex 0 -30.8318 27.761
      vertex 0.5 -30.8171 27.6933
      vertex 0 -30.8171 27.6933
    endloop
  endfacet
  facet normal 0 0.956934 0.290306
    outer loop
      vertex 0.5 -30.8318 27.761
      vertex 0 -30.8507 27.8233
      vertex 0.5 -30.8507 27.8233
    endloop
  endfacet
  facet normal 0 0.956934 0.290306
    outer loop
      vertex 0 -30.8507 27.8233
      vertex 0.5 -30.8318 27.761
      vertex 0 -30.8318 27.761
    endloop
  endfacet
  facet normal 0 0.926785 0.375592
    outer loop
      vertex 0.5 -30.8507 27.8233
      vertex 0 -30.8738 27.8803
      vertex 0.5 -30.8738 27.8803
    endloop
  endfacet
  facet normal 0 0.926785 0.375592
    outer loop
      vertex 0 -30.8738 27.8803
      vertex 0.5 -30.8507 27.8233
      vertex 0 -30.8507 27.8233
    endloop
  endfacet
  facet normal 0 0.884247 0.46702
    outer loop
      vertex 0.5 -30.8738 27.8803
      vertex 0 -30.901 27.9318
      vertex 0.5 -30.901 27.9318
    endloop
  endfacet
  facet normal 0 0.884247 0.46702
    outer loop
      vertex 0 -30.901 27.9318
      vertex 0.5 -30.8738 27.8803
      vertex 0 -30.8738 27.8803
    endloop
  endfacet
  facet normal 0 0.824611 0.565701
    outer loop
      vertex 0.5 -30.901 27.9318
      vertex 0 -30.9329 27.9783
      vertex 0.5 -30.9329 27.9783
    endloop
  endfacet
  facet normal 0 0.824611 0.565701
    outer loop
      vertex 0 -30.9329 27.9783
      vertex 0.5 -30.901 27.9318
      vertex 0 -30.901 27.9318
    endloop
  endfacet
  facet normal 0 0.750359 0.661031
    outer loop
      vertex 0.5 -30.9329 27.9783
      vertex 0 -30.9699 28.0203
      vertex 0.5 -30.9699 28.0203
    endloop
  endfacet
  facet normal 0 0.750359 0.661031
    outer loop
      vertex 0 -30.9699 28.0203
      vertex 0.5 -30.9329 27.9783
      vertex 0 -30.9329 27.9783
    endloop
  endfacet
  facet normal -0 0.664143 0.747605
    outer loop
      vertex 0 -30.9699 28.0203
      vertex 0.5 -31.012 28.0577
      vertex 0.5 -30.9699 28.0203
    endloop
  endfacet
  facet normal 0 0.664143 0.747605
    outer loop
      vertex 0.5 -31.012 28.0577
      vertex 0 -30.9699 28.0203
      vertex 0 -31.012 28.0577
    endloop
  endfacet
  facet normal -0 0.571014 0.820941
    outer loop
      vertex 0 -31.012 28.0577
      vertex 0.5 -31.0593 28.0906
      vertex 0.5 -31.012 28.0577
    endloop
  endfacet
  facet normal 0 0.571014 0.820941
    outer loop
      vertex 0.5 -31.0593 28.0906
      vertex 0 -31.012 28.0577
      vertex 0 -31.0593 28.0906
    endloop
  endfacet
  facet normal -0 0.474602 0.880201
    outer loop
      vertex 0 -31.0593 28.0906
      vertex 0.5 -31.1116 28.1188
      vertex 0.5 -31.0593 28.0906
    endloop
  endfacet
  facet normal 0 0.474602 0.880201
    outer loop
      vertex 0.5 -31.1116 28.1188
      vertex 0 -31.0593 28.0906
      vertex 0 -31.1116 28.1188
    endloop
  endfacet
  facet normal -0 0.381073 0.924545
    outer loop
      vertex 0 -31.1116 28.1188
      vertex 0.5 -31.1691 28.1425
      vertex 0.5 -31.1116 28.1188
    endloop
  endfacet
  facet normal 0 0.381073 0.924545
    outer loop
      vertex 0.5 -31.1691 28.1425
      vertex 0 -31.1116 28.1188
      vertex 0 -31.1691 28.1425
    endloop
  endfacet
  facet normal -0 0.293656 0.955911
    outer loop
      vertex 0 -31.1691 28.1425
      vertex 0.5 -31.2316 28.1617
      vertex 0.5 -31.1691 28.1425
    endloop
  endfacet
  facet normal 0 0.293656 0.955911
    outer loop
      vertex 0.5 -31.2316 28.1617
      vertex 0 -31.1691 28.1425
      vertex 0 -31.2316 28.1617
    endloop
  endfacet
  facet normal 0 0.986678 -0.162688
    outer loop
      vertex 0.5 -31.2316 28.1617
      vertex 0 -31.136 28.7415
      vertex 0.5 -31.136 28.7415
    endloop
  endfacet
  facet normal 0 0.986678 -0.162688
    outer loop
      vertex 0 -31.136 28.7415
      vertex 0.5 -31.2316 28.1617
      vertex 0 -31.2316 28.1617
    endloop
  endfacet
  facet normal 0 -0.266551 -0.963821
    outer loop
      vertex 0 -31.136 28.7415
      vertex 0.5 -31.0268 28.7113
      vertex 0.5 -31.136 28.7415
    endloop
  endfacet
  facet normal -0 -0.266551 -0.963821
    outer loop
      vertex 0.5 -31.0268 28.7113
      vertex 0 -31.136 28.7415
      vertex 0 -31.0268 28.7113
    endloop
  endfacet
  facet normal 0 -0.361823 -0.932247
    outer loop
      vertex 0 -31.0268 28.7113
      vertex 0.5 -30.9258 28.6721
      vertex 0.5 -31.0268 28.7113
    endloop
  endfacet
  facet normal -0 -0.361823 -0.932247
    outer loop
      vertex 0.5 -30.9258 28.6721
      vertex 0 -31.0268 28.7113
      vertex 0 -30.9258 28.6721
    endloop
  endfacet
  facet normal 0 -0.463186 -0.886261
    outer loop
      vertex 0 -30.9258 28.6721
      vertex 0.5 -30.833 28.6236
      vertex 0.5 -30.9258 28.6721
    endloop
  endfacet
  facet normal -0 -0.463186 -0.886261
    outer loop
      vertex 0.5 -30.833 28.6236
      vertex 0 -30.9258 28.6721
      vertex 0 -30.833 28.6236
    endloop
  endfacet
  facet normal 0 -0.562123 -0.827054
    outer loop
      vertex 0 -30.833 28.6236
      vertex 0.5 -30.7484 28.5661
      vertex 0.5 -30.833 28.6236
    endloop
  endfacet
  facet normal -0 -0.562123 -0.827054
    outer loop
      vertex 0.5 -30.7484 28.5661
      vertex 0 -30.833 28.6236
      vertex 0 -30.7484 28.5661
    endloop
  endfacet
  facet normal 0 -0.658155 -0.752882
    outer loop
      vertex 0 -30.7484 28.5661
      vertex 0.5 -30.6721 28.4994
      vertex 0.5 -30.7484 28.5661
    endloop
  endfacet
  facet normal -0 -0.658155 -0.752882
    outer loop
      vertex 0.5 -30.6721 28.4994
      vertex 0 -30.7484 28.5661
      vertex 0 -30.6721 28.4994
    endloop
  endfacet
  facet normal 0 -0.743392 -0.668856
    outer loop
      vertex 0 -30.6039 28.4236
      vertex 0.5 -30.6721 28.4994
      vertex 0 -30.6721 28.4994
    endloop
  endfacet
  facet normal 0 -0.743392 -0.668856
    outer loop
      vertex 0.5 -30.6721 28.4994
      vertex 0 -30.6039 28.4236
      vertex 0.5 -30.6039 28.4236
    endloop
  endfacet
  facet normal 0 -0.817101 -0.576494
    outer loop
      vertex 0 -30.544 28.3387
      vertex 0.5 -30.6039 28.4236
      vertex 0 -30.6039 28.4236
    endloop
  endfacet
  facet normal 0 -0.817101 -0.576494
    outer loop
      vertex 0.5 -30.6039 28.4236
      vertex 0 -30.544 28.3387
      vertex 0.5 -30.544 28.3387
    endloop
  endfacet
  facet normal 0 -0.876686 -0.481063
    outer loop
      vertex 0 -30.4922 28.2443
      vertex 0.5 -30.544 28.3387
      vertex 0 -30.544 28.3387
    endloop
  endfacet
  facet normal 0 -0.876686 -0.481063
    outer loop
      vertex 0.5 -30.544 28.3387
      vertex 0 -30.4922 28.2443
      vertex 0.5 -30.4922 28.2443
    endloop
  endfacet
  facet normal 0 -0.921419 -0.388571
    outer loop
      vertex 0 -30.4483 28.1402
      vertex 0.5 -30.4922 28.2443
      vertex 0 -30.4922 28.2443
    endloop
  endfacet
  facet normal 0 -0.921419 -0.388571
    outer loop
      vertex 0.5 -30.4922 28.2443
      vertex 0 -30.4483 28.1402
      vertex 0.5 -30.4483 28.1402
    endloop
  endfacet
  facet normal 0 -0.953911 -0.300088
    outer loop
      vertex 0 -30.4125 28.0264
      vertex 0.5 -30.4483 28.1402
      vertex 0 -30.4483 28.1402
    endloop
  endfacet
  facet normal 0 -0.953911 -0.300088
    outer loop
      vertex 0.5 -30.4483 28.1402
      vertex 0 -30.4125 28.0264
      vertex 0.5 -30.4125 28.0264
    endloop
  endfacet
  facet normal 0 -0.975419 -0.220358
    outer loop
      vertex 0 -30.3846 27.9029
      vertex 0.5 -30.4125 28.0264
      vertex 0 -30.4125 28.0264
    endloop
  endfacet
  facet normal 0 -0.975419 -0.220358
    outer loop
      vertex 0.5 -30.4125 28.0264
      vertex 0 -30.3846 27.9029
      vertex 0.5 -30.3846 27.9029
    endloop
  endfacet
  facet normal 0 -0.988915 -0.148486
    outer loop
      vertex 0 -30.3646 27.7697
      vertex 0.5 -30.3846 27.9029
      vertex 0 -30.3846 27.9029
    endloop
  endfacet
  facet normal 0 -0.988915 -0.148486
    outer loop
      vertex 0.5 -30.3846 27.9029
      vertex 0 -30.3646 27.7697
      vertex 0.5 -30.3646 27.7697
    endloop
  endfacet
  facet normal 0 -0.996555 -0.0829301
    outer loop
      vertex 0 -30.3527 27.6267
      vertex 0.5 -30.3646 27.7697
      vertex 0 -30.3646 27.7697
    endloop
  endfacet
  facet normal 0 -0.996555 -0.0829301
    outer loop
      vertex 0.5 -30.3646 27.7697
      vertex 0 -30.3527 27.6267
      vertex 0.5 -30.3527 27.6267
    endloop
  endfacet
  facet normal 0 -0.999657 -0.0262033
    outer loop
      vertex 0 -30.3487 27.4741
      vertex 0.5 -30.3527 27.6267
      vertex 0 -30.3527 27.6267
    endloop
  endfacet
  facet normal 0 -0.999657 -0.0262033
    outer loop
      vertex 0.5 -30.3527 27.6267
      vertex 0 -30.3487 27.4741
      vertex 0.5 -30.3487 27.4741
    endloop
  endfacet
  facet normal 0 -0.999636 0.0269848
    outer loop
      vertex 0 -30.3532 27.3074
      vertex 0.5 -30.3487 27.4741
      vertex 0 -30.3487 27.4741
    endloop
  endfacet
  facet normal 0 -0.999636 0.0269848
    outer loop
      vertex 0.5 -30.3487 27.4741
      vertex 0 -30.3532 27.3074
      vertex 0.5 -30.3532 27.3074
    endloop
  endfacet
  facet normal 0 -0.993262 0.115891
    outer loop
      vertex 0 -30.3732 30.0027
      vertex 0.5 -30.3548 30.1604
      vertex 0 -30.3548 30.1604
    endloop
  endfacet
  facet normal 0 -0.993262 0.115891
    outer loop
      vertex 0.5 -30.3548 30.1604
      vertex 0 -30.3732 30.0027
      vertex 0.5 -30.3732 30.0027
    endloop
  endfacet
  facet normal 0 -0.978847 0.204595
    outer loop
      vertex 0 -30.4038 29.8563
      vertex 0.5 -30.3732 30.0027
      vertex 0 -30.3732 30.0027
    endloop
  endfacet
  facet normal 0 -0.978847 0.204595
    outer loop
      vertex 0.5 -30.3732 30.0027
      vertex 0 -30.4038 29.8563
      vertex 0.5 -30.4038 29.8563
    endloop
  endfacet
  facet normal 0 -0.953231 0.302244
    outer loop
      vertex 0 -30.4467 29.721
      vertex 0.5 -30.4038 29.8563
      vertex 0 -30.4038 29.8563
    endloop
  endfacet
  facet normal 0 -0.953231 0.302244
    outer loop
      vertex 0.5 -30.4038 29.8563
      vertex 0 -30.4467 29.721
      vertex 0.5 -30.4467 29.721
    endloop
  endfacet
  facet normal 0 -0.913963 0.405797
    outer loop
      vertex 0 -30.5018 29.5969
      vertex 0.5 -30.4467 29.721
      vertex 0 -30.4467 29.721
    endloop
  endfacet
  facet normal 0 -0.913963 0.405797
    outer loop
      vertex 0.5 -30.4467 29.721
      vertex 0 -30.5018 29.5969
      vertex 0.5 -30.5018 29.5969
    endloop
  endfacet
  facet normal 0 -0.858831 0.512259
    outer loop
      vertex 0 -30.5692 29.4839
      vertex 0.5 -30.5018 29.5969
      vertex 0 -30.5018 29.5969
    endloop
  endfacet
  facet normal 0 -0.858831 0.512259
    outer loop
      vertex 0.5 -30.5018 29.5969
      vertex 0 -30.5692 29.4839
      vertex 0.5 -30.5692 29.4839
    endloop
  endfacet
  facet normal 0 -0.787472 0.61635
    outer loop
      vertex 0 -30.6488 29.3822
      vertex 0.5 -30.5692 29.4839
      vertex 0 -30.5692 29.4839
    endloop
  endfacet
  facet normal 0 -0.787472 0.61635
    outer loop
      vertex 0.5 -30.5692 29.4839
      vertex 0 -30.6488 29.3822
      vertex 0.5 -30.6488 29.3822
    endloop
  endfacet
  facet normal 0 -0.701984 0.712192
    outer loop
      vertex 0 -30.6488 29.3822
      vertex 0.5 -30.7395 29.2928
      vertex 0.5 -30.6488 29.3822
    endloop
  endfacet
  facet normal 0 -0.701984 0.712192
    outer loop
      vertex 0.5 -30.7395 29.2928
      vertex 0 -30.6488 29.3822
      vertex 0 -30.7395 29.2928
    endloop
  endfacet
  facet normal 0 -0.599873 0.800095
    outer loop
      vertex 0 -30.7395 29.2928
      vertex 0.5 -30.8402 29.2173
      vertex 0.5 -30.7395 29.2928
    endloop
  endfacet
  facet normal 0 -0.599873 0.800095
    outer loop
      vertex 0.5 -30.8402 29.2173
      vertex 0 -30.7395 29.2928
      vertex 0 -30.8402 29.2173
    endloop
  endfacet
  facet normal 0 -0.487715 0.873003
    outer loop
      vertex 0 -30.8402 29.2173
      vertex 0.5 -30.951 29.1554
      vertex 0.5 -30.8402 29.2173
    endloop
  endfacet
  facet normal 0 -0.487715 0.873003
    outer loop
      vertex 0.5 -30.951 29.1554
      vertex 0 -30.8402 29.2173
      vertex 0 -30.951 29.1554
    endloop
  endfacet
  facet normal 0 -0.370196 0.928954
    outer loop
      vertex 0 -30.951 29.1554
      vertex 0.5 -31.0717 29.1073
      vertex 0.5 -30.951 29.1554
    endloop
  endfacet
  facet normal 0 -0.370196 0.928954
    outer loop
      vertex 0.5 -31.0717 29.1073
      vertex 0 -30.951 29.1554
      vertex 0 -31.0717 29.1073
    endloop
  endfacet
  facet normal 0 -0.254348 0.967113
    outer loop
      vertex 0 -31.0717 29.1073
      vertex 0.5 -31.2025 29.0729
      vertex 0.5 -31.0717 29.1073
    endloop
  endfacet
  facet normal 0 -0.254348 0.967113
    outer loop
      vertex 0.5 -31.2025 29.0729
      vertex 0 -31.0717 29.1073
      vertex 0 -31.2025 29.0729
    endloop
  endfacet
  facet normal 0 -0.144766 0.989466
    outer loop
      vertex 0 -31.2025 29.0729
      vertex 0.5 -31.3433 29.0523
      vertex 0.5 -31.2025 29.0729
    endloop
  endfacet
  facet normal 0 -0.144766 0.989466
    outer loop
      vertex 0.5 -31.3433 29.0523
      vertex 0 -31.2025 29.0729
      vertex 0 -31.3433 29.0523
    endloop
  endfacet
  facet normal 0 -0.0450769 0.998984
    outer loop
      vertex 0 -31.3433 29.0523
      vertex 0.5 -31.494 29.0455
      vertex 0.5 -31.3433 29.0523
    endloop
  endfacet
  facet normal 0 -0.0450769 0.998984
    outer loop
      vertex 0.5 -31.494 29.0455
      vertex 0 -31.3433 29.0523
      vertex 0 -31.494 29.0455
    endloop
  endfacet
  facet normal -0 0 1
    outer loop
      vertex 0 -31.494 29.0455
      vertex 0.5 -33.2558 29.0455
      vertex 0.5 -31.494 29.0455
    endloop
  endfacet
  facet normal 0 0 1
    outer loop
      vertex 0.5 -33.2558 29.0455
      vertex 0 -31.494 29.0455
      vertex 0 -33.2558 29.0455
    endloop
  endfacet
  facet normal 0 1 -0
    outer loop
      vertex 0.5 -33.2558 29.0455
      vertex 0 -33.2558 29.6456
      vertex 0.5 -33.2558 29.6456
    endloop
  endfacet
  facet normal 0 1 0
    outer loop
      vertex 0 -33.2558 29.6456
      vertex 0.5 -33.2558 29.0455
      vertex 0 -33.2558 29.0455
    endloop
  endfacet
  facet normal 0 0 -1
    outer loop
      vertex 0 -33.2558 29.6456
      vertex 0.5 -31.5307 29.6456
      vertex 0.5 -33.2558 29.6456
    endloop
  endfacet
  facet normal -0 0 -1
    outer loop
      vertex 0.5 -31.5307 29.6456
      vertex 0 -33.2558 29.6456
      vertex 0 -31.5307 29.6456
    endloop
  endfacet
  facet normal 0 0.0378676 -0.999283
    outer loop
      vertex 0 -31.5307 29.6456
      vertex 0.5 -31.4357 29.6492
      vertex 0.5 -31.5307 29.6456
    endloop
  endfacet
  facet normal 0 0.0378676 -0.999283
    outer loop
      vertex 0.5 -31.4357 29.6492
      vertex 0 -31.5307 29.6456
      vertex 0 -31.4357 29.6492
    endloop
  endfacet
  facet normal 0 0.117949 -0.99302
    outer loop
      vertex 0 -31.4357 29.6492
      vertex 0.5 -31.3473 29.6597
      vertex 0.5 -31.4357 29.6492
    endloop
  endfacet
  facet normal 0 0.117949 -0.99302
    outer loop
      vertex 0.5 -31.3473 29.6597
      vertex 0 -31.4357 29.6492
      vertex 0 -31.3473 29.6597
    endloop
  endfacet
  facet normal 0 0.210994 -0.977487
    outer loop
      vertex 0 -31.3473 29.6597
      vertex 0.5 -31.2653 29.6774
      vertex 0.5 -31.3473 29.6597
    endloop
  endfacet
  facet normal 0 0.210994 -0.977487
    outer loop
      vertex 0.5 -31.2653 29.6774
      vertex 0 -31.3473 29.6597
      vertex 0 -31.2653 29.6774
    endloop
  endfacet
  facet normal 0 0.311308 -0.950309
    outer loop
      vertex 0 -31.2653 29.6774
      vertex 0.5 -31.1899 29.7021
      vertex 0.5 -31.2653 29.6774
    endloop
  endfacet
  facet normal 0 0.311308 -0.950309
    outer loop
      vertex 0.5 -31.1899 29.7021
      vertex 0 -31.2653 29.6774
      vertex 0 -31.1899 29.7021
    endloop
  endfacet
  facet normal 0 0.417971 -0.90846
    outer loop
      vertex 0 -31.1899 29.7021
      vertex 0.5 -31.121 29.7338
      vertex 0.5 -31.1899 29.7021
    endloop
  endfacet
  facet normal 0 0.417971 -0.90846
    outer loop
      vertex 0.5 -31.121 29.7338
      vertex 0 -31.1899 29.7021
      vertex 0 -31.121 29.7338
    endloop
  endfacet
  facet normal 0 0.529021 -0.848609
    outer loop
      vertex 0 -31.121 29.7338
      vertex 0.5 -31.0586 29.7727
      vertex 0.5 -31.121 29.7338
    endloop
  endfacet
  facet normal 0 0.529021 -0.848609
    outer loop
      vertex 0.5 -31.0586 29.7727
      vertex 0 -31.121 29.7338
      vertex 0 -31.0586 29.7727
    endloop
  endfacet
  facet normal 0 0.633765 -0.773526
    outer loop
      vertex 0 -31.0586 29.7727
      vertex 0.5 -31.0027 29.8185
      vertex 0.5 -31.0586 29.7727
    endloop
  endfacet
  facet normal 0 0.633765 -0.773526
    outer loop
      vertex 0.5 -31.0027 29.8185
      vertex 0 -31.0586 29.7727
      vertex 0 -31.0027 29.8185
    endloop
  endfacet
  facet normal 0 0.732446 -0.680826
    outer loop
      vertex 0.5 -31.0027 29.8185
      vertex 0 -30.9539 29.871
      vertex 0.5 -30.9539 29.871
    endloop
  endfacet
  facet normal 0 0.732446 -0.680826
    outer loop
      vertex 0 -30.9539 29.871
      vertex 0.5 -31.0027 29.8185
      vertex 0 -31.0027 29.8185
    endloop
  endfacet
  facet normal 0 0.816929 -0.576738
    outer loop
      vertex 0.5 -30.9539 29.871
      vertex 0 -30.9126 29.9295
      vertex 0.5 -30.9126 29.9295
    endloop
  endfacet
  facet normal 0 0.816929 -0.576738
    outer loop
      vertex 0 -30.9126 29.9295
      vertex 0.5 -30.9539 29.871
      vertex 0 -30.9539 29.871
    endloop
  endfacet
  facet normal 0 0.885186 -0.465237
    outer loop
      vertex 0.5 -30.9126 29.9295
      vertex 0 -30.8787 29.994
      vertex 0.5 -30.8787 29.994
    endloop
  endfacet
  facet normal 0 0.885186 -0.465237
    outer loop
      vertex 0 -30.8787 29.994
      vertex 0.5 -30.9126 29.9295
      vertex 0 -30.9126 29.9295
    endloop
  endfacet
  facet normal 0 0.937091 -0.349086
    outer loop
      vertex 0.5 -30.8787 29.994
      vertex 0 -30.8524 30.0646
      vertex 0.5 -30.8524 30.0646
    endloop
  endfacet
  facet normal 0 0.937091 -0.349086
    outer loop
      vertex 0 -30.8524 30.0646
      vertex 0.5 -30.8787 29.994
      vertex 0 -30.8787 29.994
    endloop
  endfacet
  facet normal 0 0.971542 -0.236869
    outer loop
      vertex 0.5 -30.8524 30.0646
      vertex 0 -30.8337 30.1413
      vertex 0.5 -30.8337 30.1413
    endloop
  endfacet
  facet normal 0 0.971542 -0.236869
    outer loop
      vertex 0 -30.8337 30.1413
      vertex 0.5 -30.8524 30.0646
      vertex 0 -30.8524 30.0646
    endloop
  endfacet
  facet normal 0 0.990816 -0.13522
    outer loop
      vertex 0.5 -30.8337 30.1413
      vertex 0 -30.8224 30.2241
      vertex 0.5 -30.8224 30.2241
    endloop
  endfacet
  facet normal 0 0.990816 -0.13522
    outer loop
      vertex 0 -30.8224 30.2241
      vertex 0.5 -30.8337 30.1413
      vertex 0 -30.8337 30.1413
    endloop
  endfacet
  facet normal 0 0.999086 -0.0427537
    outer loop
      vertex 0.5 -30.8224 30.2241
      vertex 0 -30.8186 30.3129
      vertex 0.5 -30.8186 30.3129
    endloop
  endfacet
  facet normal 0 0.999086 -0.0427537
    outer loop
      vertex 0 -30.8186 30.3129
      vertex 0.5 -30.8224 30.2241
      vertex 0 -30.8224 30.2241
    endloop
  endfacet
  facet normal 0 0.999133 0.0416305
    outer loop
      vertex 0.5 -30.8186 30.3129
      vertex 0 -30.8222 30.3993
      vertex 0.5 -30.8222 30.3993
    endloop
  endfacet
  facet normal 0 0.999133 0.0416305
    outer loop
      vertex 0 -30.8222 30.3993
      vertex 0.5 -30.8186 30.3129
      vertex 0 -30.8186 30.3129
    endloop
  endfacet
  facet normal 0 0.991054 0.133459
    outer loop
      vertex 0.5 -30.8222 30.3993
      vertex 0 -30.833 30.4795
      vertex 0.5 -30.833 30.4795
    endloop
  endfacet
  facet normal 0 0.991054 0.133459
    outer loop
      vertex 0 -30.833 30.4795
      vertex 0.5 -30.8222 30.3993
      vertex 0 -30.8222 30.3993
    endloop
  endfacet
  facet normal 0 0.972041 0.234812
    outer loop
      vertex 0.5 -30.833 30.4795
      vertex 0 -30.8509 30.5536
      vertex 0.5 -30.8509 30.5536
    endloop
  endfacet
  facet normal 0 0.972041 0.234812
    outer loop
      vertex 0 -30.8509 30.5536
      vertex 0.5 -30.833 30.4795
      vertex 0 -30.833 30.4795
    endloop
  endfacet
  facet normal 0 0.937348 0.348395
    outer loop
      vertex 0.5 -30.8509 30.5536
      vertex 0 -30.8761 30.6214
      vertex 0.5 -30.8761 30.6214
    endloop
  endfacet
  facet normal 0 0.937348 0.348395
    outer loop
      vertex 0 -30.8761 30.6214
      vertex 0.5 -30.8509 30.5536
      vertex 0 -30.8509 30.5536
    endloop
  endfacet
  facet normal 0 0.885944 0.463792
    outer loop
      vertex 0.5 -30.8761 30.6214
      vertex 0 -30.9084 30.6831
      vertex 0.5 -30.9084 30.6831
    endloop
  endfacet
  facet normal 0 0.885944 0.463792
    outer loop
      vertex 0 -30.9084 30.6831
      vertex 0.5 -30.8761 30.6214
      vertex 0 -30.8761 30.6214
    endloop
  endfacet
  facet normal 0 0.814724 0.579849
    outer loop
      vertex 0.5 -30.9084 30.6831
      vertex 0 -30.9479 30.7386
      vertex 0.5 -30.9479 30.7386
    endloop
  endfacet
  facet normal 0 0.814724 0.579849
    outer loop
      vertex 0 -30.9479 30.7386
      vertex 0.5 -30.9084 30.6831
      vertex 0 -30.9084 30.6831
    endloop
  endfacet
  facet normal 0 0.725991 0.687704
    outer loop
      vertex 0.5 -30.9479 30.7386
      vertex 0 -30.9946 30.7879
      vertex 0.5 -30.9946 30.7879
    endloop
  endfacet
  facet normal 0 0.725991 0.687704
    outer loop
      vertex 0 -30.9946 30.7879
      vertex 0.5 -30.9479 30.7386
      vertex 0 -30.9479 30.7386
    endloop
  endfacet
  facet normal -0 0.624873 0.780727
    outer loop
      vertex 0 -30.9946 30.7879
      vertex 0.5 -31.0482 30.8308
      vertex 0.5 -30.9946 30.7879
    endloop
  endfacet
  facet normal 0 0.624873 0.780727
    outer loop
      vertex 0.5 -31.0482 30.8308
      vertex 0 -30.9946 30.7879
      vertex 0 -31.0482 30.8308
    endloop
  endfacet
  facet normal -0 0.515749 0.85674
    outer loop
      vertex 0 -31.0482 30.8308
      vertex 0.5 -31.1085 30.8671
      vertex 0.5 -31.0482 30.8308
    endloop
  endfacet
  facet normal 0 0.515749 0.85674
    outer loop
      vertex 0.5 -31.1085 30.8671
      vertex 0 -31.0482 30.8308
      vertex 0 -31.1085 30.8671
    endloop
  endfacet
  facet normal -0 0.405252 0.914205
    outer loop
      vertex 0 -31.1085 30.8671
      vertex 0.5 -31.1755 30.8968
      vertex 0.5 -31.1085 30.8671
    endloop
  endfacet
  facet normal 0 0.405252 0.914205
    outer loop
      vertex 0.5 -31.1755 30.8968
      vertex 0 -31.1085 30.8671
      vertex 0 -31.1755 30.8968
    endloop
  endfacet
  facet normal -0 0.299086 0.954226
    outer loop
      vertex 0 -31.1755 30.8968
      vertex 0.5 -31.2492 30.9199
      vertex 0.5 -31.1755 30.8968
    endloop
  endfacet
  facet normal 0 0.299086 0.954226
    outer loop
      vertex 0.5 -31.2492 30.9199
      vertex 0 -31.1755 30.8968
      vertex 0 -31.2492 30.9199
    endloop
  endfacet
  facet normal -0 0.201034 0.979584
    outer loop
      vertex 0 -31.2492 30.9199
      vertex 0.5 -31.3296 30.9364
      vertex 0.5 -31.2492 30.9199
    endloop
  endfacet
  facet normal 0 0.201034 0.979584
    outer loop
      vertex 0.5 -31.3296 30.9364
      vertex 0 -31.2492 30.9199
      vertex 0 -31.3296 30.9364
    endloop
  endfacet
  facet normal -0 0.113063 0.993588
    outer loop
      vertex 0 -31.3296 30.9364
      vertex 0.5 -31.4166 30.9463
      vertex 0.5 -31.3296 30.9364
    endloop
  endfacet
  facet normal 0 0.113063 0.993588
    outer loop
      vertex 0.5 -31.4166 30.9463
      vertex 0 -31.3296 30.9364
      vertex 0 -31.4166 30.9463
    endloop
  endfacet
  facet normal -0 0.035197 0.99938
    outer loop
      vertex 0 -31.4166 30.9463
      vertex 0.5 -31.5103 30.9496
      vertex 0.5 -31.4166 30.9463
    endloop
  endfacet
  facet normal 0 0.035197 0.99938
    outer loop
      vertex 0.5 -31.5103 30.9496
      vertex 0 -31.4166 30.9463
      vertex 0 -31.5103 30.9496
    endloop
  endfacet
  facet normal -0 0 1
    outer loop
      vertex 0 -31.5103 30.9496
      vertex 0.5 -33.2558 30.9496
      vertex 0.5 -31.5103 30.9496
    endloop
  endfacet
  facet normal 0 0 1
    outer loop
      vertex 0.5 -33.2558 30.9496
      vertex 0 -31.5103 30.9496
      vertex 0 -33.2558 30.9496
    endloop
  endfacet
  facet normal 0 1 -0
    outer loop
      vertex 0.5 -33.2558 30.9496
      vertex 0 -33.2558 31.5498
      vertex 0.5 -33.2558 31.5498
    endloop
  endfacet
  facet normal 0 1 0
    outer loop
      vertex 0 -33.2558 31.5498
      vertex 0.5 -33.2558 30.9496
      vertex 0 -33.2558 30.9496
    endloop
  endfacet
  facet normal 0 0 -1
    outer loop
      vertex 0 -33.2558 31.5498
      vertex 0.5 -31.4635 31.5498
      vertex 0.5 -33.2558 31.5498
    endloop
  endfacet
  facet normal -0 0 -1
    outer loop
      vertex 0.5 -31.4635 31.5498
      vertex 0 -33.2558 31.5498
      vertex 0 -31.4635 31.5498
    endloop
  endfacet
  facet normal 0 -0.0430866 -0.999071
    outer loop
      vertex 0 -31.4635 31.5498
      vertex 0.5 -31.3151 31.5434
      vertex 0.5 -31.4635 31.5498
    endloop
  endfacet
  facet normal -0 -0.0430866 -0.999071
    outer loop
      vertex 0.5 -31.3151 31.5434
      vertex 0 -31.4635 31.5498
      vertex 0 -31.3151 31.5434
    endloop
  endfacet
  facet normal 0 -0.13831 -0.990389
    outer loop
      vertex 0 -31.3151 31.5434
      vertex 0.5 -31.1769 31.5241
      vertex 0.5 -31.3151 31.5434
    endloop
  endfacet
  facet normal -0 -0.13831 -0.990389
    outer loop
      vertex 0.5 -31.1769 31.5241
      vertex 0 -31.3151 31.5434
      vertex 0 -31.1769 31.5241
    endloop
  endfacet
  facet normal 0 -0.24307 -0.970009
    outer loop
      vertex 0 -31.1769 31.5241
      vertex 0.5 -31.0488 31.492
      vertex 0.5 -31.1769 31.5241
    endloop
  endfacet
  facet normal -0 -0.24307 -0.970009
    outer loop
      vertex 0.5 -31.0488 31.492
      vertex 0 -31.1769 31.5241
      vertex 0 -31.0488 31.492
    endloop
  endfacet
  facet normal 0 -0.355633 -0.934626
    outer loop
      vertex 0 -31.0488 31.492
      vertex 0.5 -30.9308 31.4471
      vertex 0.5 -31.0488 31.492
    endloop
  endfacet
  facet normal -0 -0.355633 -0.934626
    outer loop
      vertex 0.5 -30.9308 31.4471
      vertex 0 -31.0488 31.492
      vertex 0 -30.9308 31.4471
    endloop
  endfacet
  facet normal 0 -0.471564 -0.881832
    outer loop
      vertex 0 -30.9308 31.4471
      vertex 0.5 -30.8229 31.3894
      vertex 0.5 -30.9308 31.4471
    endloop
  endfacet
  facet normal -0 -0.471564 -0.881832
    outer loop
      vertex 0.5 -30.8229 31.3894
      vertex 0 -30.9308 31.4471
      vertex 0 -30.8229 31.3894
    endloop
  endfacet
  facet normal 0 -0.585157 -0.81092
    outer loop
      vertex 0 -30.8229 31.3894
      vertex 0.5 -30.7252 31.3189
      vertex 0.5 -30.8229 31.3894
    endloop
  endfacet
  facet normal -0 -0.585157 -0.81092
    outer loop
      vertex 0.5 -30.7252 31.3189
      vertex 0 -30.8229 31.3894
      vertex 0 -30.7252 31.3189
    endloop
  endfacet
  facet normal 0 -0.689531 -0.724256
    outer loop
      vertex 0 -30.7252 31.3189
      vertex 0.5 -30.6376 31.2355
      vertex 0.5 -30.7252 31.3189
    endloop
  endfacet
  facet normal -0 -0.689531 -0.724256
    outer loop
      vertex 0.5 -30.6376 31.2355
      vertex 0 -30.7252 31.3189
      vertex 0 -30.6376 31.2355
    endloop
  endfacet
  facet normal 0 -0.779673 -0.626187
    outer loop
      vertex 0 -30.5609 31.14
      vertex 0.5 -30.6376 31.2355
      vertex 0 -30.6376 31.2355
    endloop
  endfacet
  facet normal 0 -0.779673 -0.626187
    outer loop
      vertex 0.5 -30.6376 31.2355
      vertex 0 -30.5609 31.14
      vertex 0.5 -30.5609 31.14
    endloop
  endfacet
  facet normal 0 -0.85494 -0.518727
    outer loop
      vertex 0 -30.4961 31.0332
      vertex 0.5 -30.5609 31.14
      vertex 0 -30.5609 31.14
    endloop
  endfacet
  facet normal 0 -0.85494 -0.518727
    outer loop
      vertex 0.5 -30.5609 31.14
      vertex 0 -30.4961 31.0332
      vertex 0.5 -30.4961 31.0332
    endloop
  endfacet
  facet normal 0 -0.912052 -0.410076
    outer loop
      vertex 0 -30.443 30.9151
      vertex 0.5 -30.4961 31.0332
      vertex 0 -30.4961 31.0332
    endloop
  endfacet
  facet normal 0 -0.912052 -0.410076
    outer loop
      vertex 0.5 -30.4961 31.0332
      vertex 0 -30.443 30.9151
      vertex 0.5 -30.443 30.9151
    endloop
  endfacet
  facet normal 0 -0.952935 -0.303173
    outer loop
      vertex 0 -30.4018 30.7856
      vertex 0.5 -30.443 30.9151
      vertex 0 -30.443 30.9151
    endloop
  endfacet
  facet normal 0 -0.952935 -0.303173
    outer loop
      vertex 0.5 -30.443 30.9151
      vertex 0 -30.4018 30.7856
      vertex 0.5 -30.4018 30.7856
    endloop
  endfacet
  facet normal 0 -0.978748 -0.205064
    outer loop
      vertex 0 -30.3723 30.6448
      vertex 0.5 -30.4018 30.7856
      vertex 0 -30.4018 30.7856
    endloop
  endfacet
  facet normal 0 -0.978748 -0.205064
    outer loop
      vertex 0.5 -30.4018 30.7856
      vertex 0 -30.3723 30.6448
      vertex 0.5 -30.3723 30.6448
    endloop
  endfacet
  facet normal 0 -0.993306 -0.115516
    outer loop
      vertex 0 -30.3546 30.4926
      vertex 0.5 -30.3723 30.6448
      vertex 0 -30.3723 30.6448
    endloop
  endfacet
  facet normal 0 -0.993306 -0.115516
    outer loop
      vertex 0.5 -30.3723 30.6448
      vertex 0 -30.3546 30.4926
      vertex 0.5 -30.3546 30.4926
    endloop
  endfacet
  facet normal 0 -0.999349 -0.0360842
    outer loop
      vertex 0 -30.3487 30.3292
      vertex 0.5 -30.3546 30.4926
      vertex 0 -30.3546 30.4926
    endloop
  endfacet
  facet normal 0 -0.999349 -0.0360842
    outer loop
      vertex 0.5 -30.3546 30.4926
      vertex 0 -30.3487 30.3292
      vertex 0.5 -30.3487 30.3292
    endloop
  endfacet
  facet normal 0 -0.999348 0.0361139
    outer loop
      vertex 0 -30.3548 30.1604
      vertex 0.5 -30.3487 30.3292
      vertex 0 -30.3487 30.3292
    endloop
  endfacet
  facet normal 0 -0.999348 0.0361139
    outer loop
      vertex 0.5 -30.3487 30.3292
      vertex 0 -30.3548 30.1604
      vertex 0.5 -30.3548 30.1604
    endloop
  endfacet
  facet normal 0 -0.995311 0.0967253
    outer loop
      vertex 0 -30.4068 24.1556
      vertex 0.5 -30.3937 24.2904
      vertex 0 -30.3937 24.2904
    endloop
  endfacet
  facet normal 0 -0.995311 0.0967253
    outer loop
      vertex 0.5 -30.3937 24.2904
      vertex 0 -30.4068 24.1556
      vertex 0.5 -30.4068 24.1556
    endloop
  endfacet
  facet normal 0 -0.985269 0.17101
    outer loop
      vertex 0 -30.4286 24.03
      vertex 0.5 -30.4068 24.1556
      vertex 0 -30.4068 24.1556
    endloop
  endfacet
  facet normal 0 -0.985269 0.17101
    outer loop
      vertex 0.5 -30.4068 24.1556
      vertex 0 -30.4286 24.03
      vertex 0.5 -30.4286 24.03
    endloop
  endfacet
  facet normal 0 -0.967236 0.253879
    outer loop
      vertex 0 -30.4591 23.9138
      vertex 0.5 -30.4286 24.03
      vertex 0 -30.4286 24.03
    endloop
  endfacet
  facet normal 0 -0.967236 0.253879
    outer loop
      vertex 0.5 -30.4286 24.03
      vertex 0 -30.4591 23.9138
      vertex 0.5 -30.4591 23.9138
    endloop
  endfacet
  facet normal 0 -0.938687 0.34477
    outer loop
      vertex 0 -30.4984 23.8068
      vertex 0.5 -30.4591 23.9138
      vertex 0 -30.4591 23.9138
    endloop
  endfacet
  facet normal 0 -0.938687 0.34477
    outer loop
      vertex 0.5 -30.4591 23.9138
      vertex 0 -30.4984 23.8068
      vertex 0.5 -30.4984 23.8068
    endloop
  endfacet
  facet normal 0 -0.897714 0.440579
    outer loop
      vertex 0 -30.5463 23.7092
      vertex 0.5 -30.4984 23.8068
      vertex 0 -30.4984 23.8068
    endloop
  endfacet
  facet normal 0 -0.897714 0.440579
    outer loop
      vertex 0.5 -30.4984 23.8068
      vertex 0 -30.5463 23.7092
      vertex 0.5 -30.5463 23.7092
    endloop
  endfacet
  facet normal 0 -0.841735 0.539891
    outer loop
      vertex 0 -30.603 23.6208
      vertex 0.5 -30.5463 23.7092
      vertex 0 -30.5463 23.7092
    endloop
  endfacet
  facet normal 0 -0.841735 0.539891
    outer loop
      vertex 0.5 -30.5463 23.7092
      vertex 0 -30.603 23.6208
      vertex 0.5 -30.603 23.6208
    endloop
  endfacet
  facet normal 0 -0.768951 0.639308
    outer loop
      vertex 0 -30.6676 23.5431
      vertex 0.5 -30.603 23.6208
      vertex 0 -30.603 23.6208
    endloop
  endfacet
  facet normal 0 -0.768951 0.639308
    outer loop
      vertex 0.5 -30.603 23.6208
      vertex 0 -30.6676 23.5431
      vertex 0.5 -30.6676 23.5431
    endloop
  endfacet
  facet normal 0 -0.67512 0.737708
    outer loop
      vertex 0 -30.6676 23.5431
      vertex 0.5 -30.7395 23.4773
      vertex 0.5 -30.6676 23.5431
    endloop
  endfacet
  facet normal 0 -0.67512 0.737708
    outer loop
      vertex 0.5 -30.7395 23.4773
      vertex 0 -30.6676 23.5431
      vertex 0 -30.7395 23.4773
    endloop
  endfacet
  facet normal 0 -0.562396 0.826868
    outer loop
      vertex 0 -30.7395 23.4773
      vertex 0.5 -30.8186 23.4235
      vertex 0.5 -30.7395 23.4773
    endloop
  endfacet
  facet normal 0 -0.562396 0.826868
    outer loop
      vertex 0.5 -30.8186 23.4235
      vertex 0 -30.7395 23.4773
      vertex 0 -30.8186 23.4235
    endloop
  endfacet
  facet normal 0 -0.435915 0.899988
    outer loop
      vertex 0 -30.8186 23.4235
      vertex 0.5 -30.9049 23.3817
      vertex 0.5 -30.8186 23.4235
    endloop
  endfacet
  facet normal 0 -0.435915 0.899988
    outer loop
      vertex 0.5 -30.9049 23.3817
      vertex 0 -30.8186 23.4235
      vertex 0 -30.9049 23.3817
    endloop
  endfacet
  facet normal 0 -0.304296 0.952578
    outer loop
      vertex 0 -30.9049 23.3817
      vertex 0.5 -30.9985 23.3518
      vertex 0.5 -30.9049 23.3817
    endloop
  endfacet
  facet normal 0 -0.304296 0.952578
    outer loop
      vertex 0.5 -30.9985 23.3518
      vertex 0 -30.9049 23.3817
      vertex 0 -30.9985 23.3518
    endloop
  endfacet
  facet normal 0 -0.17596 0.984397
    outer loop
      vertex 0 -30.9985 23.3518
      vertex 0.5 -31.0992 23.3338
      vertex 0.5 -30.9985 23.3518
    endloop
  endfacet
  facet normal 0 -0.17596 0.984397
    outer loop
      vertex 0.5 -31.0992 23.3338
      vertex 0 -30.9985 23.3518
      vertex 0 -31.0992 23.3338
    endloop
  endfacet
  facet normal 0 -0.0545483 0.998511
    outer loop
      vertex 0 -31.0992 23.3338
      vertex 0.5 -31.2072 23.3279
      vertex 0.5 -31.0992 23.3338
    endloop
  endfacet
  facet normal 0 -0.0545483 0.998511
    outer loop
      vertex 0.5 -31.2072 23.3279
      vertex 0 -31.0992 23.3338
      vertex 0 -31.2072 23.3279
    endloop
  endfacet
  facet normal -0 0.0454077 0.998969
    outer loop
      vertex 0 -31.2072 23.3279
      vertex 0.5 -31.2886 23.3316
      vertex 0.5 -31.2072 23.3279
    endloop
  endfacet
  facet normal 0 0.0454077 0.998969
    outer loop
      vertex 0.5 -31.2886 23.3316
      vertex 0 -31.2072 23.3279
      vertex 0 -31.2886 23.3316
    endloop
  endfacet
  facet normal -0 0.143411 0.989663
    outer loop
      vertex 0 -31.2886 23.3316
      vertex 0.5 -31.3652 23.3427
      vertex 0.5 -31.2886 23.3316
    endloop
  endfacet
  facet normal 0 0.143411 0.989663
    outer loop
      vertex 0.5 -31.3652 23.3427
      vertex 0 -31.2886 23.3316
      vertex 0 -31.3652 23.3427
    endloop
  endfacet
  facet normal -0 0.250122 0.968214
    outer loop
      vertex 0 -31.3652 23.3427
      vertex 0.5 -31.4372 23.3613
      vertex 0.5 -31.3652 23.3427
    endloop
  endfacet
  facet normal 0 0.250122 0.968214
    outer loop
      vertex 0.5 -31.4372 23.3613
      vertex 0 -31.3652 23.3427
      vertex 0 -31.4372 23.3613
    endloop
  endfacet
  facet normal -0 0.360372 0.932809
    outer loop
      vertex 0 -31.4372 23.3613
      vertex 0.5 -31.5045 23.3873
      vertex 0.5 -31.4372 23.3613
    endloop
  endfacet
  facet normal 0 0.360372 0.932809
    outer loop
      vertex 0.5 -31.5045 23.3873
      vertex 0 -31.4372 23.3613
      vertex 0 -31.5045 23.3873
    endloop
  endfacet
  facet normal -0 0.471831 0.881689
    outer loop
      vertex 0 -31.5045 23.3873
      vertex 0.5 -31.5671 23.4208
      vertex 0.5 -31.5045 23.3873
    endloop
  endfacet
  facet normal 0 0.471831 0.881689
    outer loop
      vertex 0.5 -31.5671 23.4208
      vertex 0 -31.5045 23.3873
      vertex 0 -31.5671 23.4208
    endloop
  endfacet
  facet normal -0 0.576683 0.816968
    outer loop
      vertex 0 -31.5671 23.4208
      vertex 0.5 -31.6249 23.4616
      vertex 0.5 -31.5671 23.4208
    endloop
  endfacet
  facet normal 0 0.576683 0.816968
    outer loop
      vertex 0.5 -31.6249 23.4616
      vertex 0 -31.5671 23.4208
      vertex 0 -31.6249 23.4616
    endloop
  endfacet
  facet normal -0 0.671496 0.741009
    outer loop
      vertex 0 -31.6249 23.4616
      vertex 0.5 -31.6782 23.5099
      vertex 0.5 -31.6249 23.4616
    endloop
  endfacet
  facet normal 0 0.671496 0.741009
    outer loop
      vertex 0.5 -31.6782 23.5099
      vertex 0 -31.6249 23.4616
      vertex 0 -31.6782 23.5099
    endloop
  endfacet
  facet normal 0 0.755779 0.654827
    outer loop
      vertex 0.5 -31.6782 23.5099
      vertex 0 -31.7262 23.5653
      vertex 0.5 -31.7262 23.5653
    endloop
  endfacet
  facet normal 0 0.755779 0.654827
    outer loop
      vertex 0 -31.7262 23.5653
      vertex 0.5 -31.6782 23.5099
      vertex 0 -31.6782 23.5099
    endloop
  endfacet
  facet normal 0 0.825665 0.56416
    outer loop
      vertex 0.5 -31.7262 23.5653
      vertex 0 -31.7687 23.6275
      vertex 0.5 -31.7687 23.6275
    endloop
  endfacet
  facet normal 0 0.825665 0.56416
    outer loop
      vertex 0 -31.7687 23.6275
      vertex 0.5 -31.7262 23.5653
      vertex 0 -31.7262 23.5653
    endloop
  endfacet
  facet normal 0 0.882069 0.47112
    outer loop
      vertex 0.5 -31.7687 23.6275
      vertex 0 -31.8055 23.6964
      vertex 0.5 -31.8055 23.6964
    endloop
  endfacet
  facet normal 0 0.882069 0.47112
    outer loop
      vertex 0 -31.8055 23.6964
      vertex 0.5 -31.7687 23.6275
      vertex 0 -31.7687 23.6275
    endloop
  endfacet
  facet normal 0 0.924729 0.380627
    outer loop
      vertex 0.5 -31.8055 23.6964
      vertex 0 -31.8367 23.7722
      vertex 0.5 -31.8367 23.7722
    endloop
  endfacet
  facet normal 0 0.924729 0.380627
    outer loop
      vertex 0 -31.8367 23.7722
      vertex 0.5 -31.8055 23.6964
      vertex 0 -31.8055 23.6964
    endloop
  endfacet
  facet normal 0 0.954645 0.297747
    outer loop
      vertex 0.5 -31.8367 23.7722
      vertex 0 -31.8624 23.8546
      vertex 0.5 -31.8624 23.8546
    endloop
  endfacet
  facet normal 0 0.954645 0.297747
    outer loop
      vertex 0 -31.8624 23.8546
      vertex 0.5 -31.8367 23.7722
      vertex 0 -31.8367 23.7722
    endloop
  endfacet
  facet normal 0 0.975826 0.21855
    outer loop
      vertex 0.5 -31.8624 23.8546
      vertex 0 -31.8824 23.9439
      vertex 0.5 -31.8824 23.9439
    endloop
  endfacet
  facet normal 0 0.975826 0.21855
    outer loop
      vertex 0 -31.8824 23.9439
      vertex 0.5 -31.8624 23.8546
      vertex 0 -31.8624 23.8546
    endloop
  endfacet
  facet normal 0 0.988936 0.14834
    outer loop
      vertex 0.5 -31.8824 23.9439
      vertex 0 -31.8968 24.0399
      vertex 0.5 -31.8968 24.0399
    endloop
  endfacet
  facet normal 0 0.988936 0.14834
    outer loop
      vertex 0 -31.8968 24.0399
      vertex 0.5 -31.8824 23.9439
      vertex 0 -31.8824 23.9439
    endloop
  endfacet
  facet normal 0 -0.969993 0.243135
    outer loop
      vertex 0 -31.9159 23.9637
      vertex 0.5 -31.8968 24.0399
      vertex 0 -31.8968 24.0399
    endloop
  endfacet
  facet normal 0 -0.969993 0.243135
    outer loop
      vertex 0.5 -31.8968 24.0399
      vertex 0 -31.9159 23.9637
      vertex 0.5 -31.9159 23.9637
    endloop
  endfacet
  facet normal 0 -0.948548 0.316632
    outer loop
      vertex 0 -31.9394 23.8933
      vertex 0.5 -31.9159 23.9637
      vertex 0 -31.9159 23.9637
    endloop
  endfacet
  facet normal 0 -0.948548 0.316632
    outer loop
      vertex 0.5 -31.9159 23.9637
      vertex 0 -31.9394 23.8933
      vertex 0.5 -31.9394 23.8933
    endloop
  endfacet
  facet normal 0 -0.917521 0.397687
    outer loop
      vertex 0 -31.9674 23.8287
      vertex 0.5 -31.9394 23.8933
      vertex 0 -31.9394 23.8933
    endloop
  endfacet
  facet normal 0 -0.917521 0.397687
    outer loop
      vertex 0.5 -31.9394 23.8933
      vertex 0 -31.9674 23.8287
      vertex 0.5 -31.9674 23.8287
    endloop
  endfacet
  facet normal 0 -0.875838 0.482605
    outer loop
      vertex 0 -31.9998 23.7699
      vertex 0.5 -31.9674 23.8287
      vertex 0 -31.9674 23.8287
    endloop
  endfacet
  facet normal 0 -0.875838 0.482605
    outer loop
      vertex 0.5 -31.9674 23.8287
      vertex 0 -31.9998 23.7699
      vertex 0.5 -31.9998 23.7699
    endloop
  endfacet
  facet normal 0 -0.821189 0.570657
    outer loop
      vertex 0 -32.0367 23.7168
      vertex 0.5 -31.9998 23.7699
      vertex 0 -31.9998 23.7699
    endloop
  endfacet
  facet normal 0 -0.821189 0.570657
    outer loop
      vertex 0.5 -31.9998 23.7699
      vertex 0 -32.0367 23.7168
      vertex 0.5 -32.0367 23.7168
    endloop
  endfacet
  facet normal 0 -0.754056 0.65681
    outer loop
      vertex 0 -32.0779 23.6695
      vertex 0.5 -32.0367 23.7168
      vertex 0 -32.0367 23.7168
    endloop
  endfacet
  facet normal 0 -0.754056 0.65681
    outer loop
      vertex 0.5 -32.0367 23.7168
      vertex 0 -32.0779 23.6695
      vertex 0.5 -32.0779 23.6695
    endloop
  endfacet
  facet normal 0 -0.672351 0.740233
    outer loop
      vertex 0 -32.0779 23.6695
      vertex 0.5 -32.1237 23.6279
      vertex 0.5 -32.0779 23.6695
    endloop
  endfacet
  facet normal 0 -0.672351 0.740233
    outer loop
      vertex 0.5 -32.1237 23.6279
      vertex 0 -32.0779 23.6695
      vertex 0 -32.1237 23.6279
    endloop
  endfacet
  facet normal 0 -0.586028 0.810291
    outer loop
      vertex 0 -32.1237 23.6279
      vertex 0.5 -32.1732 23.5921
      vertex 0.5 -32.1237 23.6279
    endloop
  endfacet
  facet normal 0 -0.586028 0.810291
    outer loop
      vertex 0.5 -32.1732 23.5921
      vertex 0 -32.1237 23.6279
      vertex 0 -32.1732 23.5921
    endloop
  endfacet
  facet normal 0 -0.500387 0.865802
    outer loop
      vertex 0 -32.1732 23.5921
      vertex 0.5 -32.2258 23.5617
      vertex 0.5 -32.1732 23.5921
    endloop
  endfacet
  facet normal 0 -0.500387 0.865802
    outer loop
      vertex 0.5 -32.2258 23.5617
      vertex 0 -32.1732 23.5921
      vertex 0 -32.2258 23.5617
    endloop
  endfacet
  facet normal 0 -0.408114 0.912931
    outer loop
      vertex 0 -32.2258 23.5617
      vertex 0.5 -32.2815 23.5368
      vertex 0.5 -32.2258 23.5617
    endloop
  endfacet
  facet normal 0 -0.408114 0.912931
    outer loop
      vertex 0.5 -32.2815 23.5368
      vertex 0 -32.2258 23.5617
      vertex 0 -32.2815 23.5368
    endloop
  endfacet
  facet normal 0 -0.311383 0.950284
    outer loop
      vertex 0 -32.2815 23.5368
      vertex 0.5 -32.3404 23.5175
      vertex 0.5 -32.2815 23.5368
    endloop
  endfacet
  facet normal 0 -0.311383 0.950284
    outer loop
      vertex 0.5 -32.3404 23.5175
      vertex 0 -32.2815 23.5368
      vertex 0 -32.3404 23.5175
    endloop
  endfacet
  facet normal 0 -0.217264 0.976113
    outer loop
      vertex 0 -32.3404 23.5175
      vertex 0.5 -32.4024 23.5037
      vertex 0.5 -32.3404 23.5175
    endloop
  endfacet
  facet normal 0 -0.217264 0.976113
    outer loop
      vertex 0.5 -32.4024 23.5037
      vertex 0 -32.3404 23.5175
      vertex 0 -32.4024 23.5037
    endloop
  endfacet
  facet normal 0 -0.126664 0.991946
    outer loop
      vertex 0 -32.4024 23.5037
      vertex 0.5 -32.4674 23.4954
      vertex 0.5 -32.4024 23.5037
    endloop
  endfacet
  facet normal 0 -0.126664 0.991946
    outer loop
      vertex 0.5 -32.4674 23.4954
      vertex 0 -32.4024 23.5037
      vertex 0 -32.4674 23.4954
    endloop
  endfacet
  facet normal 0 -0.0410212 0.999158
    outer loop
      vertex 0 -32.4674 23.4954
      vertex 0.5 -32.5356 23.4926
      vertex 0.5 -32.4674 23.4954
    endloop
  endfacet
  facet normal 0 -0.0410212 0.999158
    outer loop
      vertex 0.5 -32.5356 23.4926
      vertex 0 -32.4674 23.4954
      vertex 0 -32.5356 23.4926
    endloop
  endfacet
  facet normal -0 0.0559205 0.998435
    outer loop
      vertex 0 -32.5356 23.4926
      vertex 0.5 -32.6338 23.4981
      vertex 0.5 -32.5356 23.4926
    endloop
  endfacet
  facet normal 0 0.0559205 0.998435
    outer loop
      vertex 0.5 -32.6338 23.4981
      vertex 0 -32.5356 23.4926
      vertex 0 -32.6338 23.4981
    endloop
  endfacet
  facet normal -0 0.17822 0.983991
    outer loop
      vertex 0 -32.6338 23.4981
      vertex 0.5 -32.7249 23.5146
      vertex 0.5 -32.6338 23.4981
    endloop
  endfacet
  facet normal 0 0.17822 0.983991
    outer loop
      vertex 0.5 -32.7249 23.5146
      vertex 0 -32.6338 23.4981
      vertex 0 -32.7249 23.5146
    endloop
  endfacet
  facet normal -0 0.312489 0.949921
    outer loop
      vertex 0 -32.7249 23.5146
      vertex 0.5 -32.8088 23.5422
      vertex 0.5 -32.7249 23.5146
    endloop
  endfacet
  facet normal 0 0.312489 0.949921
    outer loop
      vertex 0.5 -32.8088 23.5422
      vertex 0 -32.7249 23.5146
      vertex 0 -32.8088 23.5422
    endloop
  endfacet
  facet normal -0 0.447679 0.894195
    outer loop
      vertex 0 -32.8088 23.5422
      vertex 0.5 -32.8857 23.5807
      vertex 0.5 -32.8088 23.5422
    endloop
  endfacet
  facet normal 0 0.447679 0.894195
    outer loop
      vertex 0.5 -32.8857 23.5807
      vertex 0 -32.8088 23.5422
      vertex 0 -32.8857 23.5807
    endloop
  endfacet
  facet normal -0 0.578471 0.815703
    outer loop
      vertex 0 -32.8857 23.5807
      vertex 0.5 -32.9555 23.6302
      vertex 0.5 -32.8857 23.5807
    endloop
  endfacet
  facet normal 0 0.578471 0.815703
    outer loop
      vertex 0.5 -32.9555 23.6302
      vertex 0 -32.8857 23.5807
      vertex 0 -32.9555 23.6302
    endloop
  endfacet
  facet normal -0 0.694943 0.719065
    outer loop
      vertex 0 -32.9555 23.6302
      vertex 0.5 -33.0181 23.6907
      vertex 0.5 -32.9555 23.6302
    endloop
  endfacet
  facet normal 0 0.694943 0.719065
    outer loop
      vertex 0.5 -33.0181 23.6907
      vertex 0 -32.9555 23.6302
      vertex 0 -33.0181 23.6907
    endloop
  endfacet
  facet normal 0 0.789412 0.613864
    outer loop
      vertex 0.5 -33.0181 23.6907
      vertex 0 -33.0737 23.7622
      vertex 0.5 -33.0737 23.7622
    endloop
  endfacet
  facet normal 0 0.789412 0.613864
    outer loop
      vertex 0 -33.0737 23.7622
      vertex 0.5 -33.0181 23.6907
      vertex 0 -33.0181 23.6907
    endloop
  endfacet
  facet normal 0 0.862177 0.506608
    outer loop
      vertex 0.5 -33.0737 23.7622
      vertex 0 -33.122 23.8444
      vertex 0.5 -33.122 23.8444
    endloop
  endfacet
  facet normal 0 0.862177 0.506608
    outer loop
      vertex 0 -33.122 23.8444
      vertex 0.5 -33.0737 23.7622
      vertex 0 -33.0737 23.7622
    endloop
  endfacet
  facet normal 0 0.914907 0.403665
    outer loop
      vertex 0.5 -33.122 23.8444
      vertex 0 -33.1629 23.9371
      vertex 0.5 -33.1629 23.9371
    endloop
  endfacet
  facet normal 0 0.914907 0.403665
    outer loop
      vertex 0 -33.1629 23.9371
      vertex 0.5 -33.122 23.8444
      vertex 0 -33.122 23.8444
    endloop
  endfacet
  facet normal 0 0.951237 0.30846
    outer loop
      vertex 0.5 -33.1629 23.9371
      vertex 0 -33.1963 24.0401
      vertex 0.5 -33.1963 24.0401
    endloop
  endfacet
  facet normal 0 0.951237 0.30846
    outer loop
      vertex 0 -33.1963 24.0401
      vertex 0.5 -33.1629 23.9371
      vertex 0 -33.1629 23.9371
    endloop
  endfacet
  facet normal 0 0.974565 0.224107
    outer loop
      vertex 0.5 -33.1963 24.0401
      vertex 0 -33.2224 24.1536
      vertex 0.5 -33.2224 24.1536
    endloop
  endfacet
  facet normal 0 0.974565 0.224107
    outer loop
      vertex 0 -33.2224 24.1536
      vertex 0.5 -33.1963 24.0401
      vertex 0 -33.1963 24.0401
    endloop
  endfacet
  facet normal 0 0.989036 0.147677
    outer loop
      vertex 0.5 -33.2224 24.1536
      vertex 0 -33.2409 24.2775
      vertex 0.5 -33.2409 24.2775
    endloop
  endfacet
  facet normal 0 0.989036 0.147677
    outer loop
      vertex 0 -33.2409 24.2775
      vertex 0.5 -33.2224 24.1536
      vertex 0 -33.2224 24.1536
    endloop
  endfacet
  facet normal 0 0.996546 0.0830455
    outer loop
      vertex 0.5 -33.2409 24.2775
      vertex 0 -33.2521 24.4119
      vertex 0.5 -33.2521 24.4119
    endloop
  endfacet
  facet normal 0 0.996546 0.0830455
    outer loop
      vertex 0 -33.2521 24.4119
      vertex 0.5 -33.2409 24.2775
      vertex 0 -33.2409 24.2775
    endloop
  endfacet
  facet normal 0 0.999673 0.0255618
    outer loop
      vertex 0.5 -33.2521 24.4119
      vertex 0 -33.2558 24.5566
      vertex 0.5 -33.2558 24.5566
    endloop
  endfacet
  facet normal 0 0.999673 0.0255618
    outer loop
      vertex 0 -33.2558 24.5566
      vertex 0.5 -33.2521 24.4119
      vertex 0 -33.2521 24.4119
    endloop
  endfacet
  facet normal 0 1 -0
    outer loop
      vertex 0.5 -33.2558 24.5566
      vertex 0 -33.2558 25.8688
      vertex 0.5 -33.2558 25.8688
    endloop
  endfacet
  facet normal 0 1 0
    outer loop
      vertex 0 -33.2558 25.8688
      vertex 0.5 -33.2558 24.5566
      vertex 0 -33.2558 24.5566
    endloop
  endfacet
  facet normal 0 0 -1
    outer loop
      vertex 0 -33.2558 25.8688
      vertex 0.5 -30.3894 25.8688
      vertex 0.5 -33.2558 25.8688
    endloop
  endfacet
  facet normal -0 0 -1
    outer loop
      vertex 0.5 -30.3894 25.8688
      vertex 0 -33.2558 25.8688
      vertex 0 -30.3894 25.8688
    endloop
  endfacet
  facet normal 0 -1 0
    outer loop
      vertex 0 -30.3894 24.4346
      vertex 0.5 -30.3894 25.8688
      vertex 0 -30.3894 25.8688
    endloop
  endfacet
  facet normal 0 -1 -0
    outer loop
      vertex 0.5 -30.3894 25.8688
      vertex 0 -30.3894 24.4346
      vertex 0.5 -30.3894 24.4346
    endloop
  endfacet
  facet normal 0 -0.999556 0.0298064
    outer loop
      vertex 0 -30.3937 24.2904
      vertex 0.5 -30.3894 24.4346
      vertex 0 -30.3894 24.4346
    endloop
  endfacet
  facet normal 0 -0.999556 0.0298064
    outer loop
      vertex 0.5 -30.3894 24.4346
      vertex 0 -30.3937 24.2904
      vertex 0.5 -30.3937 24.2904
    endloop
  endfacet
  facet normal -0 0 1
    outer loop
      vertex 0 -32.1003 25.2686
      vertex 0.5 -32.8103 25.2686
      vertex 0.5 -32.1003 25.2686
    endloop
  endfacet
  facet normal 0 0 1
    outer loop
      vertex 0.5 -32.8103 25.2686
      vertex 0 -32.1003 25.2686
      vertex 0 -32.8103 25.2686
    endloop
  endfacet
  facet normal 0 -1 0
    outer loop
      vertex 0 -32.8103 24.5851
      vertex 0.5 -32.8103 25.2686
      vertex 0 -32.8103 25.2686
    endloop
  endfacet
  facet normal 0 -1 -0
    outer loop
      vertex 0.5 -32.8103 25.2686
      vertex 0 -32.8103 24.5851
      vertex 0.5 -32.8103 24.5851
    endloop
  endfacet
  facet normal 0 -0.999675 -0.025479
    outer loop
      vertex 0 -32.8086 24.5184
      vertex 0.5 -32.8103 24.5851
      vertex 0 -32.8103 24.5851
    endloop
  endfacet
  facet normal 0 -0.999675 -0.025479
    outer loop
      vertex 0.5 -32.8103 24.5851
      vertex 0 -32.8086 24.5184
      vertex 0.5 -32.8086 24.5184
    endloop
  endfacet
  facet normal 0 -0.996754 -0.0805132
    outer loop
      vertex 0 -32.8036 24.4565
      vertex 0.5 -32.8086 24.5184
      vertex 0 -32.8086 24.5184
    endloop
  endfacet
  facet normal 0 -0.996754 -0.0805132
    outer loop
      vertex 0.5 -32.8086 24.5184
      vertex 0 -32.8036 24.4565
      vertex 0.5 -32.8036 24.4565
    endloop
  endfacet
  facet normal 0 -0.9896 -0.143847
    outer loop
      vertex 0 -32.7953 24.3994
      vertex 0.5 -32.8036 24.4565
      vertex 0 -32.8036 24.4565
    endloop
  endfacet
  facet normal 0 -0.9896 -0.143847
    outer loop
      vertex 0.5 -32.8036 24.4565
      vertex 0 -32.7953 24.3994
      vertex 0.5 -32.7953 24.3994
    endloop
  endfacet
  facet normal 0 -0.976099 -0.217327
    outer loop
      vertex 0 -32.7837 24.3473
      vertex 0.5 -32.7953 24.3994
      vertex 0 -32.7953 24.3994
    endloop
  endfacet
  facet normal 0 -0.976099 -0.217327
    outer loop
      vertex 0.5 -32.7953 24.3994
      vertex 0 -32.7837 24.3473
      vertex 0.5 -32.7837 24.3473
    endloop
  endfacet
  facet normal 0 -0.953216 -0.302289
    outer loop
      vertex 0 -32.7687 24.3
      vertex 0.5 -32.7837 24.3473
      vertex 0 -32.7837 24.3473
    endloop
  endfacet
  facet normal 0 -0.953216 -0.302289
    outer loop
      vertex 0.5 -32.7837 24.3473
      vertex 0 -32.7687 24.3
      vertex 0.5 -32.7687 24.3
    endloop
  endfacet
  facet normal 0 -0.919257 -0.393658
    outer loop
      vertex 0 -32.7505 24.2575
      vertex 0.5 -32.7687 24.3
      vertex 0 -32.7687 24.3
    endloop
  endfacet
  facet normal 0 -0.919257 -0.393658
    outer loop
      vertex 0.5 -32.7687 24.3
      vertex 0 -32.7505 24.2575
      vertex 0.5 -32.7505 24.2575
    endloop
  endfacet
  facet normal 0 -0.867106 -0.498124
    outer loop
      vertex 0 -32.7289 24.2199
      vertex 0.5 -32.7505 24.2575
      vertex 0 -32.7505 24.2575
    endloop
  endfacet
  facet normal 0 -0.867106 -0.498124
    outer loop
      vertex 0.5 -32.7505 24.2575
      vertex 0 -32.7289 24.2199
      vertex 0.5 -32.7289 24.2199
    endloop
  endfacet
  facet normal 0 -0.787658 -0.616113
    outer loop
      vertex 0 -32.7034 24.1873
      vertex 0.5 -32.7289 24.2199
      vertex 0 -32.7289 24.2199
    endloop
  endfacet
  facet normal 0 -0.787658 -0.616113
    outer loop
      vertex 0.5 -32.7289 24.2199
      vertex 0 -32.7034 24.1873
      vertex 0.5 -32.7034 24.1873
    endloop
  endfacet
  facet normal 0 -0.677162 -0.735834
    outer loop
      vertex 0 -32.7034 24.1873
      vertex 0.5 -32.6733 24.1596
      vertex 0.5 -32.7034 24.1873
    endloop
  endfacet
  facet normal -0 -0.677162 -0.735834
    outer loop
      vertex 0.5 -32.6733 24.1596
      vertex 0 -32.7034 24.1873
      vertex 0 -32.6733 24.1596
    endloop
  endfacet
  facet normal 0 -0.545752 -0.837947
    outer loop
      vertex 0 -32.6733 24.1596
      vertex 0.5 -32.6386 24.137
      vertex 0.5 -32.6733 24.1596
    endloop
  endfacet
  facet normal -0 -0.545752 -0.837947
    outer loop
      vertex 0.5 -32.6386 24.137
      vertex 0 -32.6733 24.1596
      vertex 0 -32.6386 24.137
    endloop
  endfacet
  facet normal 0 -0.407651 -0.913138
    outer loop
      vertex 0 -32.6386 24.137
      vertex 0.5 -32.5994 24.1195
      vertex 0.5 -32.6386 24.137
    endloop
  endfacet
  facet normal -0 -0.407651 -0.913138
    outer loop
      vertex 0.5 -32.5994 24.1195
      vertex 0 -32.6386 24.137
      vertex 0 -32.5994 24.1195
    endloop
  endfacet
  facet normal 0 -0.276459 -0.961026
    outer loop
      vertex 0 -32.5994 24.1195
      vertex 0.5 -32.5556 24.1069
      vertex 0.5 -32.5994 24.1195
    endloop
  endfacet
  facet normal -0 -0.276459 -0.961026
    outer loop
      vertex 0.5 -32.5556 24.1069
      vertex 0 -32.5994 24.1195
      vertex 0 -32.5556 24.1069
    endloop
  endfacet
  facet normal 0 -0.153131 -0.988206
    outer loop
      vertex 0 -32.5556 24.1069
      vertex 0.5 -32.5072 24.0994
      vertex 0.5 -32.5556 24.1069
    endloop
  endfacet
  facet normal -0 -0.153131 -0.988206
    outer loop
      vertex 0.5 -32.5072 24.0994
      vertex 0 -32.5556 24.1069
      vertex 0 -32.5072 24.0994
    endloop
  endfacet
  facet normal 0 -0.0490901 -0.998794
    outer loop
      vertex 0 -32.5072 24.0994
      vertex 0.5 -32.4543 24.0968
      vertex 0.5 -32.5072 24.0994
    endloop
  endfacet
  facet normal -0 -0.0490901 -0.998794
    outer loop
      vertex 0.5 -32.4543 24.0968
      vertex 0 -32.5072 24.0994
      vertex 0 -32.4543 24.0968
    endloop
  endfacet
  facet normal 0 0.049121 -0.998793
    outer loop
      vertex 0 -32.4543 24.0968
      vertex 0.5 -32.4055 24.0992
      vertex 0.5 -32.4543 24.0968
    endloop
  endfacet
  facet normal 0 0.049121 -0.998793
    outer loop
      vertex 0.5 -32.4055 24.0992
      vertex 0 -32.4543 24.0968
      vertex 0 -32.4055 24.0992
    endloop
  endfacet
  facet normal 0 0.153043 -0.98822
    outer loop
      vertex 0 -32.4055 24.0992
      vertex 0.5 -32.3603 24.1062
      vertex 0.5 -32.4055 24.0992
    endloop
  endfacet
  facet normal 0 0.153043 -0.98822
    outer loop
      vertex 0.5 -32.3603 24.1062
      vertex 0 -32.4055 24.0992
      vertex 0 -32.3603 24.1062
    endloop
  endfacet
  facet normal 0 0.273496 -0.961873
    outer loop
      vertex 0 -32.3603 24.1062
      vertex 0.5 -32.3188 24.118
      vertex 0.5 -32.3603 24.1062
    endloop
  endfacet
  facet normal 0 0.273496 -0.961873
    outer loop
      vertex 0.5 -32.3188 24.118
      vertex 0 -32.3603 24.1062
      vertex 0 -32.3188 24.118
    endloop
  endfacet
  facet normal 0 0.397132 -0.917762
    outer loop
      vertex 0 -32.3188 24.118
      vertex 0.5 -32.2809 24.1344
      vertex 0.5 -32.3188 24.118
    endloop
  endfacet
  facet normal 0 0.397132 -0.917762
    outer loop
      vertex 0.5 -32.2809 24.1344
      vertex 0 -32.3188 24.118
      vertex 0 -32.2809 24.1344
    endloop
  endfacet
  facet normal 0 0.523959 -0.851744
    outer loop
      vertex 0 -32.2809 24.1344
      vertex 0.5 -32.2466 24.1555
      vertex 0.5 -32.2809 24.1344
    endloop
  endfacet
  facet normal 0 0.523959 -0.851744
    outer loop
      vertex 0.5 -32.2466 24.1555
      vertex 0 -32.2809 24.1344
      vertex 0 -32.2466 24.1555
    endloop
  endfacet
  facet normal 0 0.643368 -0.765557
    outer loop
      vertex 0 -32.2466 24.1555
      vertex 0.5 -32.2159 24.1813
      vertex 0.5 -32.2466 24.1555
    endloop
  endfacet
  facet normal 0 0.643368 -0.765557
    outer loop
      vertex 0.5 -32.2159 24.1813
      vertex 0 -32.2466 24.1555
      vertex 0 -32.2159 24.1813
    endloop
  endfacet
  facet normal 0 0.747545 -0.664212
    outer loop
      vertex 0.5 -32.2159 24.1813
      vertex 0 -32.1888 24.2118
      vertex 0.5 -32.1888 24.2118
    endloop
  endfacet
  facet normal 0 0.747545 -0.664212
    outer loop
      vertex 0 -32.1888 24.2118
      vertex 0.5 -32.2159 24.1813
      vertex 0 -32.2159 24.1813
    endloop
  endfacet
  facet normal 0 0.835276 -0.549831
    outer loop
      vertex 0.5 -32.1888 24.2118
      vertex 0 -32.1653 24.2475
      vertex 0.5 -32.1653 24.2475
    endloop
  endfacet
  facet normal 0 0.835276 -0.549831
    outer loop
      vertex 0 -32.1653 24.2475
      vertex 0.5 -32.1888 24.2118
      vertex 0 -32.1888 24.2118
    endloop
  endfacet
  facet normal 0 0.901285 -0.433226
    outer loop
      vertex 0.5 -32.1653 24.2475
      vertex 0 -32.1454 24.2889
      vertex 0.5 -32.1454 24.2889
    endloop
  endfacet
  facet normal 0 0.901285 -0.433226
    outer loop
      vertex 0 -32.1454 24.2889
      vertex 0.5 -32.1653 24.2475
      vertex 0 -32.1653 24.2475
    endloop
  endfacet
  facet normal 0 0.945416 -0.325867
    outer loop
      vertex 0.5 -32.1454 24.2889
      vertex 0 -32.1292 24.3359
      vertex 0.5 -32.1292 24.3359
    endloop
  endfacet
  facet normal 0 0.945416 -0.325867
    outer loop
      vertex 0 -32.1292 24.3359
      vertex 0.5 -32.1454 24.2889
      vertex 0 -32.1454 24.2889
    endloop
  endfacet
  facet normal 0 0.97227 -0.23386
    outer loop
      vertex 0.5 -32.1292 24.3359
      vertex 0 -32.1165 24.3887
      vertex 0.5 -32.1165 24.3887
    endloop
  endfacet
  facet normal 0 0.97227 -0.23386
    outer loop
      vertex 0 -32.1165 24.3887
      vertex 0.5 -32.1292 24.3359
      vertex 0 -32.1292 24.3359
    endloop
  endfacet
  facet normal 0 0.988333 -0.152312
    outer loop
      vertex 0.5 -32.1165 24.3887
      vertex 0 -32.1075 24.4471
      vertex 0.5 -32.1075 24.4471
    endloop
  endfacet
  facet normal 0 0.988333 -0.152312
    outer loop
      vertex 0 -32.1075 24.4471
      vertex 0.5 -32.1165 24.3887
      vertex 0 -32.1165 24.3887
    endloop
  endfacet
  facet normal 0 0.99647 -0.083946
    outer loop
      vertex 0.5 -32.1075 24.4471
      vertex 0 -32.1021 24.5112
      vertex 0.5 -32.1021 24.5112
    endloop
  endfacet
  facet normal 0 0.99647 -0.083946
    outer loop
      vertex 0 -32.1021 24.5112
      vertex 0.5 -32.1075 24.4471
      vertex 0 -32.1075 24.4471
    endloop
  endfacet
  facet normal 0 0.999668 -0.0257794
    outer loop
      vertex 0.5 -32.1021 24.5112
      vertex 0 -32.1003 24.581
      vertex 0.5 -32.1003 24.581
    endloop
  endfacet
  facet normal 0 0.999668 -0.0257794
    outer loop
      vertex 0 -32.1003 24.581
      vertex 0.5 -32.1021 24.5112
      vertex 0 -32.1021 24.5112
    endloop
  endfacet
  facet normal 0 1 -0
    outer loop
      vertex 0.5 -32.1003 24.581
      vertex 0 -32.1003 25.2686
      vertex 0.5 -32.1003 25.2686
    endloop
  endfacet
  facet normal 0 1 0
    outer loop
      vertex 0 -32.1003 25.2686
      vertex 0.5 -32.1003 24.581
      vertex 0 -32.1003 24.581
    endloop
  endfacet
  facet normal -0 0 1
    outer loop
      vertex 0 -30.8349 25.2686
      vertex 0.5 -31.6568 25.2686
      vertex 0.5 -30.8349 25.2686
    endloop
  endfacet
  facet normal 0 0 1
    outer loop
      vertex 0.5 -31.6568 25.2686
      vertex 0 -30.8349 25.2686
      vertex 0 -31.6568 25.2686
    endloop
  endfacet
  facet normal 0 -1 0
    outer loop
      vertex 0 -31.6568 24.5078
      vertex 0.5 -31.6568 25.2686
      vertex 0 -31.6568 25.2686
    endloop
  endfacet
  facet normal 0 -1 -0
    outer loop
      vertex 0.5 -31.6568 25.2686
      vertex 0 -31.6568 24.5078
      vertex 0.5 -31.6568 24.5078
    endloop
  endfacet
  facet normal 0 -0.998572 -0.0534135
    outer loop
      vertex 0 -31.6486 24.3545
      vertex 0.5 -31.6568 24.5078
      vertex 0 -31.6568 24.5078
    endloop
  endfacet
  facet normal 0 -0.998572 -0.0534135
    outer loop
      vertex 0.5 -31.6568 24.5078
      vertex 0 -31.6486 24.3545
      vertex 0.5 -31.6486 24.3545
    endloop
  endfacet
  facet normal 0 -0.982345 -0.187077
    outer loop
      vertex 0 -31.6239 24.2248
      vertex 0.5 -31.6486 24.3545
      vertex 0 -31.6486 24.3545
    endloop
  endfacet
  facet normal 0 -0.982345 -0.187077
    outer loop
      vertex 0.5 -31.6486 24.3545
      vertex 0 -31.6239 24.2248
      vertex 0.5 -31.6239 24.2248
    endloop
  endfacet
  facet normal 0 -0.932482 -0.361216
    outer loop
      vertex 0 -31.5828 24.1187
      vertex 0.5 -31.6239 24.2248
      vertex 0 -31.6239 24.2248
    endloop
  endfacet
  facet normal 0 -0.932482 -0.361216
    outer loop
      vertex 0.5 -31.6239 24.2248
      vertex 0 -31.5828 24.1187
      vertex 0.5 -31.5828 24.1187
    endloop
  endfacet
  facet normal 0 -0.820723 -0.571326
    outer loop
      vertex 0 -31.5253 24.0361
      vertex 0.5 -31.5828 24.1187
      vertex 0 -31.5828 24.1187
    endloop
  endfacet
  facet normal 0 -0.820723 -0.571326
    outer loop
      vertex 0.5 -31.5828 24.1187
      vertex 0 -31.5253 24.0361
      vertex 0.5 -31.5253 24.0361
    endloop
  endfacet
  facet normal 0 -0.622759 -0.782414
    outer loop
      vertex 0 -31.5253 24.0361
      vertex 0.5 -31.4513 23.9772
      vertex 0.5 -31.5253 24.0361
    endloop
  endfacet
  facet normal -0 -0.622759 -0.782414
    outer loop
      vertex 0.5 -31.4513 23.9772
      vertex 0 -31.5253 24.0361
      vertex 0 -31.4513 23.9772
    endloop
  endfacet
  facet normal 0 -0.364283 -0.931288
    outer loop
      vertex 0 -31.4513 23.9772
      vertex 0.5 -31.3608 23.9418
      vertex 0.5 -31.4513 23.9772
    endloop
  endfacet
  facet normal -0 -0.364283 -0.931288
    outer loop
      vertex 0.5 -31.3608 23.9418
      vertex 0 -31.4513 23.9772
      vertex 0 -31.3608 23.9418
    endloop
  endfacet
  facet normal 0 -0.109819 -0.993952
    outer loop
      vertex 0 -31.3608 23.9418
      vertex 0.5 -31.254 23.93
      vertex 0.5 -31.3608 23.9418
    endloop
  endfacet
  facet normal -0 -0.109819 -0.993952
    outer loop
      vertex 0.5 -31.254 23.93
      vertex 0 -31.3608 23.9418
      vertex 0 -31.254 23.93
    endloop
  endfacet
  facet normal 0 0.0467426 -0.998907
    outer loop
      vertex 0 -31.254 23.93
      vertex 0.5 -31.1963 23.9327
      vertex 0.5 -31.254 23.93
    endloop
  endfacet
  facet normal 0 0.0467426 -0.998907
    outer loop
      vertex 0.5 -31.1963 23.9327
      vertex 0 -31.254 23.93
      vertex 0 -31.1963 23.9327
    endloop
  endfacet
  facet normal 0 0.151502 -0.988457
    outer loop
      vertex 0 -31.1963 23.9327
      vertex 0.5 -31.1428 23.9409
      vertex 0.5 -31.1963 23.9327
    endloop
  endfacet
  facet normal 0 0.151502 -0.988457
    outer loop
      vertex 0.5 -31.1428 23.9409
      vertex 0 -31.1963 23.9327
      vertex 0 -31.1428 23.9409
    endloop
  endfacet
  facet normal 0 0.266431 -0.963854
    outer loop
      vertex 0 -31.1428 23.9409
      vertex 0.5 -31.0936 23.9545
      vertex 0.5 -31.1428 23.9409
    endloop
  endfacet
  facet normal 0 0.266431 -0.963854
    outer loop
      vertex 0.5 -31.0936 23.9545
      vertex 0 -31.1428 23.9409
      vertex 0 -31.0936 23.9545
    endloop
  endfacet
  facet normal 0 0.389707 -0.920939
    outer loop
      vertex 0 -31.0936 23.9545
      vertex 0.5 -31.0487 23.9735
      vertex 0.5 -31.0936 23.9545
    endloop
  endfacet
  facet normal 0 0.389707 -0.920939
    outer loop
      vertex 0.5 -31.0487 23.9735
      vertex 0 -31.0936 23.9545
      vertex 0 -31.0487 23.9735
    endloop
  endfacet
  facet normal 0 0.516665 -0.856188
    outer loop
      vertex 0 -31.0487 23.9735
      vertex 0.5 -31.0081 23.998
      vertex 0.5 -31.0487 23.9735
    endloop
  endfacet
  facet normal 0 0.516665 -0.856188
    outer loop
      vertex 0.5 -31.0081 23.998
      vertex 0 -31.0487 23.9735
      vertex 0 -31.0081 23.998
    endloop
  endfacet
  facet normal 0 0.634739 -0.772726
    outer loop
      vertex 0 -31.0081 23.998
      vertex 0.5 -30.9717 24.0279
      vertex 0.5 -31.0081 23.998
    endloop
  endfacet
  facet normal 0 0.634739 -0.772726
    outer loop
      vertex 0.5 -30.9717 24.0279
      vertex 0 -31.0081 23.998
      vertex 0 -30.9717 24.0279
    endloop
  endfacet
  facet normal 0 0.741834 -0.670584
    outer loop
      vertex 0.5 -30.9717 24.0279
      vertex 0 -30.9397 24.0633
      vertex 0.5 -30.9397 24.0633
    endloop
  endfacet
  facet normal 0 0.741834 -0.670584
    outer loop
      vertex 0 -30.9397 24.0633
      vertex 0.5 -30.9717 24.0279
      vertex 0 -30.9717 24.0279
    endloop
  endfacet
  facet normal 0 0.828942 -0.559335
    outer loop
      vertex 0.5 -30.9397 24.0633
      vertex 0 -30.9119 24.1045
      vertex 0.5 -30.9119 24.1045
    endloop
  endfacet
  facet normal 0 0.828942 -0.559335
    outer loop
      vertex 0 -30.9119 24.1045
      vertex 0.5 -30.9397 24.0633
      vertex 0 -30.9397 24.0633
    endloop
  endfacet
  facet normal 0 0.896676 -0.442687
    outer loop
      vertex 0.5 -30.9119 24.1045
      vertex 0 -30.8884 24.1521
      vertex 0.5 -30.8884 24.1521
    endloop
  endfacet
  facet normal 0 0.896676 -0.442687
    outer loop
      vertex 0 -30.8884 24.1521
      vertex 0.5 -30.9119 24.1045
      vertex 0 -30.9119 24.1045
    endloop
  endfacet
  facet normal 0 0.941663 -0.336557
    outer loop
      vertex 0.5 -30.8884 24.1521
      vertex 0 -30.8691 24.2061
      vertex 0.5 -30.8691 24.2061
    endloop
  endfacet
  facet normal 0 0.941663 -0.336557
    outer loop
      vertex 0 -30.8691 24.2061
      vertex 0.5 -30.8884 24.1521
      vertex 0 -30.8884 24.1521
    endloop
  endfacet
  facet normal 0 0.970426 -0.241399
    outer loop
      vertex 0.5 -30.8691 24.2061
      vertex 0 -30.8541 24.2664
      vertex 0.5 -30.8541 24.2664
    endloop
  endfacet
  facet normal 0 0.970426 -0.241399
    outer loop
      vertex 0 -30.8541 24.2664
      vertex 0.5 -30.8691 24.2061
      vertex 0 -30.8691 24.2061
    endloop
  endfacet
  facet normal 0 0.98757 -0.157181
    outer loop
      vertex 0.5 -30.8541 24.2664
      vertex 0 -30.8435 24.333
      vertex 0.5 -30.8435 24.333
    endloop
  endfacet
  facet normal 0 0.98757 -0.157181
    outer loop
      vertex 0 -30.8435 24.333
      vertex 0.5 -30.8541 24.2664
      vertex 0 -30.8541 24.2664
    endloop
  endfacet
  facet normal 0 0.996179 -0.0873362
    outer loop
      vertex 0.5 -30.8435 24.333
      vertex 0 -30.8371 24.406
      vertex 0.5 -30.8371 24.406
    endloop
  endfacet
  facet normal 0 0.996179 -0.0873362
    outer loop
      vertex 0 -30.8371 24.406
      vertex 0.5 -30.8435 24.333
      vertex 0 -30.8435 24.333
    endloop
  endfacet
  facet normal 0 0.999616 -0.0276972
    outer loop
      vertex 0.5 -30.8371 24.406
      vertex 0 -30.8349 24.4854
      vertex 0.5 -30.8349 24.4854
    endloop
  endfacet
  facet normal 0 0.999616 -0.0276972
    outer loop
      vertex 0 -30.8349 24.4854
      vertex 0.5 -30.8371 24.406
      vertex 0 -30.8371 24.406
    endloop
  endfacet
  facet normal 0 1 -0
    outer loop
      vertex 0.5 -30.8349 24.4854
      vertex 0 -30.8349 25.2686
      vertex 0.5 -30.8349 25.2686
    endloop
  endfacet
  facet normal 0 1 0
    outer loop
      vertex 0 -30.8349 25.2686
      vertex 0.5 -30.8349 24.4854
      vertex 0 -30.8349 24.4854
    endloop
  endfacet
  facet normal 0 -0.997862 0.0653521
    outer loop
      vertex 0 -25.1071 35.0389
      vertex 2.4 -25.09 35.3
      vertex 0 -25.09 35.3
    endloop
  endfacet
  facet normal 0 -0.997862 0.0653521
    outer loop
      vertex 2.4 -25.09 35.3
      vertex 0 -25.1071 35.0389
      vertex 2.4 -25.1071 35.0389
    endloop
  endfacet
  facet normal 0 1 -0
    outer loop
      vertex 2.4 -49.59 35.3
      vertex 0 -49.59 42.4
      vertex 2.4 -49.59 42.4
    endloop
  endfacet
  facet normal 0 1 0
    outer loop
      vertex 0 -49.59 42.4
      vertex 2.4 -49.59 35.3
      vertex 0 -49.59 35.3
    endloop
  endfacet
  facet normal 0 -1 0
    outer loop
      vertex 0 -25.09 35.3
      vertex 2.4 -25.09 42.4
      vertex 0 -25.09 42.4
    endloop
  endfacet
  facet normal 0 -1 -0
    outer loop
      vertex 2.4 -25.09 42.4
      vertex 0 -25.09 35.3
      vertex 2.4 -25.09 35.3
    endloop
  endfacet
  facet normal 0 -0.89686 0.442314
    outer loop
      vertex 0 -25.3579 34.3
      vertex 2.4 -25.2422 34.5346
      vertex 0 -25.2422 34.5346
    endloop
  endfacet
  facet normal 0 -0.89686 0.442314
    outer loop
      vertex 2.4 -25.2422 34.5346
      vertex 0 -25.3579 34.3
      vertex 2.4 -25.3579 34.3
    endloop
  endfacet
  facet normal 0 -0.831344 0.555758
    outer loop
      vertex 0 -25.5033 34.0825
      vertex 2.4 -25.3579 34.3
      vertex 0 -25.3579 34.3
    endloop
  endfacet
  facet normal 0 -0.831344 0.555758
    outer loop
      vertex 2.4 -25.3579 34.3
      vertex 0 -25.5033 34.0825
      vertex 2.4 -25.5033 34.0825
    endloop
  endfacet
  facet normal 0 -0.442314 0.89686
    outer loop
      vertex 0 -26.09 33.5679
      vertex 2.4 -26.3246 33.4522
      vertex 2.4 -26.09 33.5679
    endloop
  endfacet
  facet normal 0 -0.442314 0.89686
    outer loop
      vertex 2.4 -26.3246 33.4522
      vertex 0 -26.09 33.5679
      vertex 0 -26.3246 33.4522
    endloop
  endfacet
  facet normal 0 -0.980801 0.195013
    outer loop
      vertex 0 -25.1581 34.7824
      vertex 2.4 -25.1071 35.0389
      vertex 0 -25.1071 35.0389
    endloop
  endfacet
  facet normal 0 -0.980801 0.195013
    outer loop
      vertex 2.4 -25.1071 35.0389
      vertex 0 -25.1581 34.7824
      vertex 2.4 -25.1581 34.7824
    endloop
  endfacet
  facet normal 0 0.831344 0.555758
    outer loop
      vertex 2.4 -49.1767 34.0825
      vertex 0 -49.3221 34.3
      vertex 2.4 -49.3221 34.3
    endloop
  endfacet
  facet normal 0 0.831344 0.555758
    outer loop
      vertex 0 -49.3221 34.3
      vertex 2.4 -49.1767 34.0825
      vertex 0 -49.1767 34.0825
    endloop
  endfacet
  facet normal -0 0.321382 0.94695
    outer loop
      vertex 0 -48.1076 33.3681
      vertex 2.4 -48.3554 33.4522
      vertex 2.4 -48.1076 33.3681
    endloop
  endfacet
  facet normal 0 0.321382 0.94695
    outer loop
      vertex 2.4 -48.3554 33.4522
      vertex 0 -48.1076 33.3681
      vertex 0 -48.3554 33.4522
    endloop
  endfacet
  facet normal -0 0 1
    outer loop
      vertex 0 -27.09 33.3
      vertex 2.4 -47.59 33.3
      vertex 2.4 -27.09 33.3
    endloop
  endfacet
  facet normal 0 0 1
    outer loop
      vertex 2.4 -47.59 33.3
      vertex 0 -27.09 33.3
      vertex 0 -47.59 33.3
    endloop
  endfacet
  facet normal 0 -0.321382 0.94695
    outer loop
      vertex 0 -26.3246 33.4522
      vertex 2.4 -26.5724 33.3681
      vertex 2.4 -26.3246 33.4522
    endloop
  endfacet
  facet normal 0 -0.321382 0.94695
    outer loop
      vertex 2.4 -26.5724 33.3681
      vertex 0 -26.3246 33.4522
      vertex 0 -26.5724 33.3681
    endloop
  endfacet
  facet normal 0 -0.94695 0.321382
    outer loop
      vertex 0 -25.2422 34.5346
      vertex 2.4 -25.1581 34.7824
      vertex 0 -25.1581 34.7824
    endloop
  endfacet
  facet normal 0 -0.94695 0.321382
    outer loop
      vertex 2.4 -25.1581 34.7824
      vertex 0 -25.2422 34.5346
      vertex 2.4 -25.2422 34.5346
    endloop
  endfacet
  facet normal 0 -0.0653521 0.997862
    outer loop
      vertex 0 -26.8289 33.3171
      vertex 2.4 -27.09 33.3
      vertex 2.4 -26.8289 33.3171
    endloop
  endfacet
  facet normal 0 -0.0653521 0.997862
    outer loop
      vertex 2.4 -27.09 33.3
      vertex 0 -26.8289 33.3171
      vertex 0 -27.09 33.3
    endloop
  endfacet
  facet normal -0 0.659343 0.751842
    outer loop
      vertex 0 -48.8075 33.7133
      vertex 2.4 -49.0042 33.8858
      vertex 2.4 -48.8075 33.7133
    endloop
  endfacet
  facet normal 0 0.659343 0.751842
    outer loop
      vertex 2.4 -49.0042 33.8858
      vertex 0 -48.8075 33.7133
      vertex 0 -49.0042 33.8858
    endloop
  endfacet
  facet normal -0 0.442314 0.89686
    outer loop
      vertex 0 -48.3554 33.4522
      vertex 2.4 -48.59 33.5679
      vertex 2.4 -48.3554 33.4522
    endloop
  endfacet
  facet normal 0 0.442314 0.89686
    outer loop
      vertex 2.4 -48.59 33.5679
      vertex 0 -48.3554 33.4522
      vertex 0 -48.59 33.5679
    endloop
  endfacet
  facet normal 0 -0.751842 0.659343
    outer loop
      vertex 0 -25.6758 33.8858
      vertex 2.4 -25.5033 34.0825
      vertex 0 -25.5033 34.0825
    endloop
  endfacet
  facet normal 0 -0.751842 0.659343
    outer loop
      vertex 2.4 -25.5033 34.0825
      vertex 0 -25.6758 33.8858
      vertex 2.4 -25.6758 33.8858
    endloop
  endfacet
  facet normal -0 0.0653521 0.997862
    outer loop
      vertex 0 -47.59 33.3
      vertex 2.4 -47.8511 33.3171
      vertex 2.4 -47.59 33.3
    endloop
  endfacet
  facet normal 0 0.0653521 0.997862
    outer loop
      vertex 2.4 -47.8511 33.3171
      vertex 0 -47.59 33.3
      vertex 0 -47.8511 33.3171
    endloop
  endfacet
  facet normal 0 0.980801 0.195013
    outer loop
      vertex 2.4 -49.5219 34.7824
      vertex 0 -49.5729 35.0389
      vertex 2.4 -49.5729 35.0389
    endloop
  endfacet
  facet normal 0 0.980801 0.195013
    outer loop
      vertex 0 -49.5729 35.0389
      vertex 2.4 -49.5219 34.7824
      vertex 0 -49.5219 34.7824
    endloop
  endfacet
  facet normal -0 0.195013 0.980801
    outer loop
      vertex 0 -47.8511 33.3171
      vertex 2.4 -48.1076 33.3681
      vertex 2.4 -47.8511 33.3171
    endloop
  endfacet
  facet normal 0 0.195013 0.980801
    outer loop
      vertex 2.4 -48.1076 33.3681
      vertex 0 -47.8511 33.3171
      vertex 0 -48.1076 33.3681
    endloop
  endfacet
  facet normal 0 -0.195013 0.980801
    outer loop
      vertex 0 -26.5724 33.3681
      vertex 2.4 -26.8289 33.3171
      vertex 2.4 -26.5724 33.3681
    endloop
  endfacet
  facet normal 0 -0.195013 0.980801
    outer loop
      vertex 2.4 -26.8289 33.3171
      vertex 0 -26.5724 33.3681
      vertex 0 -26.8289 33.3171
    endloop
  endfacet
  facet normal 0 0.997862 0.0653521
    outer loop
      vertex 2.4 -49.5729 35.0389
      vertex 0 -49.59 35.3
      vertex 2.4 -49.59 35.3
    endloop
  endfacet
  facet normal 0 0.997862 0.0653521
    outer loop
      vertex 0 -49.59 35.3
      vertex 2.4 -49.5729 35.0389
      vertex 0 -49.5729 35.0389
    endloop
  endfacet
  facet normal 0 0.89686 0.442314
    outer loop
      vertex 2.4 -49.3221 34.3
      vertex 0 -49.4378 34.5346
      vertex 2.4 -49.4378 34.5346
    endloop
  endfacet
  facet normal 0 0.89686 0.442314
    outer loop
      vertex 0 -49.4378 34.5346
      vertex 2.4 -49.3221 34.3
      vertex 0 -49.3221 34.3
    endloop
  endfacet
  facet normal 0 -0.555758 0.831344
    outer loop
      vertex 0 -25.8725 33.7133
      vertex 2.4 -26.09 33.5679
      vertex 2.4 -25.8725 33.7133
    endloop
  endfacet
  facet normal 0 -0.555758 0.831344
    outer loop
      vertex 2.4 -26.09 33.5679
      vertex 0 -25.8725 33.7133
      vertex 0 -26.09 33.5679
    endloop
  endfacet
  facet normal 0 -0.659343 0.751842
    outer loop
      vertex 0 -25.6758 33.8858
      vertex 2.4 -25.8725 33.7133
      vertex 2.4 -25.6758 33.8858
    endloop
  endfacet
  facet normal 0 -0.659343 0.751842
    outer loop
      vertex 2.4 -25.8725 33.7133
      vertex 0 -25.6758 33.8858
      vertex 0 -25.8725 33.7133
    endloop
  endfacet
  facet normal 0 0.94695 0.321382
    outer loop
      vertex 2.4 -49.4378 34.5346
      vertex 0 -49.5219 34.7824
      vertex 2.4 -49.5219 34.7824
    endloop
  endfacet
  facet normal 0 0.94695 0.321382
    outer loop
      vertex 0 -49.5219 34.7824
      vertex 2.4 -49.4378 34.5346
      vertex 0 -49.4378 34.5346
    endloop
  endfacet
  facet normal -0 0.555758 0.831344
    outer loop
      vertex 0 -48.59 33.5679
      vertex 2.4 -48.8075 33.7133
      vertex 2.4 -48.59 33.5679
    endloop
  endfacet
  facet normal 0 0.555758 0.831344
    outer loop
      vertex 2.4 -48.8075 33.7133
      vertex 0 -48.59 33.5679
      vertex 0 -48.8075 33.7133
    endloop
  endfacet
  facet normal 0 0.751842 0.659343
    outer loop
      vertex 2.4 -49.0042 33.8858
      vertex 0 -49.1767 34.0825
      vertex 2.4 -49.1767 34.0825
    endloop
  endfacet
  facet normal 0 0.751842 0.659343
    outer loop
      vertex 0 -49.1767 34.0825
      vertex 2.4 -49.0042 33.8858
      vertex 0 -49.0042 33.8858
    endloop
  endfacet
endsolid OpenSCAD_Model
