solid OpenSCAD_Model
  facet normal -0 0 -1
    outer loop
      vertex 95.4128 19.5334 0
      vertex 94.774 19.1581 0
      vertex 93.9913 21.7051 0
    endloop
  endfacet
  facet normal 0 0 -1
    outer loop
      vertex 96.0379 19.9345 0
      vertex 93.9913 21.7051 0
      vertex 95.0821 22.4257 0
    endloop
  endfacet
  facet normal -0 0 -1
    outer loop
      vertex 94.774 19.1581 0
      vertex 94.1221 18.8088 0
      vertex 92.8587 21.0806 0
    endloop
  endfacet
  facet normal 0 0 -1
    outer loop
      vertex 91.6904 20.5522 0
      vertex 92.8587 21.0806 0
      vertex 93.4577 18.4859 0
    endloop
  endfacet
  facet normal -0 0 -1
    outer loop
      vertex 97.2444 20.813 0
      vertex 96.6487 20.3611 0
      vertex 95.0821 22.4257 0
    endloop
  endfacet
  facet normal -0 0 -1
    outer loop
      vertex 92.7816 18.1897 0
      vertex 92.0943 17.9203 0
      vertex 91.6904 20.5522 0
    endloop
  endfacet
  facet normal 0 0 -1
    outer loop
      vertex 96.1253 23.2423 0
      vertex 97.8244 21.2899 0
      vertex 97.2444 20.813 0
    endloop
  endfacet
  facet normal 0 0 -1
    outer loop
      vertex 90.4923 20.1198 0
      vertex 92.0943 17.9203 0
      vertex 91.3964 17.6782 0
    endloop
  endfacet
  facet normal 0 0 -1
    outer loop
      vertex 96.1253 23.2423 0
      vertex 97.1148 24.155 0
      vertex 98.3882 21.7915 0
    endloop
  endfacet
  facet normal 0 0 -1
    outer loop
      vertex 90.6887 17.4635 0
      vertex 89.2703 19.7836 0
      vertex 90.4923 20.1198 0
    endloop
  endfacet
  facet normal 0 0 -1
    outer loop
      vertex 98.935 22.3175 0
      vertex 97.1148 24.155 0
      vertex 99.461 22.8643 0
    endloop
  endfacet
  facet normal 0 -0 -1
    outer loop
      vertex 89.2703 19.7836 0
      vertex 89.9718 17.2765 0
      vertex 89.2463 17.1175 0
    endloop
  endfacet
  facet normal 0 -0 -1
    outer loop
      vertex 98.0275 25.1445 0
      vertex 99.461 22.8643 0
      vertex 97.1148 24.155 0
    endloop
  endfacet
  facet normal 0 0 -1
    outer loop
      vertex 88.5128 16.9869 0
      vertex 88.0305 19.5434 0
      vertex 89.2463 17.1175 0
    endloop
  endfacet
  facet normal 0 0 -1
    outer loop
      vertex 99.461 22.8643 0
      vertex 98.0275 25.1445 0
      vertex 99.9626 23.4281 0
    endloop
  endfacet
  facet normal 0 0 -1
    outer loop
      vertex 88.0305 19.5434 0
      vertex 87.7721 16.8847 0
      vertex 86.7788 19.3993 0
    endloop
  endfacet
  facet normal 0 0 -1
    outer loop
      vertex 100.439 24.0081 0
      vertex 98.0275 25.1445 0
      vertex 98.8442 26.1877 0
    endloop
  endfacet
  facet normal 0 0 -1
    outer loop
      vertex 86.2713 16.7673 0
      vertex 86.7788 19.3993 0
      vertex 87.0247 16.8114 0
    endloop
  endfacet
  facet normal 0 0 -1
    outer loop
      vertex 74.3764 20.3611 0
      vertex 75.9601 22.4257 0
      vertex 74.9871 19.9345 0
    endloop
  endfacet
  facet normal -0 0 -1
    outer loop
      vertex 104.441 37.2479 0
      vertex 101.871 37.0064 0
      vertex 104.368 37.9939 0
    endloop
  endfacet
  facet normal 0 -0 -1
    outer loop
      vertex 101.919 35.7487 0
      vertex 104.485 34.9812 0
      vertex 101.871 34.4911 0
    endloop
  endfacet
  facet normal -0 0 -1
    outer loop
      vertex 104.368 33.4804 0
      vertex 101.726 33.2393 0
      vertex 101.871 34.4911 0
    endloop
  endfacet
  facet normal -0 0 -1
    outer loop
      vertex 104.135 32.0062 0
      vertex 101.486 31.9995 0
      vertex 101.726 33.2393 0
    endloop
  endfacet
  facet normal 0 0 -1
    outer loop
      vertex 104.266 32.7396 0
      vertex 101.726 33.2393 0
      vertex 104.368 33.4804 0
    endloop
  endfacet
  facet normal 0 -0 -1
    outer loop
      vertex 101.486 31.9995 0
      vertex 103.789 30.5638 0
      vertex 101.15 30.7775 0
    endloop
  endfacet
  facet normal 0 0 -1
    outer loop
      vertex 103.332 29.1582 0
      vertex 101.15 30.7775 0
      vertex 103.574 29.8561 0
    endloop
  endfacet
  facet normal 0 0 -1
    outer loop
      vertex 100.718 29.5794 0
      vertex 101.15 30.7775 0
      vertex 103.332 29.1582 0
    endloop
  endfacet
  facet normal 0 0 -1
    outer loop
      vertex 104.485 34.9812 0
      vertex 101.919 35.7487 0
      vertex 104.5 35.74 0
    endloop
  endfacet
  facet normal 0 0 -1
    outer loop
      vertex 103.063 28.4709 0
      vertex 100.718 29.5794 0
      vertex 103.332 29.1582 0
    endloop
  endfacet
  facet normal -0 0 -1
    outer loop
      vertex 104.485 36.4964 0
      vertex 101.919 35.7487 0
      vertex 101.871 37.0064 0
    endloop
  endfacet
  facet normal 0 -0 -1
    outer loop
      vertex 100.718 29.5794 0
      vertex 102.767 27.7948 0
      vertex 100.189 28.4111 0
    endloop
  endfacet
  facet normal 0 0 -1
    outer loop
      vertex 101.726 38.2581 0
      vertex 104.368 37.9939 0
      vertex 101.871 37.0064 0
    endloop
  endfacet
  facet normal 0 0 -1
    outer loop
      vertex 99.5647 27.2786 0
      vertex 100.189 28.4111 0
      vertex 102.094 26.4785 0
    endloop
  endfacet
  facet normal 0 0 -1
    outer loop
      vertex 104.368 37.9939 0
      vertex 101.726 38.2581 0
      vertex 104.266 38.7336 0
    endloop
  endfacet
  facet normal 0 0 -1
    outer loop
      vertex 90.2823 54.1459 0
      vertex 90.1757 51.5085 0
      vertex 89.6139 51.6689 0
    endloop
  endfacet
  facet normal 0 0 -1
    outer loop
      vertex 101.15 40.7199 0
      vertex 100.718 41.918 0
      vertex 103.332 42.3146 0
    endloop
  endfacet
  facet normal -0 0 -1
    outer loop
      vertex 103.332 42.3146 0
      vertex 100.718 41.918 0
      vertex 103.063 43.0025 0
    endloop
  endfacet
  facet normal 0 -0 -1
    outer loop
      vertex 99.461 48.6155 0
      vertex 99.9626 48.0514 0
      vertex 98.0275 46.3529 0
    endloop
  endfacet
  facet normal 0 0 -1
    outer loop
      vertex 98.0275 46.3529 0
      vertex 100.439 47.4709 0
      vertex 98.8442 45.3097 0
    endloop
  endfacet
  facet normal 0 0 -1
    outer loop
      vertex 100.189 43.0863 0
      vertex 102.094 44.9973 0
      vertex 102.444 44.3445 0
    endloop
  endfacet
  facet normal 0 0 -1
    outer loop
      vertex 100.718 41.918 0
      vertex 100.189 43.0863 0
      vertex 102.767 43.6794 0
    endloop
  endfacet
  facet normal 0 0 -1
    outer loop
      vertex 90.7307 51.3288 0
      vertex 90.9304 53.9609 0
      vertex 91.5707 53.7538 0
    endloop
  endfacet
  facet normal -0 0 -1
    outer loop
      vertex 103.574 41.6163 0
      vertex 101.15 40.7199 0
      vertex 103.332 42.3146 0
    endloop
  endfacet
  facet normal 0 0 -1
    outer loop
      vertex 90.9304 53.9609 0
      vertex 90.7307 51.3288 0
      vertex 90.1757 51.5085 0
    endloop
  endfacet
  facet normal 0 0 -1
    outer loop
      vertex 101.15 40.7199 0
      vertex 103.789 40.9084 0
      vertex 101.486 39.498 0
    endloop
  endfacet
  facet normal 0 0 -1
    outer loop
      vertex 101.726 38.2581 0
      vertex 101.486 39.498 0
      vertex 104.135 39.4664 0
    endloop
  endfacet
  facet normal 0 0 -1
    outer loop
      vertex 101.719 25.8397 0
      vertex 99.5647 27.2786 0
      vertex 102.094 26.4785 0
    endloop
  endfacet
  facet normal 0 -0 -1
    outer loop
      vertex 89.6272 54.3083 0
      vertex 90.2823 54.1459 0
      vertex 89.6139 51.6689 0
    endloop
  endfacet
  facet normal 0 0 -1
    outer loop
      vertex 87.8926 52.0316 0
      vertex 87.6252 54.6578 0
      vertex 88.2981 54.5646 0
    endloop
  endfacet
  facet normal 0 0 -1
    outer loop
      vertex 87.8926 52.0316 0
      vertex 87.3084 52.1123 0
      vertex 87.6252 54.6578 0
    endloop
  endfacet
  facet normal -0 0 -1
    outer loop
      vertex 73.9273 24.155 0
      vertex 71.6187 22.8058 0
      vertex 73.518 24.579 0
    endloop
  endfacet
  facet normal 0 -0 -1
    outer loop
      vertex 86.5942 54.7651 0
      vertex 86.7198 52.1725 0
      vertex 86.2776 52.2171 0
    endloop
  endfacet
  facet normal -0 0 -1
    outer loop
      vertex 86.2434 54.815 0
      vertex 85.8383 52.2773 0
      vertex 85.8952 54.8768 0
    endloop
  endfacet
  facet normal -0 0 -1
    outer loop
      vertex 85.8952 54.8768 0
      vertex 85.4025 52.3528 0
      vertex 85.5502 54.9506 0
    endloop
  endfacet
  facet normal 0 0 -1
    outer loop
      vertex 85.5502 54.9506 0
      vertex 85.4025 52.3528 0
      vertex 84.9704 52.4436 0
    endloop
  endfacet
  facet normal 0 -0 -1
    outer loop
      vertex 71.7198 26.8832 0
      vertex 72.0455 26.3994 0
      vertex 69.5446 25.4657 0
    endloop
  endfacet
  facet normal 0 0 -1
    outer loop
      vertex 84.5424 52.5493 0
      vertex 84.119 52.6699 0
      vertex 84.8704 55.1334 0
    endloop
  endfacet
  facet normal 0 0 -1
    outer loop
      vertex 84.8704 55.1334 0
      vertex 84.119 52.6699 0
      vertex 83.7005 52.8052 0
    endloop
  endfacet
  facet normal 0 0 -1
    outer loop
      vertex 68.5369 27.2144 0
      vertex 71.1209 27.8821 0
      vertex 68.8524 26.6203 0
    endloop
  endfacet
  facet normal 0 0 -1
    outer loop
      vertex 83.2873 52.9549 0
      vertex 84.5363 55.242 0
      vertex 83.7005 52.8052 0
    endloop
  endfacet
  facet normal 0 0 -1
    outer loop
      vertex 68.5369 27.2144 0
      vertex 70.8482 28.3961 0
      vertex 71.1209 27.8821 0
    endloop
  endfacet
  facet normal 0 0 -1
    outer loop
      vertex 67.4862 29.6895 0
      vertex 70.1398 29.9913 0
      vertex 67.7166 29.0572 0
    endloop
  endfacet
  facet normal 0 0 -1
    outer loop
      vertex 67.4862 29.6895 0
      vertex 69.941 30.5391 0
      vertex 70.1398 29.9913 0
    endloop
  endfacet
  facet normal 0 0 -1
    outer loop
      vertex 83.2873 52.9549 0
      vertex 82.8798 53.1188 0
      vertex 84.2066 55.362 0
    endloop
  endfacet
  facet normal -0 0 -1
    outer loop
      vertex 69.4602 32.224 0
      vertex 66.9285 31.632 0
      vertex 66.7881 32.2926 0
    endloop
  endfacet
  facet normal 0 0 -1
    outer loop
      vertex 69.0502 34.9897 0
      vertex 66.4248 35.0086 0
      vertex 68.9878 35.4268 0
    endloop
  endfacet
  facet normal 0 0 -1
    outer loop
      vertex 66.1127 36.3788 0
      vertex 66.0049 36.712 0
      vertex 68.5885 37.1393 0
    endloop
  endfacet
  facet normal 0 -0 -1
    outer loop
      vertex 68.1364 38.3755 0
      vertex 68.3013 37.9688 0
      vertex 65.8856 37.0408 0
    endloop
  endfacet
  facet normal -0 0 -1
    outer loop
      vertex 67.9576 38.7762 0
      vertex 65.6128 37.6847 0
      vertex 67.7651 39.1707 0
    endloop
  endfacet
  facet normal 0 0 -1
    outer loop
      vertex 76.7375 57.5641 0
      vertex 78.5437 59.4771 0
      vertex 77.3697 57.1467 0
    endloop
  endfacet
  facet normal -0 0 -1
    outer loop
      vertex 68.9453 58.4823 0
      vertex 68.2508 58.2319 0
      vertex 67.6482 60.7569 0
    endloop
  endfacet
  facet normal 0 0 -1
    outer loop
      vertex 64.7381 39.1998 0
      vertex 66.6014 41.0348 0
      vertex 66.8604 40.6777 0
    endloop
  endfacet
  facet normal 0 0 -1
    outer loop
      vertex 63.6025 40.5525 0
      vertex 63.27 40.885 0
      vertex 65.1074 42.705 0
    endloop
  endfacet
  facet normal -0 0 -1
    outer loop
      vertex 65.4398 42.3725 0
      vertex 63.6025 40.5525 0
      vertex 65.1074 42.705 0
    endloop
  endfacet
  facet normal 0 0 -1
    outer loop
      vertex 64.1057 54.9673 0
      vertex 62.3156 56.8913 0
      vertex 64.5787 55.5718 0
    endloop
  endfacet
  facet normal 0 0 -1
    outer loop
      vertex 63.0205 45.8484 0
      vertex 60.8377 44.3698 0
      vertex 60.6494 44.8006 0
    endloop
  endfacet
  facet normal 0 0 -1
    outer loop
      vertex 63.0205 53.0016 0
      vertex 60.6494 54.0494 0
      vertex 60.8377 54.4802 0
    endloop
  endfacet
  facet normal 0 0 -1
    outer loop
      vertex 62.7701 52.3071 0
      vertex 60.4781 53.6115 0
      vertex 63.0205 53.0016 0
    endloop
  endfacet
  facet normal 0 0 -1
    outer loop
      vertex 66.7782 60.3973 0
      vertex 68.2508 58.2319 0
      vertex 67.5736 57.9258 0
    endloop
  endfacet
  facet normal 0 0 -1
    outer loop
      vertex 71.0982 58.8997 0
      vertex 70.404 61.4157 0
      vertex 70.8806 61.4624 0
    endloop
  endfacet
  facet normal 0 0 -1
    outer loop
      vertex 74.001 58.6771 0
      vertex 74.6797 61.1664 0
      vertex 75.1362 61.0474 0
    endloop
  endfacet
  facet normal 0 0 -1
    outer loop
      vertex 72.5565 58.8997 0
      vertex 72.3266 61.4906 0
      vertex 72.8052 61.4624 0
    endloop
  endfacet
  facet normal 0 0 -1
    outer loop
      vertex 76.7375 57.5641 0
      vertex 77.7388 59.9702 0
      vertex 78.1457 59.7318 0
    endloop
  endfacet
  facet normal 0 0 -1
    outer loop
      vertex 76.7375 57.5641 0
      vertex 76.0811 57.9258 0
      vertex 77.7388 59.9702 0
    endloop
  endfacet
  facet normal 0 0 -1
    outer loop
      vertex 76.0811 57.9258 0
      vertex 76.9002 60.3973 0
      vertex 77.3235 60.1921 0
    endloop
  endfacet
  facet normal 0 0 -1
    outer loop
      vertex 75.4039 58.2319 0
      vertex 76.4694 60.5856 0
      vertex 76.9002 60.3973 0
    endloop
  endfacet
  facet normal 0 0 -1
    outer loop
      vertex 75.4039 58.2319 0
      vertex 76.0315 60.7569 0
      vertex 76.4694 60.5856 0
    endloop
  endfacet
  facet normal 0 0 -1
    outer loop
      vertex 74.001 58.6771 0
      vertex 74.2179 61.2676 0
      vertex 74.6797 61.1664 0
    endloop
  endfacet
  facet normal 0 0 -1
    outer loop
      vertex 73.2802 61.4157 0
      vertex 73.7513 61.3508 0
      vertex 73.2822 58.8162 0
    endloop
  endfacet
  facet normal 0 0 -1
    outer loop
      vertex 72.5565 58.8997 0
      vertex 73.2802 61.4157 0
      vertex 73.2822 58.8162 0
    endloop
  endfacet
  facet normal 0 0 -1
    outer loop
      vertex 73.2822 58.8162 0
      vertex 73.7513 61.3508 0
      vertex 74.2179 61.2676 0
    endloop
  endfacet
  facet normal 0 0 -1
    outer loop
      vertex 71.8273 58.9276 0
      vertex 72.3266 61.4906 0
      vertex 72.5565 58.8997 0
    endloop
  endfacet
  facet normal 0 0 -1
    outer loop
      vertex 74.7094 58.4823 0
      vertex 75.1362 61.0474 0
      vertex 75.5869 60.9108 0
    endloop
  endfacet
  facet normal 0 0 -1
    outer loop
      vertex 71.845 61.5 0
      vertex 71.8273 58.9276 0
      vertex 71.361 61.4906 0
    endloop
  endfacet
  facet normal 0 0 -1
    outer loop
      vertex 70.3725 58.8162 0
      vertex 69.9318 61.3508 0
      vertex 70.404 61.4157 0
    endloop
  endfacet
  facet normal 0 0 -1
    outer loop
      vertex 70.3725 58.8162 0
      vertex 69.4642 61.2676 0
      vertex 69.9318 61.3508 0
    endloop
  endfacet
  facet normal 0 0 -1
    outer loop
      vertex 69.6537 58.6771 0
      vertex 69.0017 61.1664 0
      vertex 69.4642 61.2676 0
    endloop
  endfacet
  facet normal 0 0 -1
    outer loop
      vertex 69.6537 58.6771 0
      vertex 68.5446 61.0474 0
      vertex 69.0017 61.1664 0
    endloop
  endfacet
  facet normal 0 0 -1
    outer loop
      vertex 65.9374 59.9702 0
      vertex 67.5736 57.9258 0
      vertex 66.9172 57.5641 0
    endloop
  endfacet
  facet normal -0 0 -1
    outer loop
      vertex 66.9172 57.5641 0
      vertex 66.285 57.1467 0
      vertex 65.1291 59.4771 0
    endloop
  endfacet
  facet normal 0 0 -1
    outer loop
      vertex 64.3562 58.9194 0
      vertex 66.285 57.1467 0
      vertex 65.6806 56.6737 0
    endloop
  endfacet
  facet normal 0 0 -1
    outer loop
      vertex 68.2508 58.2319 0
      vertex 67.2097 60.5856 0
      vertex 67.6482 60.7569 0
    endloop
  endfacet
  facet normal 0 0 -1
    outer loop
      vertex 65.1074 56.145 0
      vertex 63.6218 58.2986 0
      vertex 65.6806 56.6737 0
    endloop
  endfacet
  facet normal 0 0 -1
    outer loop
      vertex 65.1074 56.145 0
      vertex 63.27 57.965 0
      vertex 63.6218 58.2986 0
    endloop
  endfacet
  facet normal -0 0 -1
    outer loop
      vertex 64.1057 43.8827 0
      vertex 61.7579 42.7263 0
      vertex 63.6883 44.5148 0
    endloop
  endfacet
  facet normal 0 -0 -1
    outer loop
      vertex 63.3265 45.1712 0
      vertex 63.6883 44.5148 0
      vertex 61.2648 43.5312 0
    endloop
  endfacet
  facet normal 0 0 -1
    outer loop
      vertex 62.3527 48.6958 0
      vertex 59.7444 48.9434 0
      vertex 62.3248 49.425 0
    endloop
  endfacet
  facet normal 0 -0 -1
    outer loop
      vertex 61.0429 54.9034 0
      vertex 63.3265 53.6788 0
      vertex 60.8377 54.4802 0
    endloop
  endfacet
  facet normal 0 0 -1
    outer loop
      vertex 63.6883 54.3352 0
      vertex 61.5032 55.7257 0
      vertex 61.7579 56.1237 0
    endloop
  endfacet
  facet normal 0 0 -1
    outer loop
      vertex 63.6883 54.3352 0
      vertex 61.7579 56.1237 0
      vertex 64.1057 54.9673 0
    endloop
  endfacet
  facet normal 0 0 -1
    outer loop
      vertex 63.0205 53.0016 0
      vertex 60.4781 53.6115 0
      vertex 60.6494 54.0494 0
    endloop
  endfacet
  facet normal 0 0 -1
    outer loop
      vertex 62.3527 50.1542 0
      vertex 59.8192 50.8602 0
      vertex 62.4361 50.8799 0
    endloop
  endfacet
  facet normal 0 0 -1
    outer loop
      vertex 62.4361 50.8799 0
      vertex 59.9675 51.7979 0
      vertex 62.5753 51.5987 0
    endloop
  endfacet
  facet normal -0 0 -1
    outer loop
      vertex 62.5753 47.2513 0
      vertex 59.9675 47.0521 0
      vertex 62.4361 47.9701 0
    endloop
  endfacet
  facet normal 0 0 -1
    outer loop
      vertex 62.7701 52.3071 0
      vertex 60.1876 52.7162 0
      vertex 60.3241 53.1669 0
    endloop
  endfacet
  facet normal 0 0 -1
    outer loop
      vertex 60.8377 44.3698 0
      vertex 63.0205 45.8484 0
      vertex 63.3265 45.1712 0
    endloop
  endfacet
  facet normal 0 0 -1
    outer loop
      vertex 61.0429 43.9465 0
      vertex 63.3265 45.1712 0
      vertex 61.2648 43.5312 0
    endloop
  endfacet
  facet normal 0 0 -1
    outer loop
      vertex 61.2648 43.5312 0
      vertex 63.6883 44.5148 0
      vertex 61.5032 43.1243 0
    endloop
  endfacet
  facet normal 0 0 -1
    outer loop
      vertex 61.5032 43.1243 0
      vertex 63.6883 44.5148 0
      vertex 61.7579 42.7263 0
    endloop
  endfacet
  facet normal 0 0 -1
    outer loop
      vertex 64.5787 55.5718 0
      vertex 62.6182 57.26 0
      vertex 62.9364 57.618 0
    endloop
  endfacet
  facet normal 0 -0 -1
    outer loop
      vertex 64.1057 43.8827 0
      vertex 64.5787 43.2782 0
      vertex 62.3156 41.9587 0
    endloop
  endfacet
  facet normal 0 0 -1
    outer loop
      vertex 64.5313 39.4844 0
      vertex 66.3297 41.3832 0
      vertex 66.6014 41.0348 0
    endloop
  endfacet
  facet normal 0 0 -1
    outer loop
      vertex 64.3142 39.7623 0
      vertex 66.3297 41.3832 0
      vertex 64.5313 39.4844 0
    endloop
  endfacet
  facet normal 0 -0 -1
    outer loop
      vertex 64.5787 43.2782 0
      vertex 65.1074 42.705 0
      vertex 62.9364 41.2319 0
    endloop
  endfacet
  facet normal 0 0 -1
    outer loop
      vertex 65.4398 42.3725 0
      vertex 63.8497 40.2966 0
      vertex 63.6025 40.5525 0
    endloop
  endfacet
  facet normal 0 0 -1
    outer loop
      vertex 64.0869 40.0331 0
      vertex 65.7488 42.0524 0
      vertex 66.0455 41.7225 0
    endloop
  endfacet
  facet normal 0 0 -1
    outer loop
      vertex 63.8497 40.2966 0
      vertex 65.7488 42.0524 0
      vertex 64.0869 40.0331 0
    endloop
  endfacet
  facet normal 0 0 -1
    outer loop
      vertex 63.8497 40.2966 0
      vertex 65.4398 42.3725 0
      vertex 65.7488 42.0524 0
    endloop
  endfacet
  facet normal 0 0 -1
    outer loop
      vertex 64.3142 39.7623 0
      vertex 64.0869 40.0331 0
      vertex 66.0455 41.7225 0
    endloop
  endfacet
  facet normal -0 0 -1
    outer loop
      vertex 66.3297 41.3832 0
      vertex 64.3142 39.7623 0
      vertex 66.0455 41.7225 0
    endloop
  endfacet
  facet normal 0 0 -1
    outer loop
      vertex 65.1074 42.705 0
      vertex 63.27 40.885 0
      vertex 62.9364 41.2319 0
    endloop
  endfacet
  facet normal 0 0 -1
    outer loop
      vertex 62.6182 41.59 0
      vertex 64.5787 43.2782 0
      vertex 62.9364 41.2319 0
    endloop
  endfacet
  facet normal 0 0 -1
    outer loop
      vertex 64.5313 39.4844 0
      vertex 66.6014 41.0348 0
      vertex 64.7381 39.1998 0
    endloop
  endfacet
  facet normal 0 0 -1
    outer loop
      vertex 62.6182 41.59 0
      vertex 62.3156 41.9587 0
      vertex 64.5787 43.2782 0
    endloop
  endfacet
  facet normal 0 0 -1
    outer loop
      vertex 64.9345 38.9087 0
      vertex 64.7381 39.1998 0
      vertex 66.8604 40.6777 0
    endloop
  endfacet
  facet normal 0 0 -1
    outer loop
      vertex 62.0288 42.3376 0
      vertex 64.1057 43.8827 0
      vertex 62.3156 41.9587 0
    endloop
  endfacet
  facet normal 0 0 -1
    outer loop
      vertex 62.0288 42.3376 0
      vertex 61.7579 42.7263 0
      vertex 64.1057 43.8827 0
    endloop
  endfacet
  facet normal -0 0 -1
    outer loop
      vertex 65.1074 56.145 0
      vertex 64.5787 55.5718 0
      vertex 62.9364 57.618 0
    endloop
  endfacet
  facet normal 0 0 -1
    outer loop
      vertex 68.9453 58.4823 0
      vertex 68.5446 61.0474 0
      vertex 69.6537 58.6771 0
    endloop
  endfacet
  facet normal 0 0 -1
    outer loop
      vertex 64.9345 38.9087 0
      vertex 66.8604 40.6777 0
      vertex 67.1064 40.3124 0
    endloop
  endfacet
  facet normal 0 0 -1
    outer loop
      vertex 65.1203 38.6113 0
      vertex 67.1064 40.3124 0
      vertex 67.3393 39.9392 0
    endloop
  endfacet
  facet normal 0 0 -1
    outer loop
      vertex 65.2954 38.308 0
      vertex 67.3393 39.9392 0
      vertex 67.5589 39.5585 0
    endloop
  endfacet
  facet normal 0 0 -1
    outer loop
      vertex 65.2954 38.308 0
      vertex 65.1203 38.6113 0
      vertex 67.3393 39.9392 0
    endloop
  endfacet
  facet normal -0 0 -1
    outer loop
      vertex 67.7651 39.1707 0
      vertex 65.4596 37.999 0
      vertex 67.5589 39.5585 0
    endloop
  endfacet
  facet normal 0 -0 -1
    outer loop
      vertex 67.9576 38.7762 0
      vertex 68.1364 38.3755 0
      vertex 65.7549 37.3652 0
    endloop
  endfacet
  facet normal 0 -0 -1
    outer loop
      vertex 79.68 58.6168 0
      vertex 80.038 58.2986 0
      vertex 77.9741 56.6737 0
    endloop
  endfacet
  facet normal 0 -0 -1
    outer loop
      vertex 80.038 58.2986 0
      vertex 80.385 57.965 0
      vertex 78.5473 56.145 0
    endloop
  endfacet
  facet normal 0 0 -1
    outer loop
      vertex 66.0049 36.712 0
      vertex 65.8856 37.0408 0
      vertex 68.452 37.5566 0
    endloop
  endfacet
  facet normal -0 0 -1
    outer loop
      vertex 68.452 37.5566 0
      vertex 65.8856 37.0408 0
      vertex 68.3013 37.9688 0
    endloop
  endfacet
  facet normal 0 0 -1
    outer loop
      vertex 66.2087 36.0416 0
      vertex 68.8178 36.2909 0
      vertex 66.2928 35.7006 0
    endloop
  endfacet
  facet normal -0 0 -1
    outer loop
      vertex 68.9878 35.4268 0
      vertex 66.3649 35.3563 0
      vertex 68.9103 35.8606 0
    endloop
  endfacet
  facet normal -0 0 -1
    outer loop
      vertex 68.5885 37.1393 0
      vertex 66.0049 36.712 0
      vertex 68.452 37.5566 0
    endloop
  endfacet
  facet normal 0 0 -1
    outer loop
      vertex 79.8692 54.9227 0
      vertex 81.7613 56.7121 0
      vertex 80.2177 54.6511 0
    endloop
  endfacet
  facet normal 0 0 -1
    outer loop
      vertex 68.7104 36.7173 0
      vertex 66.2087 36.0416 0
      vertex 66.1127 36.3788 0
    endloop
  endfacet
  facet normal 0 0 -1
    outer loop
      vertex 66.2928 35.7006 0
      vertex 68.9103 35.8606 0
      vertex 66.3649 35.3563 0
    endloop
  endfacet
  facet normal 0 0 -1
    outer loop
      vertex 68.9878 35.4268 0
      vertex 66.4248 35.0086 0
      vertex 66.3649 35.3563 0
    endloop
  endfacet
  facet normal -0 0 -1
    outer loop
      vertex 69.0502 34.9897 0
      vertex 66.4724 34.6581 0
      vertex 66.4248 35.0086 0
    endloop
  endfacet
  facet normal 0 -0 -1
    outer loop
      vertex 69.0974 34.55 0
      vertex 69.1575 33.9614 0
      vertex 66.5075 34.305 0
    endloop
  endfacet
  facet normal 0 -0 -1
    outer loop
      vertex 82.6334 56.1266 0
      vertex 82.9369 55.9522 0
      vertex 81.3139 53.9139 0
    endloop
  endfacet
  facet normal 0 0 -1
    outer loop
      vertex 66.5773 33.6297 0
      vertex 69.2383 33.3773 0
      vertex 66.6709 32.9587 0
    endloop
  endfacet
  facet normal 0 -0 -1
    outer loop
      vertex 69.3392 32.798 0
      vertex 69.4602 32.224 0
      vertex 66.7881 32.2926 0
    endloop
  endfacet
  facet normal 0 -0 -1
    outer loop
      vertex 69.4602 32.224 0
      vertex 69.601 31.6559 0
      vertex 66.9285 31.632 0
    endloop
  endfacet
  facet normal 0 -0 -1
    outer loop
      vertex 69.601 31.6559 0
      vertex 69.7614 31.0941 0
      vertex 67.0919 30.9775 0
    endloop
  endfacet
  facet normal 0 0 -1
    outer loop
      vertex 82.4783 53.2969 0
      vertex 82.0832 53.4889 0
      vertex 83.5612 55.6353 0
    endloop
  endfacet
  facet normal 0 0 -1
    outer loop
      vertex 67.2778 30.3298 0
      vertex 67.0919 30.9775 0
      vertex 69.7614 31.0941 0
    endloop
  endfacet
  facet normal 0 0 -1
    outer loop
      vertex 83.8814 55.4931 0
      vertex 82.8798 53.1188 0
      vertex 82.4783 53.2969 0
    endloop
  endfacet
  facet normal 0 0 -1
    outer loop
      vertex 68.8524 26.6203 0
      vertex 71.4115 27.3776 0
      vertex 69.1884 26.0372 0
    endloop
  endfacet
  facet normal 0 0 -1
    outer loop
      vertex 84.5424 52.5493 0
      vertex 84.8704 55.1334 0
      vertex 85.2085 55.0362 0
    endloop
  endfacet
  facet normal 0 0 -1
    outer loop
      vertex 84.5424 52.5493 0
      vertex 85.2085 55.0362 0
      vertex 84.9704 52.4436 0
    endloop
  endfacet
  facet normal 0 -0 -1
    outer loop
      vertex 85.2085 55.0362 0
      vertex 85.5502 54.9506 0
      vertex 84.9704 52.4436 0
    endloop
  endfacet
  facet normal 0 0 -1
    outer loop
      vertex 70.3166 24.3605 0
      vertex 69.9208 24.9067 0
      vertex 72.3885 25.9266 0
    endloop
  endfacet
  facet normal -0 0 -1
    outer loop
      vertex 72.7483 25.4652 0
      vertex 70.3166 24.3605 0
      vertex 72.3885 25.9266 0
    endloop
  endfacet
  facet normal 0 0 -1
    outer loop
      vertex 85.8952 54.8768 0
      vertex 85.8383 52.2773 0
      vertex 85.4025 52.3528 0
    endloop
  endfacet
  facet normal 0 -0 -1
    outer loop
      vertex 72.7483 25.4652 0
      vertex 73.1249 25.0159 0
      vertex 70.7318 23.8279 0
    endloop
  endfacet
  facet normal 0 -0 -1
    outer loop
      vertex 73.1249 25.0159 0
      vertex 73.518 24.579 0
      vertex 71.1659 23.3094 0
    endloop
  endfacet
  facet normal 0 -0 -1
    outer loop
      vertex 86.2434 54.815 0
      vertex 86.2776 52.2171 0
      vertex 85.8383 52.2773 0
    endloop
  endfacet
  facet normal 0 0 -1
    outer loop
      vertex 71.6187 22.8058 0
      vertex 71.1659 23.3094 0
      vertex 73.518 24.579 0
    endloop
  endfacet
  facet normal 0 0 -1
    outer loop
      vertex 86.5942 54.7651 0
      vertex 86.9475 54.7275 0
      vertex 86.7198 52.1725 0
    endloop
  endfacet
  facet normal 0 -0 -1
    outer loop
      vertex 86.9475 54.7275 0
      vertex 87.3084 52.1123 0
      vertex 86.7198 52.1725 0
    endloop
  endfacet
  facet normal -0 0 -1
    outer loop
      vertex 87.6252 54.6578 0
      vertex 87.3084 52.1123 0
      vertex 86.9475 54.7275 0
    endloop
  endfacet
  facet normal 0 -0 -1
    outer loop
      vertex 73.9273 24.155 0
      vertex 74.9169 23.2423 0
      vertex 72.6368 21.7915 0
    endloop
  endfacet
  facet normal 0 0 -1
    outer loop
      vertex 72.6368 21.7915 0
      vertex 74.9169 23.2423 0
      vertex 73.2006 21.2899 0
    endloop
  endfacet
  facet normal 0 0 -1
    outer loop
      vertex 88.4719 51.9306 0
      vertex 87.8926 52.0316 0
      vertex 88.2981 54.5646 0
    endloop
  endfacet
  facet normal 0 0 -1
    outer loop
      vertex 73.7806 20.813 0
      vertex 74.9169 23.2423 0
      vertex 75.9601 22.4257 0
    endloop
  endfacet
  facet normal -0 0 -1
    outer loop
      vertex 88.9657 54.448 0
      vertex 88.4719 51.9306 0
      vertex 88.2981 54.5646 0
    endloop
  endfacet
  facet normal -0 0 -1
    outer loop
      vertex 89.6272 54.3083 0
      vertex 89.0458 51.8096 0
      vertex 88.9657 54.448 0
    endloop
  endfacet
  facet normal 0 0 -1
    outer loop
      vertex 89.6272 54.3083 0
      vertex 89.6139 51.6689 0
      vertex 89.0458 51.8096 0
    endloop
  endfacet
  facet normal 0 0 -1
    outer loop
      vertex 101.318 25.2146 0
      vertex 98.8442 26.1877 0
      vertex 99.5647 27.2786 0
    endloop
  endfacet
  facet normal 0 0 -1
    outer loop
      vertex 74.9871 19.9345 0
      vertex 75.9601 22.4257 0
      vertex 77.0509 21.7051 0
    endloop
  endfacet
  facet normal -0 0 -1
    outer loop
      vertex 86.2713 16.7673 0
      vertex 85.5125 16.7525 0
      vertex 85.5211 19.3512 0
    endloop
  endfacet
  facet normal 0 0 -1
    outer loop
      vertex 76.251 19.1581 0
      vertex 77.0509 21.7051 0
      vertex 78.1835 21.0806 0
    endloop
  endfacet
  facet normal 0 0 -1
    outer loop
      vertex 84.0003 16.8114 0
      vertex 84.2634 19.3993 0
      vertex 84.7537 16.7673 0
    endloop
  endfacet
  facet normal 0 0 -1
    outer loop
      vertex 77.5673 18.4859 0
      vertex 79.3518 20.5522 0
      vertex 78.2435 18.1897 0
    endloop
  endfacet
  facet normal 0 0 -1
    outer loop
      vertex 83.2529 16.8847 0
      vertex 82.5122 16.9869 0
      vertex 83.0117 19.5434 0
    endloop
  endfacet
  facet normal 0 0 -1
    outer loop
      vertex 81.7718 19.7836 0
      vertex 83.0117 19.5434 0
      vertex 81.7787 17.1175 0
    endloop
  endfacet
  facet normal 0 -0 -1
    outer loop
      vertex 80.5499 20.1198 0
      vertex 81.7718 19.7836 0
      vertex 80.3363 17.4635 0
    endloop
  endfacet
  facet normal 0 0 -1
    outer loop
      vertex 80.3363 17.4635 0
      vertex 81.7718 19.7836 0
      vertex 81.0532 17.2765 0
    endloop
  endfacet
  facet normal 0 0 -1
    outer loop
      vertex 81.0532 17.2765 0
      vertex 81.7718 19.7836 0
      vertex 81.7787 17.1175 0
    endloop
  endfacet
  facet normal 0 0 -1
    outer loop
      vertex 80.5499 20.1198 0
      vertex 80.3363 17.4635 0
      vertex 79.6286 17.6782 0
    endloop
  endfacet
  facet normal 0 0 -1
    outer loop
      vertex 82.5122 16.9869 0
      vertex 81.7787 17.1175 0
      vertex 83.0117 19.5434 0
    endloop
  endfacet
  facet normal 0 0 -1
    outer loop
      vertex 78.9308 17.9203 0
      vertex 80.5499 20.1198 0
      vertex 79.6286 17.6782 0
    endloop
  endfacet
  facet normal 0 -0 -1
    outer loop
      vertex 79.3518 20.5522 0
      vertex 80.5499 20.1198 0
      vertex 78.9308 17.9203 0
    endloop
  endfacet
  facet normal 0 0 -1
    outer loop
      vertex 83.0117 19.5434 0
      vertex 84.2634 19.3993 0
      vertex 83.2529 16.8847 0
    endloop
  endfacet
  facet normal 0 0 -1
    outer loop
      vertex 83.2529 16.8847 0
      vertex 84.2634 19.3993 0
      vertex 84.0003 16.8114 0
    endloop
  endfacet
  facet normal 0 0 -1
    outer loop
      vertex 77.5673 18.4859 0
      vertex 78.1835 21.0806 0
      vertex 79.3518 20.5522 0
    endloop
  endfacet
  facet normal 0 0 -1
    outer loop
      vertex 76.903 18.8088 0
      vertex 78.1835 21.0806 0
      vertex 77.5673 18.4859 0
    endloop
  endfacet
  facet normal -0 0 -1
    outer loop
      vertex 85.5211 19.3512 0
      vertex 84.7537 16.7673 0
      vertex 84.2634 19.3993 0
    endloop
  endfacet
  facet normal 0 0 -1
    outer loop
      vertex 85.5211 19.3512 0
      vertex 85.5125 16.7525 0
      vertex 84.7537 16.7673 0
    endloop
  endfacet
  facet normal 0 0 -1
    outer loop
      vertex 75.6122 19.5334 0
      vertex 77.0509 21.7051 0
      vertex 76.251 19.1581 0
    endloop
  endfacet
  facet normal 0 0 -1
    outer loop
      vertex 79.3518 20.5522 0
      vertex 78.9308 17.9203 0
      vertex 78.2435 18.1897 0
    endloop
  endfacet
  facet normal 0 0 -1
    outer loop
      vertex 88.4719 51.9306 0
      vertex 88.9657 54.448 0
      vertex 89.0458 51.8096 0
    endloop
  endfacet
  facet normal 0 0 -1
    outer loop
      vertex 76.903 18.8088 0
      vertex 76.251 19.1581 0
      vertex 78.1835 21.0806 0
    endloop
  endfacet
  facet normal 0 0 -1
    outer loop
      vertex 75.6122 19.5334 0
      vertex 74.9871 19.9345 0
      vertex 77.0509 21.7051 0
    endloop
  endfacet
  facet normal 0 0 -1
    outer loop
      vertex 74.3764 20.3611 0
      vertex 73.7806 20.813 0
      vertex 75.9601 22.4257 0
    endloop
  endfacet
  facet normal 0 0 -1
    outer loop
      vertex 74.9169 23.2423 0
      vertex 73.7806 20.813 0
      vertex 73.2006 21.2899 0
    endloop
  endfacet
  facet normal 0 0 -1
    outer loop
      vertex 73.9273 24.155 0
      vertex 72.09 22.3175 0
      vertex 71.6187 22.8058 0
    endloop
  endfacet
  facet normal 0 0 -1
    outer loop
      vertex 72.6368 21.7915 0
      vertex 72.09 22.3175 0
      vertex 73.9273 24.155 0
    endloop
  endfacet
  facet normal 0 0 -1
    outer loop
      vertex 70.7318 23.8279 0
      vertex 73.1249 25.0159 0
      vertex 71.1659 23.3094 0
    endloop
  endfacet
  facet normal 0 0 -1
    outer loop
      vertex 70.7318 23.8279 0
      vertex 70.3166 24.3605 0
      vertex 72.7483 25.4652 0
    endloop
  endfacet
  facet normal 0 0 -1
    outer loop
      vertex 69.5446 25.4657 0
      vertex 72.0455 26.3994 0
      vertex 69.9208 24.9067 0
    endloop
  endfacet
  facet normal 0 -0 -1
    outer loop
      vertex 72.0455 26.3994 0
      vertex 72.3885 25.9266 0
      vertex 69.9208 24.9067 0
    endloop
  endfacet
  facet normal 0 -0 -1
    outer loop
      vertex 71.4115 27.3776 0
      vertex 71.7198 26.8832 0
      vertex 69.1884 26.0372 0
    endloop
  endfacet
  facet normal 0 0 -1
    outer loop
      vertex 71.7198 26.8832 0
      vertex 69.5446 25.4657 0
      vertex 69.1884 26.0372 0
    endloop
  endfacet
  facet normal 0 -0 -1
    outer loop
      vertex 71.1209 27.8821 0
      vertex 71.4115 27.3776 0
      vertex 68.8524 26.6203 0
    endloop
  endfacet
  facet normal 0 0 -1
    outer loop
      vertex 68.5369 27.2144 0
      vertex 68.2422 27.819 0
      vertex 70.8482 28.3961 0
    endloop
  endfacet
  facet normal 0 0 -1
    outer loop
      vertex 70.5936 28.9194 0
      vertex 68.2422 27.819 0
      vertex 67.9687 28.4335 0
    endloop
  endfacet
  facet normal -0 0 -1
    outer loop
      vertex 70.8482 28.3961 0
      vertex 68.2422 27.819 0
      vertex 70.5936 28.9194 0
    endloop
  endfacet
  facet normal 0 0 -1
    outer loop
      vertex 70.3574 29.4512 0
      vertex 67.9687 28.4335 0
      vertex 67.7166 29.0572 0
    endloop
  endfacet
  facet normal -0 0 -1
    outer loop
      vertex 70.5936 28.9194 0
      vertex 67.9687 28.4335 0
      vertex 70.3574 29.4512 0
    endloop
  endfacet
  facet normal 0 -0 -1
    outer loop
      vertex 70.1398 29.9913 0
      vertex 70.3574 29.4512 0
      vertex 67.7166 29.0572 0
    endloop
  endfacet
  facet normal -0 0 -1
    outer loop
      vertex 69.941 30.5391 0
      vertex 67.2778 30.3298 0
      vertex 69.7614 31.0941 0
    endloop
  endfacet
  facet normal 0 0 -1
    outer loop
      vertex 67.4862 29.6895 0
      vertex 67.2778 30.3298 0
      vertex 69.941 30.5391 0
    endloop
  endfacet
  facet normal 0 0 -1
    outer loop
      vertex 66.9285 31.632 0
      vertex 69.601 31.6559 0
      vertex 67.0919 30.9775 0
    endloop
  endfacet
  facet normal 0 0 -1
    outer loop
      vertex 82.0832 53.4889 0
      vertex 83.2463 55.7884 0
      vertex 83.5612 55.6353 0
    endloop
  endfacet
  facet normal 0 0 -1
    outer loop
      vertex 66.6709 32.9587 0
      vertex 69.3392 32.798 0
      vertex 66.7881 32.2926 0
    endloop
  endfacet
  facet normal 0 0 -1
    outer loop
      vertex 66.6709 32.9587 0
      vertex 69.2383 33.3773 0
      vertex 69.3392 32.798 0
    endloop
  endfacet
  facet normal 0 0 -1
    outer loop
      vertex 81.695 53.6946 0
      vertex 82.9369 55.9522 0
      vertex 83.2463 55.7884 0
    endloop
  endfacet
  facet normal 0 -0 -1
    outer loop
      vertex 69.1575 33.9614 0
      vertex 69.2383 33.3773 0
      vertex 66.5773 33.6297 0
    endloop
  endfacet
  facet normal 0 0 -1
    outer loop
      vertex 66.5075 34.305 0
      vertex 69.1575 33.9614 0
      vertex 66.5773 33.6297 0
    endloop
  endfacet
  facet normal -0 0 -1
    outer loop
      vertex 69.0974 34.55 0
      vertex 66.5075 34.305 0
      vertex 66.4724 34.6581 0
    endloop
  endfacet
  facet normal -0 0 -1
    outer loop
      vertex 82.6334 56.1266 0
      vertex 80.9404 54.1465 0
      vertex 82.3361 56.3115 0
    endloop
  endfacet
  facet normal 0 -0 -1
    outer loop
      vertex 69.0502 34.9897 0
      vertex 69.0974 34.55 0
      vertex 66.4724 34.6581 0
    endloop
  endfacet
  facet normal 0 0 -1
    outer loop
      vertex 80.5749 54.3923 0
      vertex 82.0453 56.5067 0
      vertex 82.3361 56.3115 0
    endloop
  endfacet
  facet normal 0 0 -1
    outer loop
      vertex 80.5749 54.3923 0
      vertex 80.2177 54.6511 0
      vertex 82.0453 56.5067 0
    endloop
  endfacet
  facet normal 0 0 -1
    outer loop
      vertex 66.2928 35.7006 0
      vertex 68.8178 36.2909 0
      vertex 68.9103 35.8606 0
    endloop
  endfacet
  facet normal 0 0 -1
    outer loop
      vertex 81.4845 56.9275 0
      vertex 79.8692 54.9227 0
      vertex 79.5298 55.2069 0
    endloop
  endfacet
  facet normal 0 -0 -1
    outer loop
      vertex 68.7104 36.7173 0
      vertex 68.8178 36.2909 0
      vertex 66.2087 36.0416 0
    endloop
  endfacet
  facet normal 0 0 -1
    outer loop
      vertex 81.2151 57.1528 0
      vertex 79.5298 55.2069 0
      vertex 79.1999 55.5036 0
    endloop
  endfacet
  facet normal 0 -0 -1
    outer loop
      vertex 68.5885 37.1393 0
      vertex 68.7104 36.7173 0
      vertex 66.1127 36.3788 0
    endloop
  endfacet
  facet normal -0 0 -1
    outer loop
      vertex 81.2151 57.1528 0
      vertex 79.1999 55.5036 0
      vertex 80.9535 57.3879 0
    endloop
  endfacet
  facet normal 0 0 -1
    outer loop
      vertex 78.8799 55.8125 0
      vertex 78.5473 56.145 0
      vertex 80.7 57.6325 0
    endloop
  endfacet
  facet normal 0 0 -1
    outer loop
      vertex 65.7549 37.3652 0
      vertex 68.1364 38.3755 0
      vertex 65.8856 37.0408 0
    endloop
  endfacet
  facet normal 0 -0 -1
    outer loop
      vertex 84.5363 55.242 0
      vertex 84.8704 55.1334 0
      vertex 83.7005 52.8052 0
    endloop
  endfacet
  facet normal 0 0 -1
    outer loop
      vertex 65.6128 37.6847 0
      vertex 67.9576 38.7762 0
      vertex 65.7549 37.3652 0
    endloop
  endfacet
  facet normal 0 -0 -1
    outer loop
      vertex 84.2066 55.362 0
      vertex 84.5363 55.242 0
      vertex 83.2873 52.9549 0
    endloop
  endfacet
  facet normal -0 0 -1
    outer loop
      vertex 79.68 58.6168 0
      vertex 77.9741 56.6737 0
      vertex 79.3113 58.9194 0
    endloop
  endfacet
  facet normal 0 0 -1
    outer loop
      vertex 67.7651 39.1707 0
      vertex 65.6128 37.6847 0
      vertex 65.4596 37.999 0
    endloop
  endfacet
  facet normal 0 0 -1
    outer loop
      vertex 67.5589 39.5585 0
      vertex 65.4596 37.999 0
      vertex 65.2954 38.308 0
    endloop
  endfacet
  facet normal 0 0 -1
    outer loop
      vertex 77.3697 57.1467 0
      vertex 78.5437 59.4771 0
      vertex 78.9324 59.2062 0
    endloop
  endfacet
  facet normal 0 0 -1
    outer loop
      vertex 64.9345 38.9087 0
      vertex 67.1064 40.3124 0
      vertex 65.1203 38.6113 0
    endloop
  endfacet
  facet normal 0 0 -1
    outer loop
      vertex 81.3139 53.9139 0
      vertex 82.9369 55.9522 0
      vertex 81.695 53.6946 0
    endloop
  endfacet
  facet normal 0 0 -1
    outer loop
      vertex 61.0429 43.9465 0
      vertex 60.8377 44.3698 0
      vertex 63.3265 45.1712 0
    endloop
  endfacet
  facet normal 0 0 -1
    outer loop
      vertex 62.5753 51.5987 0
      vertex 59.9675 51.7979 0
      vertex 60.0686 52.2597 0
    endloop
  endfacet
  facet normal -0 0 -1
    outer loop
      vertex 62.4361 50.8799 0
      vertex 59.8192 50.8602 0
      vertex 59.8843 51.3312 0
    endloop
  endfacet
  facet normal 0 -0 -1
    outer loop
      vertex 59.7726 50.3851 0
      vertex 62.3527 50.1542 0
      vertex 59.7444 49.9066 0
    endloop
  endfacet
  facet normal 0 0 -1
    outer loop
      vertex 59.7444 48.9434 0
      vertex 59.735 49.425 0
      vertex 62.3248 49.425 0
    endloop
  endfacet
  facet normal 0 0 -1
    outer loop
      vertex 62.3248 49.425 0
      vertex 59.735 49.425 0
      vertex 59.7444 49.9066 0
    endloop
  endfacet
  facet normal 0 0 -1
    outer loop
      vertex 79.5298 55.2069 0
      vertex 81.2151 57.1528 0
      vertex 81.4845 56.9275 0
    endloop
  endfacet
  facet normal 0 0 -1
    outer loop
      vertex 59.7726 48.4648 0
      vertex 62.3527 48.6958 0
      vertex 59.8192 47.9898 0
    endloop
  endfacet
  facet normal 0 0 -1
    outer loop
      vertex 59.9675 47.0521 0
      vertex 59.8843 47.5187 0
      vertex 62.4361 47.9701 0
    endloop
  endfacet
  facet normal -0 0 -1
    outer loop
      vertex 62.4361 47.9701 0
      vertex 59.8843 47.5187 0
      vertex 59.8192 47.9898 0
    endloop
  endfacet
  facet normal 0 0 -1
    outer loop
      vertex 77.9741 56.6737 0
      vertex 80.038 58.2986 0
      vertex 78.5473 56.145 0
    endloop
  endfacet
  facet normal 0 0 -1
    outer loop
      vertex 60.0686 46.5903 0
      vertex 62.5753 47.2513 0
      vertex 60.1876 46.1338 0
    endloop
  endfacet
  facet normal 0 0 -1
    outer loop
      vertex 60.4781 45.2385 0
      vertex 60.3241 45.683 0
      vertex 62.7701 46.543 0
    endloop
  endfacet
  facet normal 0 0 -1
    outer loop
      vertex 62.7701 46.543 0
      vertex 60.3241 45.683 0
      vertex 60.1876 46.1338 0
    endloop
  endfacet
  facet normal 0 0 -1
    outer loop
      vertex 60.4781 45.2385 0
      vertex 63.0205 45.8484 0
      vertex 60.6494 44.8006 0
    endloop
  endfacet
  facet normal 0 0 -1
    outer loop
      vertex 60.4781 45.2385 0
      vertex 62.7701 46.543 0
      vertex 63.0205 45.8484 0
    endloop
  endfacet
  facet normal 0 -0 -1
    outer loop
      vertex 62.5753 47.2513 0
      vertex 62.7701 46.543 0
      vertex 60.1876 46.1338 0
    endloop
  endfacet
  facet normal 0 0 -1
    outer loop
      vertex 60.0686 46.5903 0
      vertex 59.9675 47.0521 0
      vertex 62.5753 47.2513 0
    endloop
  endfacet
  facet normal 0 -0 -1
    outer loop
      vertex 62.3527 48.6958 0
      vertex 62.4361 47.9701 0
      vertex 59.8192 47.9898 0
    endloop
  endfacet
  facet normal 0 0 -1
    outer loop
      vertex 59.7726 48.4648 0
      vertex 59.7444 48.9434 0
      vertex 62.3527 48.6958 0
    endloop
  endfacet
  facet normal 0 0 -1
    outer loop
      vertex 62.3527 50.1542 0
      vertex 62.3248 49.425 0
      vertex 59.7444 49.9066 0
    endloop
  endfacet
  facet normal 0 0 -1
    outer loop
      vertex 59.7726 50.3851 0
      vertex 59.8192 50.8602 0
      vertex 62.3527 50.1542 0
    endloop
  endfacet
  facet normal 0 0 -1
    outer loop
      vertex 59.8843 51.3312 0
      vertex 59.9675 51.7979 0
      vertex 62.4361 50.8799 0
    endloop
  endfacet
  facet normal 0 0 -1
    outer loop
      vertex 60.1876 52.7162 0
      vertex 62.7701 52.3071 0
      vertex 62.5753 51.5987 0
    endloop
  endfacet
  facet normal 0 -0 -1
    outer loop
      vertex 60.1876 52.7162 0
      vertex 62.5753 51.5987 0
      vertex 60.0686 52.2597 0
    endloop
  endfacet
  facet normal 0 0 -1
    outer loop
      vertex 60.3241 53.1669 0
      vertex 60.4781 53.6115 0
      vertex 62.7701 52.3071 0
    endloop
  endfacet
  facet normal -0 0 -1
    outer loop
      vertex 63.3265 53.6788 0
      vertex 63.0205 53.0016 0
      vertex 60.8377 54.4802 0
    endloop
  endfacet
  facet normal 0 0 -1
    outer loop
      vertex 61.2648 55.3188 0
      vertex 63.6883 54.3352 0
      vertex 63.3265 53.6788 0
    endloop
  endfacet
  facet normal 0 -0 -1
    outer loop
      vertex 61.2648 55.3188 0
      vertex 63.3265 53.6788 0
      vertex 61.0429 54.9034 0
    endloop
  endfacet
  facet normal 0 0 -1
    outer loop
      vertex 61.2648 55.3188 0
      vertex 61.5032 55.7257 0
      vertex 63.6883 54.3352 0
    endloop
  endfacet
  facet normal 0 0 -1
    outer loop
      vertex 62.0288 56.5123 0
      vertex 62.3156 56.8913 0
      vertex 64.1057 54.9673 0
    endloop
  endfacet
  facet normal 0 -0 -1
    outer loop
      vertex 62.0288 56.5123 0
      vertex 64.1057 54.9673 0
      vertex 61.7579 56.1237 0
    endloop
  endfacet
  facet normal 0 0 -1
    outer loop
      vertex 62.3156 56.8913 0
      vertex 62.6182 57.26 0
      vertex 64.5787 55.5718 0
    endloop
  endfacet
  facet normal 0 0 -1
    outer loop
      vertex 62.9364 57.618 0
      vertex 63.27 57.965 0
      vertex 65.1074 56.145 0
    endloop
  endfacet
  facet normal 0 0 -1
    outer loop
      vertex 63.984 58.6168 0
      vertex 64.3562 58.9194 0
      vertex 65.6806 56.6737 0
    endloop
  endfacet
  facet normal 0 -0 -1
    outer loop
      vertex 63.984 58.6168 0
      vertex 65.6806 56.6737 0
      vertex 63.6218 58.2986 0
    endloop
  endfacet
  facet normal 0 0 -1
    outer loop
      vertex 64.7381 59.2062 0
      vertex 65.1291 59.4771 0
      vertex 66.285 57.1467 0
    endloop
  endfacet
  facet normal 0 -0 -1
    outer loop
      vertex 64.7381 59.2062 0
      vertex 66.285 57.1467 0
      vertex 64.3562 58.9194 0
    endloop
  endfacet
  facet normal 0 0 -1
    outer loop
      vertex 65.5291 59.7318 0
      vertex 65.9374 59.9702 0
      vertex 66.9172 57.5641 0
    endloop
  endfacet
  facet normal 0 -0 -1
    outer loop
      vertex 65.5291 59.7318 0
      vertex 66.9172 57.5641 0
      vertex 65.1291 59.4771 0
    endloop
  endfacet
  facet normal 0 0 -1
    outer loop
      vertex 66.354 60.1921 0
      vertex 66.7782 60.3973 0
      vertex 67.5736 57.9258 0
    endloop
  endfacet
  facet normal 0 -0 -1
    outer loop
      vertex 66.354 60.1921 0
      vertex 67.5736 57.9258 0
      vertex 65.9374 59.9702 0
    endloop
  endfacet
  facet normal 0 0 -1
    outer loop
      vertex 66.7782 60.3973 0
      vertex 67.2097 60.5856 0
      vertex 68.2508 58.2319 0
    endloop
  endfacet
  facet normal 0 0 -1
    outer loop
      vertex 68.0933 60.9108 0
      vertex 68.5446 61.0474 0
      vertex 68.9453 58.4823 0
    endloop
  endfacet
  facet normal 0 -0 -1
    outer loop
      vertex 68.0933 60.9108 0
      vertex 68.9453 58.4823 0
      vertex 67.6482 60.7569 0
    endloop
  endfacet
  facet normal -0 0 -1
    outer loop
      vertex 70.3725 58.8162 0
      vertex 69.6537 58.6771 0
      vertex 69.4642 61.2676 0
    endloop
  endfacet
  facet normal -0 0 -1
    outer loop
      vertex 71.0982 58.8997 0
      vertex 70.3725 58.8162 0
      vertex 70.404 61.4157 0
    endloop
  endfacet
  facet normal 0 -0 -1
    outer loop
      vertex 71.361 61.4906 0
      vertex 71.8273 58.9276 0
      vertex 71.0982 58.8997 0
    endloop
  endfacet
  facet normal 0 0 -1
    outer loop
      vertex 71.361 61.4906 0
      vertex 71.0982 58.8997 0
      vertex 70.8806 61.4624 0
    endloop
  endfacet
  facet normal 0 -0 -1
    outer loop
      vertex 71.845 61.5 0
      vertex 72.3266 61.4906 0
      vertex 71.8273 58.9276 0
    endloop
  endfacet
  facet normal 0 -0 -1
    outer loop
      vertex 72.8052 61.4624 0
      vertex 73.2802 61.4157 0
      vertex 72.5565 58.8997 0
    endloop
  endfacet
  facet normal 0 0 -1
    outer loop
      vertex 74.001 58.6771 0
      vertex 73.2822 58.8162 0
      vertex 74.2179 61.2676 0
    endloop
  endfacet
  facet normal 0 0 -1
    outer loop
      vertex 74.7094 58.4823 0
      vertex 74.001 58.6771 0
      vertex 75.1362 61.0474 0
    endloop
  endfacet
  facet normal 0 0 -1
    outer loop
      vertex 76.0315 60.7569 0
      vertex 75.4039 58.2319 0
      vertex 74.7094 58.4823 0
    endloop
  endfacet
  facet normal -0 0 -1
    outer loop
      vertex 76.0315 60.7569 0
      vertex 74.7094 58.4823 0
      vertex 75.5869 60.9108 0
    endloop
  endfacet
  facet normal 0 0 -1
    outer loop
      vertex 76.0811 57.9258 0
      vertex 75.4039 58.2319 0
      vertex 76.9002 60.3973 0
    endloop
  endfacet
  facet normal -0 0 -1
    outer loop
      vertex 77.7388 59.9702 0
      vertex 76.0811 57.9258 0
      vertex 77.3235 60.1921 0
    endloop
  endfacet
  facet normal -0 0 -1
    outer loop
      vertex 78.5437 59.4771 0
      vertex 76.7375 57.5641 0
      vertex 78.1457 59.7318 0
    endloop
  endfacet
  facet normal 0 0 -1
    outer loop
      vertex 79.3113 58.9194 0
      vertex 77.9741 56.6737 0
      vertex 77.3697 57.1467 0
    endloop
  endfacet
  facet normal -0 0 -1
    outer loop
      vertex 79.3113 58.9194 0
      vertex 77.3697 57.1467 0
      vertex 78.9324 59.2062 0
    endloop
  endfacet
  facet normal 0 0 -1
    outer loop
      vertex 78.5473 56.145 0
      vertex 80.385 57.965 0
      vertex 80.7 57.6325 0
    endloop
  endfacet
  facet normal -0 0 -1
    outer loop
      vertex 80.9535 57.3879 0
      vertex 78.8799 55.8125 0
      vertex 80.7 57.6325 0
    endloop
  endfacet
  facet normal 0 0 -1
    outer loop
      vertex 78.8799 55.8125 0
      vertex 80.9535 57.3879 0
      vertex 79.1999 55.5036 0
    endloop
  endfacet
  facet normal -0 0 -1
    outer loop
      vertex 81.7613 56.7121 0
      vertex 79.8692 54.9227 0
      vertex 81.4845 56.9275 0
    endloop
  endfacet
  facet normal 0 -0 -1
    outer loop
      vertex 81.7613 56.7121 0
      vertex 82.0453 56.5067 0
      vertex 80.2177 54.6511 0
    endloop
  endfacet
  facet normal 0 0 -1
    outer loop
      vertex 80.9404 54.1465 0
      vertex 80.5749 54.3923 0
      vertex 82.3361 56.3115 0
    endloop
  endfacet
  facet normal 0 0 -1
    outer loop
      vertex 82.6334 56.1266 0
      vertex 81.3139 53.9139 0
      vertex 80.9404 54.1465 0
    endloop
  endfacet
  facet normal 0 0 -1
    outer loop
      vertex 82.0832 53.4889 0
      vertex 81.695 53.6946 0
      vertex 83.2463 55.7884 0
    endloop
  endfacet
  facet normal -0 0 -1
    outer loop
      vertex 83.8814 55.4931 0
      vertex 82.4783 53.2969 0
      vertex 83.5612 55.6353 0
    endloop
  endfacet
  facet normal -0 0 -1
    outer loop
      vertex 84.2066 55.362 0
      vertex 82.8798 53.1188 0
      vertex 83.8814 55.4931 0
    endloop
  endfacet
  facet normal -0 0 -1
    outer loop
      vertex 86.5942 54.7651 0
      vertex 86.2776 52.2171 0
      vertex 86.2434 54.815 0
    endloop
  endfacet
  facet normal -0 0 -1
    outer loop
      vertex 90.9304 53.9609 0
      vertex 90.1757 51.5085 0
      vertex 90.2823 54.1459 0
    endloop
  endfacet
  facet normal 0 0 -1
    outer loop
      vertex 97.8244 21.2899 0
      vertex 96.1253 23.2423 0
      vertex 98.3882 21.7915 0
    endloop
  endfacet
  facet normal 0 0 -1
    outer loop
      vertex 97.9435 50.0861 0
      vertex 96.6908 47.7518 0
      vertex 96.2539 48.1449 0
    endloop
  endfacet
  facet normal 0 0 -1
    outer loop
      vertex 95.3433 48.8814 0
      vertex 94.8705 49.2243 0
      vertex 96.3483 51.3289 0
    endloop
  endfacet
  facet normal -0 0 -1
    outer loop
      vertex 96.8937 50.934 0
      vertex 95.3433 48.8814 0
      vertex 96.3483 51.3289 0
    endloop
  endfacet
  facet normal 0 0 -1
    outer loop
      vertex 93.8922 49.8583 0
      vertex 93.3878 50.149 0
      vertex 94.6373 52.394 0
    endloop
  endfacet
  facet normal -0 0 -1
    outer loop
      vertex 95.2195 52.0592 0
      vertex 93.8922 49.8583 0
      vertex 94.6373 52.394 0
    endloop
  endfacet
  facet normal 0 0 -1
    outer loop
      vertex 91.8186 50.9125 0
      vertex 91.2785 51.1301 0
      vertex 92.2028 53.5246 0
    endloop
  endfacet
  facet normal -0 0 -1
    outer loop
      vertex 92.8261 53.2738 0
      vertex 91.8186 50.9125 0
      vertex 92.2028 53.5246 0
    endloop
  endfacet
  facet normal 0 0 -1
    outer loop
      vertex 90.7307 51.3288 0
      vertex 91.5707 53.7538 0
      vertex 91.2785 51.1301 0
    endloop
  endfacet
  facet normal 0 0 -1
    outer loop
      vertex 91.2785 51.1301 0
      vertex 91.5707 53.7538 0
      vertex 92.2028 53.5246 0
    endloop
  endfacet
  facet normal 0 0 -1
    outer loop
      vertex 92.8261 53.2738 0
      vertex 92.3504 50.6763 0
      vertex 91.8186 50.9125 0
    endloop
  endfacet
  facet normal 0 0 -1
    outer loop
      vertex 92.3504 50.6763 0
      vertex 93.44 53.0015 0
      vertex 92.8737 50.4217 0
    endloop
  endfacet
  facet normal 0 -0 -1
    outer loop
      vertex 92.8261 53.2738 0
      vertex 93.44 53.0015 0
      vertex 92.3504 50.6763 0
    endloop
  endfacet
  facet normal 0 0 -1
    outer loop
      vertex 92.8737 50.4217 0
      vertex 94.0439 52.7082 0
      vertex 93.3878 50.149 0
    endloop
  endfacet
  facet normal 0 -0 -1
    outer loop
      vertex 93.44 53.0015 0
      vertex 94.0439 52.7082 0
      vertex 92.8737 50.4217 0
    endloop
  endfacet
  facet normal 0 0 -1
    outer loop
      vertex 93.3878 50.149 0
      vertex 94.0439 52.7082 0
      vertex 94.6373 52.394 0
    endloop
  endfacet
  facet normal 0 0 -1
    outer loop
      vertex 95.2195 52.0592 0
      vertex 94.3866 49.55 0
      vertex 93.8922 49.8583 0
    endloop
  endfacet
  facet normal 0 0 -1
    outer loop
      vertex 94.3866 49.55 0
      vertex 95.7901 51.7041 0
      vertex 94.8705 49.2243 0
    endloop
  endfacet
  facet normal 0 -0 -1
    outer loop
      vertex 95.2195 52.0592 0
      vertex 95.7901 51.7041 0
      vertex 94.3866 49.55 0
    endloop
  endfacet
  facet normal 0 0 -1
    outer loop
      vertex 94.8705 49.2243 0
      vertex 95.7901 51.7041 0
      vertex 96.3483 51.3289 0
    endloop
  endfacet
  facet normal 0 0 -1
    outer loop
      vertex 96.8937 50.934 0
      vertex 95.8046 48.5215 0
      vertex 95.3433 48.8814 0
    endloop
  endfacet
  facet normal 0 -0 -1
    outer loop
      vertex 96.8937 50.934 0
      vertex 97.4256 50.5197 0
      vertex 95.8046 48.5215 0
    endloop
  endfacet
  facet normal 0 0 -1
    outer loop
      vertex 96.2539 48.1449 0
      vertex 97.4256 50.5197 0
      vertex 97.9435 50.0861 0
    endloop
  endfacet
  facet normal 0 0 -1
    outer loop
      vertex 95.8046 48.5215 0
      vertex 97.4256 50.5197 0
      vertex 96.2539 48.1449 0
    endloop
  endfacet
  facet normal 0 -0 -1
    outer loop
      vertex 97.9435 50.0861 0
      vertex 98.4469 49.6336 0
      vertex 96.6908 47.7518 0
    endloop
  endfacet
  facet normal 0 0 -1
    outer loop
      vertex 97.1148 47.3425 0
      vertex 98.4469 49.6336 0
      vertex 98.935 49.1625 0
    endloop
  endfacet
  facet normal 0 0 -1
    outer loop
      vertex 96.6908 47.7518 0
      vertex 98.4469 49.6336 0
      vertex 97.1148 47.3425 0
    endloop
  endfacet
  facet normal 0 0 -1
    outer loop
      vertex 98.0275 46.3529 0
      vertex 97.1148 47.3425 0
      vertex 99.461 48.6155 0
    endloop
  endfacet
  facet normal 0 0 -1
    outer loop
      vertex 97.1148 47.3425 0
      vertex 98.935 49.1625 0
      vertex 99.461 48.6155 0
    endloop
  endfacet
  facet normal 0 0 -1
    outer loop
      vertex 98.0275 46.3529 0
      vertex 99.9626 48.0514 0
      vertex 100.439 47.4709 0
    endloop
  endfacet
  facet normal 0 0 -1
    outer loop
      vertex 98.8442 45.3097 0
      vertex 100.439 47.4709 0
      vertex 100.891 46.8745 0
    endloop
  endfacet
  facet normal 0 0 -1
    outer loop
      vertex 101.318 46.263 0
      vertex 99.5647 44.2189 0
      vertex 98.8442 45.3097 0
    endloop
  endfacet
  facet normal -0 0 -1
    outer loop
      vertex 101.318 46.263 0
      vertex 98.8442 45.3097 0
      vertex 100.891 46.8745 0
    endloop
  endfacet
  facet normal 0 -0 -1
    outer loop
      vertex 101.719 45.637 0
      vertex 102.094 44.9973 0
      vertex 99.5647 44.2189 0
    endloop
  endfacet
  facet normal -0 0 -1
    outer loop
      vertex 101.719 45.637 0
      vertex 99.5647 44.2189 0
      vertex 101.318 46.263 0
    endloop
  endfacet
  facet normal 0 0 -1
    outer loop
      vertex 99.5647 44.2189 0
      vertex 102.094 44.9973 0
      vertex 100.189 43.0863 0
    endloop
  endfacet
  facet normal 0 0 -1
    outer loop
      vertex 100.189 43.0863 0
      vertex 102.444 44.3445 0
      vertex 102.767 43.6794 0
    endloop
  endfacet
  facet normal 0 0 -1
    outer loop
      vertex 100.718 41.918 0
      vertex 102.767 43.6794 0
      vertex 103.063 43.0025 0
    endloop
  endfacet
  facet normal 0 -0 -1
    outer loop
      vertex 103.574 41.6163 0
      vertex 103.789 40.9084 0
      vertex 101.15 40.7199 0
    endloop
  endfacet
  facet normal 0 0 -1
    outer loop
      vertex 101.486 39.498 0
      vertex 103.976 40.1915 0
      vertex 104.135 39.4664 0
    endloop
  endfacet
  facet normal 0 -0 -1
    outer loop
      vertex 103.789 40.9084 0
      vertex 103.976 40.1915 0
      vertex 101.486 39.498 0
    endloop
  endfacet
  facet normal 0 0 -1
    outer loop
      vertex 101.726 38.2581 0
      vertex 104.135 39.4664 0
      vertex 104.266 38.7336 0
    endloop
  endfacet
  facet normal 0 -0 -1
    outer loop
      vertex 104.441 37.2479 0
      vertex 104.485 36.4964 0
      vertex 101.871 37.0064 0
    endloop
  endfacet
  facet normal 0 0 -1
    outer loop
      vertex 101.919 35.7487 0
      vertex 104.485 36.4964 0
      vertex 104.5 35.74 0
    endloop
  endfacet
  facet normal 0 0 -1
    outer loop
      vertex 101.871 34.4911 0
      vertex 104.441 34.2278 0
      vertex 104.368 33.4804 0
    endloop
  endfacet
  facet normal 0 0 -1
    outer loop
      vertex 104.485 34.9812 0
      vertex 104.441 34.2278 0
      vertex 101.871 34.4911 0
    endloop
  endfacet
  facet normal -0 0 -1
    outer loop
      vertex 104.266 32.7396 0
      vertex 104.135 32.0062 0
      vertex 101.726 33.2393 0
    endloop
  endfacet
  facet normal 0 0 -1
    outer loop
      vertex 101.486 31.9995 0
      vertex 103.976 31.2807 0
      vertex 103.789 30.5638 0
    endloop
  endfacet
  facet normal 0 0 -1
    outer loop
      vertex 104.135 32.0062 0
      vertex 103.976 31.2807 0
      vertex 101.486 31.9995 0
    endloop
  endfacet
  facet normal 0 0 -1
    outer loop
      vertex 101.15 30.7775 0
      vertex 103.789 30.5638 0
      vertex 103.574 29.8561 0
    endloop
  endfacet
  facet normal -0 0 -1
    outer loop
      vertex 103.063 28.4709 0
      vertex 102.767 27.7948 0
      vertex 100.718 29.5794 0
    endloop
  endfacet
  facet normal 0 0 -1
    outer loop
      vertex 100.189 28.4111 0
      vertex 102.444 27.1304 0
      vertex 102.094 26.4785 0
    endloop
  endfacet
  facet normal -0 0 -1
    outer loop
      vertex 102.767 27.7948 0
      vertex 102.444 27.1304 0
      vertex 100.189 28.4111 0
    endloop
  endfacet
  facet normal -0 0 -1
    outer loop
      vertex 101.719 25.8397 0
      vertex 101.318 25.2146 0
      vertex 99.5647 27.2786 0
    endloop
  endfacet
  facet normal 0 0 -1
    outer loop
      vertex 98.8442 26.1877 0
      vertex 100.891 24.6038 0
      vertex 100.439 24.0081 0
    endloop
  endfacet
  facet normal -0 0 -1
    outer loop
      vertex 101.318 25.2146 0
      vertex 100.891 24.6038 0
      vertex 98.8442 26.1877 0
    endloop
  endfacet
  facet normal 0 0 -1
    outer loop
      vertex 98.0275 25.1445 0
      vertex 100.439 24.0081 0
      vertex 99.9626 23.4281 0
    endloop
  endfacet
  facet normal -0 0 -1
    outer loop
      vertex 98.935 22.3175 0
      vertex 98.3882 21.7915 0
      vertex 97.1148 24.155 0
    endloop
  endfacet
  facet normal 0 0 -1
    outer loop
      vertex 97.2444 20.813 0
      vertex 95.0821 22.4257 0
      vertex 96.1253 23.2423 0
    endloop
  endfacet
  facet normal -0 0 -1
    outer loop
      vertex 96.6487 20.3611 0
      vertex 96.0379 19.9345 0
      vertex 95.0821 22.4257 0
    endloop
  endfacet
  facet normal -0 0 -1
    outer loop
      vertex 96.0379 19.9345 0
      vertex 95.4128 19.5334 0
      vertex 93.9913 21.7051 0
    endloop
  endfacet
  facet normal 0 -0 -1
    outer loop
      vertex 93.9913 21.7051 0
      vertex 94.774 19.1581 0
      vertex 92.8587 21.0806 0
    endloop
  endfacet
  facet normal 0 0 -1
    outer loop
      vertex 92.8587 21.0806 0
      vertex 94.1221 18.8088 0
      vertex 93.4577 18.4859 0
    endloop
  endfacet
  facet normal 0 0 -1
    outer loop
      vertex 91.6904 20.5522 0
      vertex 93.4577 18.4859 0
      vertex 92.7816 18.1897 0
    endloop
  endfacet
  facet normal 0 0 -1
    outer loop
      vertex 90.4923 20.1198 0
      vertex 91.6904 20.5522 0
      vertex 92.0943 17.9203 0
    endloop
  endfacet
  facet normal 0 0 -1
    outer loop
      vertex 90.6887 17.4635 0
      vertex 90.4923 20.1198 0
      vertex 91.3964 17.6782 0
    endloop
  endfacet
  facet normal 0 0 -1
    outer loop
      vertex 89.9718 17.2765 0
      vertex 89.2703 19.7836 0
      vertex 90.6887 17.4635 0
    endloop
  endfacet
  facet normal 0 0 -1
    outer loop
      vertex 89.2463 17.1175 0
      vertex 88.0305 19.5434 0
      vertex 89.2703 19.7836 0
    endloop
  endfacet
  facet normal -0 0 -1
    outer loop
      vertex 88.5128 16.9869 0
      vertex 87.7721 16.8847 0
      vertex 88.0305 19.5434 0
    endloop
  endfacet
  facet normal -0 0 -1
    outer loop
      vertex 87.7721 16.8847 0
      vertex 87.0247 16.8114 0
      vertex 86.7788 19.3993 0
    endloop
  endfacet
  facet normal 0 0 -1
    outer loop
      vertex 86.7788 19.3993 0
      vertex 86.2713 16.7673 0
      vertex 85.5211 19.3512 0
    endloop
  endfacet
  facet normal 0 0 1
    outer loop
      vertex 93.9913 21.7051 0.6
      vertex 94.774 19.1581 0.6
      vertex 95.4128 19.5334 0.6
    endloop
  endfacet
  facet normal 0 0 1
    outer loop
      vertex 95.0821 22.4257 0.6
      vertex 93.9913 21.7051 0.6
      vertex 96.0379 19.9345 0.6
    endloop
  endfacet
  facet normal 0 0 1
    outer loop
      vertex 92.8587 21.0806 0.6
      vertex 94.1221 18.8088 0.6
      vertex 94.774 19.1581 0.6
    endloop
  endfacet
  facet normal 0 0 1
    outer loop
      vertex 93.4577 18.4859 0.6
      vertex 92.8587 21.0806 0.6
      vertex 91.6904 20.5522 0.6
    endloop
  endfacet
  facet normal 0 0 1
    outer loop
      vertex 95.0821 22.4257 0.6
      vertex 96.6487 20.3611 0.6
      vertex 97.2444 20.813 0.6
    endloop
  endfacet
  facet normal 0 0 1
    outer loop
      vertex 91.6904 20.5522 0.6
      vertex 92.0943 17.9203 0.6
      vertex 92.7816 18.1897 0.6
    endloop
  endfacet
  facet normal 0 -0 1
    outer loop
      vertex 97.2444 20.813 0.6
      vertex 97.8244 21.2899 0.6
      vertex 96.1253 23.2423 0.6
    endloop
  endfacet
  facet normal 0 -0 1
    outer loop
      vertex 91.3964 17.6782 0.6
      vertex 92.0943 17.9203 0.6
      vertex 90.4923 20.1198 0.6
    endloop
  endfacet
  facet normal 0 0 1
    outer loop
      vertex 98.3882 21.7915 0.6
      vertex 97.1148 24.155 0.6
      vertex 96.1253 23.2423 0.6
    endloop
  endfacet
  facet normal 0 0 1
    outer loop
      vertex 90.4923 20.1198 0.6
      vertex 89.2703 19.7836 0.6
      vertex 90.6887 17.4635 0.6
    endloop
  endfacet
  facet normal 0 0 1
    outer loop
      vertex 99.461 22.8643 0.6
      vertex 97.1148 24.155 0.6
      vertex 98.935 22.3175 0.6
    endloop
  endfacet
  facet normal 0 0 1
    outer loop
      vertex 89.2463 17.1175 0.6
      vertex 89.9718 17.2765 0.6
      vertex 89.2703 19.7836 0.6
    endloop
  endfacet
  facet normal -0 0 1
    outer loop
      vertex 97.1148 24.155 0.6
      vertex 99.461 22.8643 0.6
      vertex 98.0275 25.1445 0.6
    endloop
  endfacet
  facet normal 0 0 1
    outer loop
      vertex 89.2463 17.1175 0.6
      vertex 88.0305 19.5434 0.6
      vertex 88.5128 16.9869 0.6
    endloop
  endfacet
  facet normal 0 0 1
    outer loop
      vertex 99.9626 23.4281 0.6
      vertex 98.0275 25.1445 0.6
      vertex 99.461 22.8643 0.6
    endloop
  endfacet
  facet normal -0 0 1
    outer loop
      vertex 86.7788 19.3993 0.6
      vertex 87.7721 16.8847 0.6
      vertex 88.0305 19.5434 0.6
    endloop
  endfacet
  facet normal 0 0 1
    outer loop
      vertex 98.8442 26.1877 0.6
      vertex 98.0275 25.1445 0.6
      vertex 100.439 24.0081 0.6
    endloop
  endfacet
  facet normal 0 0 1
    outer loop
      vertex 87.0247 16.8114 0.6
      vertex 86.7788 19.3993 0.6
      vertex 86.2713 16.7673 0.6
    endloop
  endfacet
  facet normal 0 -0 1
    outer loop
      vertex 74.9871 19.9345 0.6
      vertex 75.9601 22.4257 0.6
      vertex 74.3764 20.3611 0.6
    endloop
  endfacet
  facet normal 0 0 1
    outer loop
      vertex 104.368 37.9939 0.6
      vertex 101.871 37.0064 0.6
      vertex 104.441 37.2479 0.6
    endloop
  endfacet
  facet normal 0 0 1
    outer loop
      vertex 101.871 34.4911 0.6
      vertex 104.485 34.9812 0.6
      vertex 101.919 35.7487 0.6
    endloop
  endfacet
  facet normal 0 0 1
    outer loop
      vertex 101.871 34.4911 0.6
      vertex 101.726 33.2393 0.6
      vertex 104.368 33.4804 0.6
    endloop
  endfacet
  facet normal 0 0 1
    outer loop
      vertex 101.726 33.2393 0.6
      vertex 101.486 31.9995 0.6
      vertex 104.135 32.0062 0.6
    endloop
  endfacet
  facet normal 0 0 1
    outer loop
      vertex 104.368 33.4804 0.6
      vertex 101.726 33.2393 0.6
      vertex 104.266 32.7396 0.6
    endloop
  endfacet
  facet normal -0 0 1
    outer loop
      vertex 101.15 30.7775 0.6
      vertex 103.789 30.5638 0.6
      vertex 101.486 31.9995 0.6
    endloop
  endfacet
  facet normal 0 0 1
    outer loop
      vertex 103.574 29.8561 0.6
      vertex 101.15 30.7775 0.6
      vertex 103.332 29.1582 0.6
    endloop
  endfacet
  facet normal 0 0 1
    outer loop
      vertex 103.332 29.1582 0.6
      vertex 101.15 30.7775 0.6
      vertex 100.718 29.5794 0.6
    endloop
  endfacet
  facet normal 0 0 1
    outer loop
      vertex 104.5 35.74 0.6
      vertex 101.919 35.7487 0.6
      vertex 104.485 34.9812 0.6
    endloop
  endfacet
  facet normal 0 0 1
    outer loop
      vertex 103.332 29.1582 0.6
      vertex 100.718 29.5794 0.6
      vertex 103.063 28.4709 0.6
    endloop
  endfacet
  facet normal 0 0 1
    outer loop
      vertex 101.871 37.0064 0.6
      vertex 101.919 35.7487 0.6
      vertex 104.485 36.4964 0.6
    endloop
  endfacet
  facet normal -0 0 1
    outer loop
      vertex 100.189 28.4111 0.6
      vertex 102.767 27.7948 0.6
      vertex 100.718 29.5794 0.6
    endloop
  endfacet
  facet normal 0 -0 1
    outer loop
      vertex 101.871 37.0064 0.6
      vertex 104.368 37.9939 0.6
      vertex 101.726 38.2581 0.6
    endloop
  endfacet
  facet normal 0 0 1
    outer loop
      vertex 102.094 26.4785 0.6
      vertex 100.189 28.4111 0.6
      vertex 99.5647 27.2786 0.6
    endloop
  endfacet
  facet normal 0 0 1
    outer loop
      vertex 104.266 38.7336 0.6
      vertex 101.726 38.2581 0.6
      vertex 104.368 37.9939 0.6
    endloop
  endfacet
  facet normal -0 0 1
    outer loop
      vertex 89.6139 51.6689 0.6
      vertex 90.1757 51.5085 0.6
      vertex 90.2823 54.1459 0.6
    endloop
  endfacet
  facet normal 0 0 1
    outer loop
      vertex 103.332 42.3146 0.6
      vertex 100.718 41.918 0.6
      vertex 101.15 40.7199 0.6
    endloop
  endfacet
  facet normal 0 0 1
    outer loop
      vertex 103.063 43.0025 0.6
      vertex 100.718 41.918 0.6
      vertex 103.332 42.3146 0.6
    endloop
  endfacet
  facet normal 0 0 1
    outer loop
      vertex 98.0275 46.3529 0.6
      vertex 99.9626 48.0514 0.6
      vertex 99.461 48.6155 0.6
    endloop
  endfacet
  facet normal 0 -0 1
    outer loop
      vertex 98.8442 45.3097 0.6
      vertex 100.439 47.4709 0.6
      vertex 98.0275 46.3529 0.6
    endloop
  endfacet
  facet normal 0 0 1
    outer loop
      vertex 102.444 44.3445 0.6
      vertex 102.094 44.9973 0.6
      vertex 100.189 43.0863 0.6
    endloop
  endfacet
  facet normal 0 0 1
    outer loop
      vertex 102.767 43.6794 0.6
      vertex 100.189 43.0863 0.6
      vertex 100.718 41.918 0.6
    endloop
  endfacet
  facet normal 0 0 1
    outer loop
      vertex 91.5707 53.7538 0.6
      vertex 90.9304 53.9609 0.6
      vertex 90.7307 51.3288 0.6
    endloop
  endfacet
  facet normal 0 0 1
    outer loop
      vertex 103.332 42.3146 0.6
      vertex 101.15 40.7199 0.6
      vertex 103.574 41.6163 0.6
    endloop
  endfacet
  facet normal -0 0 1
    outer loop
      vertex 90.1757 51.5085 0.6
      vertex 90.7307 51.3288 0.6
      vertex 90.9304 53.9609 0.6
    endloop
  endfacet
  facet normal 0 -0 1
    outer loop
      vertex 101.486 39.498 0.6
      vertex 103.789 40.9084 0.6
      vertex 101.15 40.7199 0.6
    endloop
  endfacet
  facet normal 0 0 1
    outer loop
      vertex 104.135 39.4664 0.6
      vertex 101.486 39.498 0.6
      vertex 101.726 38.2581 0.6
    endloop
  endfacet
  facet normal 0 0 1
    outer loop
      vertex 102.094 26.4785 0.6
      vertex 99.5647 27.2786 0.6
      vertex 101.719 25.8397 0.6
    endloop
  endfacet
  facet normal 0 0 1
    outer loop
      vertex 89.6139 51.6689 0.6
      vertex 90.2823 54.1459 0.6
      vertex 89.6272 54.3083 0.6
    endloop
  endfacet
  facet normal 0 0 1
    outer loop
      vertex 88.2981 54.5646 0.6
      vertex 87.6252 54.6578 0.6
      vertex 87.8926 52.0316 0.6
    endloop
  endfacet
  facet normal 0 0 1
    outer loop
      vertex 87.6252 54.6578 0.6
      vertex 87.3084 52.1123 0.6
      vertex 87.8926 52.0316 0.6
    endloop
  endfacet
  facet normal 0 0 1
    outer loop
      vertex 73.518 24.579 0.6
      vertex 71.6187 22.8058 0.6
      vertex 73.9273 24.155 0.6
    endloop
  endfacet
  facet normal -0 0 1
    outer loop
      vertex 86.2776 52.2171 0.6
      vertex 86.7198 52.1725 0.6
      vertex 86.5942 54.7651 0.6
    endloop
  endfacet
  facet normal 0 0 1
    outer loop
      vertex 85.8952 54.8768 0.6
      vertex 85.8383 52.2773 0.6
      vertex 86.2434 54.815 0.6
    endloop
  endfacet
  facet normal 0 0 1
    outer loop
      vertex 85.5502 54.9506 0.6
      vertex 85.4025 52.3528 0.6
      vertex 85.8952 54.8768 0.6
    endloop
  endfacet
  facet normal -0 0 1
    outer loop
      vertex 84.9704 52.4436 0.6
      vertex 85.4025 52.3528 0.6
      vertex 85.5502 54.9506 0.6
    endloop
  endfacet
  facet normal 0 0 1
    outer loop
      vertex 69.5446 25.4657 0.6
      vertex 72.0455 26.3994 0.6
      vertex 71.7198 26.8832 0.6
    endloop
  endfacet
  facet normal 0 0 1
    outer loop
      vertex 84.8704 55.1334 0.6
      vertex 84.119 52.6699 0.6
      vertex 84.5424 52.5493 0.6
    endloop
  endfacet
  facet normal -0 0 1
    outer loop
      vertex 83.7005 52.8052 0.6
      vertex 84.119 52.6699 0.6
      vertex 84.8704 55.1334 0.6
    endloop
  endfacet
  facet normal 0 -0 1
    outer loop
      vertex 68.8524 26.6203 0.6
      vertex 71.1209 27.8821 0.6
      vertex 68.5369 27.2144 0.6
    endloop
  endfacet
  facet normal 0 -0 1
    outer loop
      vertex 83.7005 52.8052 0.6
      vertex 84.5363 55.242 0.6
      vertex 83.2873 52.9549 0.6
    endloop
  endfacet
  facet normal 0 0 1
    outer loop
      vertex 71.1209 27.8821 0.6
      vertex 70.8482 28.3961 0.6
      vertex 68.5369 27.2144 0.6
    endloop
  endfacet
  facet normal 0 -0 1
    outer loop
      vertex 67.7166 29.0572 0.6
      vertex 70.1398 29.9913 0.6
      vertex 67.4862 29.6895 0.6
    endloop
  endfacet
  facet normal 0 0 1
    outer loop
      vertex 70.1398 29.9913 0.6
      vertex 69.941 30.5391 0.6
      vertex 67.4862 29.6895 0.6
    endloop
  endfacet
  facet normal 0 0 1
    outer loop
      vertex 84.2066 55.362 0.6
      vertex 82.8798 53.1188 0.6
      vertex 83.2873 52.9549 0.6
    endloop
  endfacet
  facet normal 0 0 1
    outer loop
      vertex 66.7881 32.2926 0.6
      vertex 66.9285 31.632 0.6
      vertex 69.4602 32.224 0.6
    endloop
  endfacet
  facet normal 0 0 1
    outer loop
      vertex 68.9878 35.4268 0.6
      vertex 66.4248 35.0086 0.6
      vertex 69.0502 34.9897 0.6
    endloop
  endfacet
  facet normal 0 0 1
    outer loop
      vertex 68.5885 37.1393 0.6
      vertex 66.0049 36.712 0.6
      vertex 66.1127 36.3788 0.6
    endloop
  endfacet
  facet normal 0 0 1
    outer loop
      vertex 65.8856 37.0408 0.6
      vertex 68.3013 37.9688 0.6
      vertex 68.1364 38.3755 0.6
    endloop
  endfacet
  facet normal 0 0 1
    outer loop
      vertex 67.7651 39.1707 0.6
      vertex 65.6128 37.6847 0.6
      vertex 67.9576 38.7762 0.6
    endloop
  endfacet
  facet normal 0 -0 1
    outer loop
      vertex 77.3697 57.1467 0.6
      vertex 78.5437 59.4771 0.6
      vertex 76.7375 57.5641 0.6
    endloop
  endfacet
  facet normal 0 0 1
    outer loop
      vertex 67.6482 60.7569 0.6
      vertex 68.2508 58.2319 0.6
      vertex 68.9453 58.4823 0.6
    endloop
  endfacet
  facet normal 0 0 1
    outer loop
      vertex 66.8604 40.6777 0.6
      vertex 66.6014 41.0348 0.6
      vertex 64.7381 39.1998 0.6
    endloop
  endfacet
  facet normal 0 0 1
    outer loop
      vertex 65.1074 42.705 0.6
      vertex 63.27 40.885 0.6
      vertex 63.6025 40.5525 0.6
    endloop
  endfacet
  facet normal 0 0 1
    outer loop
      vertex 65.1074 42.705 0.6
      vertex 63.6025 40.5525 0.6
      vertex 65.4398 42.3725 0.6
    endloop
  endfacet
  facet normal 0 0 1
    outer loop
      vertex 64.5787 55.5718 0.6
      vertex 62.3156 56.8913 0.6
      vertex 64.1057 54.9673 0.6
    endloop
  endfacet
  facet normal -0 0 1
    outer loop
      vertex 60.6494 44.8006 0.6
      vertex 60.8377 44.3698 0.6
      vertex 63.0205 45.8484 0.6
    endloop
  endfacet
  facet normal 0 0 1
    outer loop
      vertex 60.8377 54.4802 0.6
      vertex 60.6494 54.0494 0.6
      vertex 63.0205 53.0016 0.6
    endloop
  endfacet
  facet normal 0 0 1
    outer loop
      vertex 63.0205 53.0016 0.6
      vertex 60.4781 53.6115 0.6
      vertex 62.7701 52.3071 0.6
    endloop
  endfacet
  facet normal 0 -0 1
    outer loop
      vertex 67.5736 57.9258 0.6
      vertex 68.2508 58.2319 0.6
      vertex 66.7782 60.3973 0.6
    endloop
  endfacet
  facet normal 0 0 1
    outer loop
      vertex 70.8806 61.4624 0.6
      vertex 70.404 61.4157 0.6
      vertex 71.0982 58.8997 0.6
    endloop
  endfacet
  facet normal 0 0 1
    outer loop
      vertex 75.1362 61.0474 0.6
      vertex 74.6797 61.1664 0.6
      vertex 74.001 58.6771 0.6
    endloop
  endfacet
  facet normal 0 0 1
    outer loop
      vertex 72.8052 61.4624 0.6
      vertex 72.3266 61.4906 0.6
      vertex 72.5565 58.8997 0.6
    endloop
  endfacet
  facet normal 0 0 1
    outer loop
      vertex 78.1457 59.7318 0.6
      vertex 77.7388 59.9702 0.6
      vertex 76.7375 57.5641 0.6
    endloop
  endfacet
  facet normal 0 0 1
    outer loop
      vertex 77.7388 59.9702 0.6
      vertex 76.0811 57.9258 0.6
      vertex 76.7375 57.5641 0.6
    endloop
  endfacet
  facet normal 0 0 1
    outer loop
      vertex 77.3235 60.1921 0.6
      vertex 76.9002 60.3973 0.6
      vertex 76.0811 57.9258 0.6
    endloop
  endfacet
  facet normal 0 0 1
    outer loop
      vertex 76.9002 60.3973 0.6
      vertex 76.4694 60.5856 0.6
      vertex 75.4039 58.2319 0.6
    endloop
  endfacet
  facet normal 0 0 1
    outer loop
      vertex 76.4694 60.5856 0.6
      vertex 76.0315 60.7569 0.6
      vertex 75.4039 58.2319 0.6
    endloop
  endfacet
  facet normal 0 0 1
    outer loop
      vertex 74.6797 61.1664 0.6
      vertex 74.2179 61.2676 0.6
      vertex 74.001 58.6771 0.6
    endloop
  endfacet
  facet normal 0 -0 1
    outer loop
      vertex 73.2822 58.8162 0.6
      vertex 73.7513 61.3508 0.6
      vertex 73.2802 61.4157 0.6
    endloop
  endfacet
  facet normal 0 0 1
    outer loop
      vertex 73.2822 58.8162 0.6
      vertex 73.2802 61.4157 0.6
      vertex 72.5565 58.8997 0.6
    endloop
  endfacet
  facet normal 0 0 1
    outer loop
      vertex 74.2179 61.2676 0.6
      vertex 73.7513 61.3508 0.6
      vertex 73.2822 58.8162 0.6
    endloop
  endfacet
  facet normal 0 0 1
    outer loop
      vertex 72.5565 58.8997 0.6
      vertex 72.3266 61.4906 0.6
      vertex 71.8273 58.9276 0.6
    endloop
  endfacet
  facet normal 0 0 1
    outer loop
      vertex 75.5869 60.9108 0.6
      vertex 75.1362 61.0474 0.6
      vertex 74.7094 58.4823 0.6
    endloop
  endfacet
  facet normal -0 0 1
    outer loop
      vertex 71.361 61.4906 0.6
      vertex 71.8273 58.9276 0.6
      vertex 71.845 61.5 0.6
    endloop
  endfacet
  facet normal 0 0 1
    outer loop
      vertex 70.404 61.4157 0.6
      vertex 69.9318 61.3508 0.6
      vertex 70.3725 58.8162 0.6
    endloop
  endfacet
  facet normal 0 0 1
    outer loop
      vertex 69.9318 61.3508 0.6
      vertex 69.4642 61.2676 0.6
      vertex 70.3725 58.8162 0.6
    endloop
  endfacet
  facet normal 0 0 1
    outer loop
      vertex 69.4642 61.2676 0.6
      vertex 69.0017 61.1664 0.6
      vertex 69.6537 58.6771 0.6
    endloop
  endfacet
  facet normal 0 0 1
    outer loop
      vertex 69.0017 61.1664 0.6
      vertex 68.5446 61.0474 0.6
      vertex 69.6537 58.6771 0.6
    endloop
  endfacet
  facet normal 0 -0 1
    outer loop
      vertex 66.9172 57.5641 0.6
      vertex 67.5736 57.9258 0.6
      vertex 65.9374 59.9702 0.6
    endloop
  endfacet
  facet normal 0 0 1
    outer loop
      vertex 65.1291 59.4771 0.6
      vertex 66.285 57.1467 0.6
      vertex 66.9172 57.5641 0.6
    endloop
  endfacet
  facet normal 0 -0 1
    outer loop
      vertex 65.6806 56.6737 0.6
      vertex 66.285 57.1467 0.6
      vertex 64.3562 58.9194 0.6
    endloop
  endfacet
  facet normal 0 0 1
    outer loop
      vertex 67.6482 60.7569 0.6
      vertex 67.2097 60.5856 0.6
      vertex 68.2508 58.2319 0.6
    endloop
  endfacet
  facet normal 0 0 1
    outer loop
      vertex 65.6806 56.6737 0.6
      vertex 63.6218 58.2986 0.6
      vertex 65.1074 56.145 0.6
    endloop
  endfacet
  facet normal 0 0 1
    outer loop
      vertex 63.6218 58.2986 0.6
      vertex 63.27 57.965 0.6
      vertex 65.1074 56.145 0.6
    endloop
  endfacet
  facet normal 0 0 1
    outer loop
      vertex 63.6883 44.5148 0.6
      vertex 61.7579 42.7263 0.6
      vertex 64.1057 43.8827 0.6
    endloop
  endfacet
  facet normal 0 0 1
    outer loop
      vertex 61.2648 43.5312 0.6
      vertex 63.6883 44.5148 0.6
      vertex 63.3265 45.1712 0.6
    endloop
  endfacet
  facet normal 0 0 1
    outer loop
      vertex 62.3248 49.425 0.6
      vertex 59.7444 48.9434 0.6
      vertex 62.3527 48.6958 0.6
    endloop
  endfacet
  facet normal -0 0 1
    outer loop
      vertex 60.8377 54.4802 0.6
      vertex 63.3265 53.6788 0.6
      vertex 61.0429 54.9034 0.6
    endloop
  endfacet
  facet normal 0 0 1
    outer loop
      vertex 61.7579 56.1237 0.6
      vertex 61.5032 55.7257 0.6
      vertex 63.6883 54.3352 0.6
    endloop
  endfacet
  facet normal 0 0 1
    outer loop
      vertex 64.1057 54.9673 0.6
      vertex 61.7579 56.1237 0.6
      vertex 63.6883 54.3352 0.6
    endloop
  endfacet
  facet normal 0 0 1
    outer loop
      vertex 60.6494 54.0494 0.6
      vertex 60.4781 53.6115 0.6
      vertex 63.0205 53.0016 0.6
    endloop
  endfacet
  facet normal 0 0 1
    outer loop
      vertex 62.4361 50.8799 0.6
      vertex 59.8192 50.8602 0.6
      vertex 62.3527 50.1542 0.6
    endloop
  endfacet
  facet normal 0 0 1
    outer loop
      vertex 62.5753 51.5987 0.6
      vertex 59.9675 51.7979 0.6
      vertex 62.4361 50.8799 0.6
    endloop
  endfacet
  facet normal 0 0 1
    outer loop
      vertex 62.4361 47.9701 0.6
      vertex 59.9675 47.0521 0.6
      vertex 62.5753 47.2513 0.6
    endloop
  endfacet
  facet normal 0 0 1
    outer loop
      vertex 60.3241 53.1669 0.6
      vertex 60.1876 52.7162 0.6
      vertex 62.7701 52.3071 0.6
    endloop
  endfacet
  facet normal 0 0 1
    outer loop
      vertex 63.3265 45.1712 0.6
      vertex 63.0205 45.8484 0.6
      vertex 60.8377 44.3698 0.6
    endloop
  endfacet
  facet normal 0 -0 1
    outer loop
      vertex 61.2648 43.5312 0.6
      vertex 63.3265 45.1712 0.6
      vertex 61.0429 43.9465 0.6
    endloop
  endfacet
  facet normal 0 -0 1
    outer loop
      vertex 61.5032 43.1243 0.6
      vertex 63.6883 44.5148 0.6
      vertex 61.2648 43.5312 0.6
    endloop
  endfacet
  facet normal 0 -0 1
    outer loop
      vertex 61.7579 42.7263 0.6
      vertex 63.6883 44.5148 0.6
      vertex 61.5032 43.1243 0.6
    endloop
  endfacet
  facet normal 0 0 1
    outer loop
      vertex 62.9364 57.618 0.6
      vertex 62.6182 57.26 0.6
      vertex 64.5787 55.5718 0.6
    endloop
  endfacet
  facet normal 0 0 1
    outer loop
      vertex 62.3156 41.9587 0.6
      vertex 64.5787 43.2782 0.6
      vertex 64.1057 43.8827 0.6
    endloop
  endfacet
  facet normal 0 0 1
    outer loop
      vertex 66.6014 41.0348 0.6
      vertex 66.3297 41.3832 0.6
      vertex 64.5313 39.4844 0.6
    endloop
  endfacet
  facet normal 0 -0 1
    outer loop
      vertex 64.5313 39.4844 0.6
      vertex 66.3297 41.3832 0.6
      vertex 64.3142 39.7623 0.6
    endloop
  endfacet
  facet normal 0 0 1
    outer loop
      vertex 62.9364 41.2319 0.6
      vertex 65.1074 42.705 0.6
      vertex 64.5787 43.2782 0.6
    endloop
  endfacet
  facet normal -0 0 1
    outer loop
      vertex 63.6025 40.5525 0.6
      vertex 63.8497 40.2966 0.6
      vertex 65.4398 42.3725 0.6
    endloop
  endfacet
  facet normal 0 0 1
    outer loop
      vertex 66.0455 41.7225 0.6
      vertex 65.7488 42.0524 0.6
      vertex 64.0869 40.0331 0.6
    endloop
  endfacet
  facet normal 0 -0 1
    outer loop
      vertex 64.0869 40.0331 0.6
      vertex 65.7488 42.0524 0.6
      vertex 63.8497 40.2966 0.6
    endloop
  endfacet
  facet normal 0 0 1
    outer loop
      vertex 65.7488 42.0524 0.6
      vertex 65.4398 42.3725 0.6
      vertex 63.8497 40.2966 0.6
    endloop
  endfacet
  facet normal 0 0 1
    outer loop
      vertex 66.0455 41.7225 0.6
      vertex 64.0869 40.0331 0.6
      vertex 64.3142 39.7623 0.6
    endloop
  endfacet
  facet normal 0 0 1
    outer loop
      vertex 66.0455 41.7225 0.6
      vertex 64.3142 39.7623 0.6
      vertex 66.3297 41.3832 0.6
    endloop
  endfacet
  facet normal -0 0 1
    outer loop
      vertex 62.9364 41.2319 0.6
      vertex 63.27 40.885 0.6
      vertex 65.1074 42.705 0.6
    endloop
  endfacet
  facet normal 0 -0 1
    outer loop
      vertex 62.9364 41.2319 0.6
      vertex 64.5787 43.2782 0.6
      vertex 62.6182 41.59 0.6
    endloop
  endfacet
  facet normal 0 -0 1
    outer loop
      vertex 64.7381 39.1998 0.6
      vertex 66.6014 41.0348 0.6
      vertex 64.5313 39.4844 0.6
    endloop
  endfacet
  facet normal 0 0 1
    outer loop
      vertex 64.5787 43.2782 0.6
      vertex 62.3156 41.9587 0.6
      vertex 62.6182 41.59 0.6
    endloop
  endfacet
  facet normal 0 0 1
    outer loop
      vertex 66.8604 40.6777 0.6
      vertex 64.7381 39.1998 0.6
      vertex 64.9345 38.9087 0.6
    endloop
  endfacet
  facet normal 0 -0 1
    outer loop
      vertex 62.3156 41.9587 0.6
      vertex 64.1057 43.8827 0.6
      vertex 62.0288 42.3376 0.6
    endloop
  endfacet
  facet normal 0 0 1
    outer loop
      vertex 64.1057 43.8827 0.6
      vertex 61.7579 42.7263 0.6
      vertex 62.0288 42.3376 0.6
    endloop
  endfacet
  facet normal 0 0 1
    outer loop
      vertex 62.9364 57.618 0.6
      vertex 64.5787 55.5718 0.6
      vertex 65.1074 56.145 0.6
    endloop
  endfacet
  facet normal 0 0 1
    outer loop
      vertex 69.6537 58.6771 0.6
      vertex 68.5446 61.0474 0.6
      vertex 68.9453 58.4823 0.6
    endloop
  endfacet
  facet normal 0 0 1
    outer loop
      vertex 67.1064 40.3124 0.6
      vertex 66.8604 40.6777 0.6
      vertex 64.9345 38.9087 0.6
    endloop
  endfacet
  facet normal 0 0 1
    outer loop
      vertex 67.3393 39.9392 0.6
      vertex 67.1064 40.3124 0.6
      vertex 65.1203 38.6113 0.6
    endloop
  endfacet
  facet normal 0 0 1
    outer loop
      vertex 67.5589 39.5585 0.6
      vertex 67.3393 39.9392 0.6
      vertex 65.2954 38.308 0.6
    endloop
  endfacet
  facet normal 0 0 1
    outer loop
      vertex 67.3393 39.9392 0.6
      vertex 65.1203 38.6113 0.6
      vertex 65.2954 38.308 0.6
    endloop
  endfacet
  facet normal 0 0 1
    outer loop
      vertex 67.5589 39.5585 0.6
      vertex 65.4596 37.999 0.6
      vertex 67.7651 39.1707 0.6
    endloop
  endfacet
  facet normal 0 0 1
    outer loop
      vertex 65.7549 37.3652 0.6
      vertex 68.1364 38.3755 0.6
      vertex 67.9576 38.7762 0.6
    endloop
  endfacet
  facet normal 0 0 1
    outer loop
      vertex 77.9741 56.6737 0.6
      vertex 80.038 58.2986 0.6
      vertex 79.68 58.6168 0.6
    endloop
  endfacet
  facet normal 0 0 1
    outer loop
      vertex 78.5473 56.145 0.6
      vertex 80.385 57.965 0.6
      vertex 80.038 58.2986 0.6
    endloop
  endfacet
  facet normal 0 0 1
    outer loop
      vertex 68.452 37.5566 0.6
      vertex 65.8856 37.0408 0.6
      vertex 66.0049 36.712 0.6
    endloop
  endfacet
  facet normal 0 0 1
    outer loop
      vertex 68.3013 37.9688 0.6
      vertex 65.8856 37.0408 0.6
      vertex 68.452 37.5566 0.6
    endloop
  endfacet
  facet normal 0 -0 1
    outer loop
      vertex 66.2928 35.7006 0.6
      vertex 68.8178 36.2909 0.6
      vertex 66.2087 36.0416 0.6
    endloop
  endfacet
  facet normal 0 0 1
    outer loop
      vertex 68.9103 35.8606 0.6
      vertex 66.3649 35.3563 0.6
      vertex 68.9878 35.4268 0.6
    endloop
  endfacet
  facet normal 0 0 1
    outer loop
      vertex 68.452 37.5566 0.6
      vertex 66.0049 36.712 0.6
      vertex 68.5885 37.1393 0.6
    endloop
  endfacet
  facet normal 0 -0 1
    outer loop
      vertex 80.2177 54.6511 0.6
      vertex 81.7613 56.7121 0.6
      vertex 79.8692 54.9227 0.6
    endloop
  endfacet
  facet normal -0 0 1
    outer loop
      vertex 66.1127 36.3788 0.6
      vertex 66.2087 36.0416 0.6
      vertex 68.7104 36.7173 0.6
    endloop
  endfacet
  facet normal 0 -0 1
    outer loop
      vertex 66.3649 35.3563 0.6
      vertex 68.9103 35.8606 0.6
      vertex 66.2928 35.7006 0.6
    endloop
  endfacet
  facet normal -0 0 1
    outer loop
      vertex 66.3649 35.3563 0.6
      vertex 66.4248 35.0086 0.6
      vertex 68.9878 35.4268 0.6
    endloop
  endfacet
  facet normal 0 0 1
    outer loop
      vertex 66.4248 35.0086 0.6
      vertex 66.4724 34.6581 0.6
      vertex 69.0502 34.9897 0.6
    endloop
  endfacet
  facet normal -0 0 1
    outer loop
      vertex 66.5075 34.305 0.6
      vertex 69.1575 33.9614 0.6
      vertex 69.0974 34.55 0.6
    endloop
  endfacet
  facet normal 0 0 1
    outer loop
      vertex 81.3139 53.9139 0.6
      vertex 82.9369 55.9522 0.6
      vertex 82.6334 56.1266 0.6
    endloop
  endfacet
  facet normal 0 -0 1
    outer loop
      vertex 66.6709 32.9587 0.6
      vertex 69.2383 33.3773 0.6
      vertex 66.5773 33.6297 0.6
    endloop
  endfacet
  facet normal -0 0 1
    outer loop
      vertex 66.7881 32.2926 0.6
      vertex 69.4602 32.224 0.6
      vertex 69.3392 32.798 0.6
    endloop
  endfacet
  facet normal 0 0 1
    outer loop
      vertex 66.9285 31.632 0.6
      vertex 69.601 31.6559 0.6
      vertex 69.4602 32.224 0.6
    endloop
  endfacet
  facet normal 0 0 1
    outer loop
      vertex 67.0919 30.9775 0.6
      vertex 69.7614 31.0941 0.6
      vertex 69.601 31.6559 0.6
    endloop
  endfacet
  facet normal 0 0 1
    outer loop
      vertex 83.5612 55.6353 0.6
      vertex 82.0832 53.4889 0.6
      vertex 82.4783 53.2969 0.6
    endloop
  endfacet
  facet normal 0 0 1
    outer loop
      vertex 69.7614 31.0941 0.6
      vertex 67.0919 30.9775 0.6
      vertex 67.2778 30.3298 0.6
    endloop
  endfacet
  facet normal -0 0 1
    outer loop
      vertex 82.4783 53.2969 0.6
      vertex 82.8798 53.1188 0.6
      vertex 83.8814 55.4931 0.6
    endloop
  endfacet
  facet normal 0 -0 1
    outer loop
      vertex 69.1884 26.0372 0.6
      vertex 71.4115 27.3776 0.6
      vertex 68.8524 26.6203 0.6
    endloop
  endfacet
  facet normal 0 0 1
    outer loop
      vertex 85.2085 55.0362 0.6
      vertex 84.8704 55.1334 0.6
      vertex 84.5424 52.5493 0.6
    endloop
  endfacet
  facet normal 0 -0 1
    outer loop
      vertex 84.9704 52.4436 0.6
      vertex 85.2085 55.0362 0.6
      vertex 84.5424 52.5493 0.6
    endloop
  endfacet
  facet normal 0 0 1
    outer loop
      vertex 84.9704 52.4436 0.6
      vertex 85.5502 54.9506 0.6
      vertex 85.2085 55.0362 0.6
    endloop
  endfacet
  facet normal 0 0 1
    outer loop
      vertex 72.3885 25.9266 0.6
      vertex 69.9208 24.9067 0.6
      vertex 70.3166 24.3605 0.6
    endloop
  endfacet
  facet normal 0 0 1
    outer loop
      vertex 72.3885 25.9266 0.6
      vertex 70.3166 24.3605 0.6
      vertex 72.7483 25.4652 0.6
    endloop
  endfacet
  facet normal -0 0 1
    outer loop
      vertex 85.4025 52.3528 0.6
      vertex 85.8383 52.2773 0.6
      vertex 85.8952 54.8768 0.6
    endloop
  endfacet
  facet normal 0 0 1
    outer loop
      vertex 70.7318 23.8279 0.6
      vertex 73.1249 25.0159 0.6
      vertex 72.7483 25.4652 0.6
    endloop
  endfacet
  facet normal 0 0 1
    outer loop
      vertex 71.1659 23.3094 0.6
      vertex 73.518 24.579 0.6
      vertex 73.1249 25.0159 0.6
    endloop
  endfacet
  facet normal -0 0 1
    outer loop
      vertex 85.8383 52.2773 0.6
      vertex 86.2776 52.2171 0.6
      vertex 86.2434 54.815 0.6
    endloop
  endfacet
  facet normal 0 0 1
    outer loop
      vertex 73.518 24.579 0.6
      vertex 71.1659 23.3094 0.6
      vertex 71.6187 22.8058 0.6
    endloop
  endfacet
  facet normal 0 -0 1
    outer loop
      vertex 86.7198 52.1725 0.6
      vertex 86.9475 54.7275 0.6
      vertex 86.5942 54.7651 0.6
    endloop
  endfacet
  facet normal -0 0 1
    outer loop
      vertex 86.7198 52.1725 0.6
      vertex 87.3084 52.1123 0.6
      vertex 86.9475 54.7275 0.6
    endloop
  endfacet
  facet normal 0 0 1
    outer loop
      vertex 86.9475 54.7275 0.6
      vertex 87.3084 52.1123 0.6
      vertex 87.6252 54.6578 0.6
    endloop
  endfacet
  facet normal 0 0 1
    outer loop
      vertex 72.6368 21.7915 0.6
      vertex 74.9169 23.2423 0.6
      vertex 73.9273 24.155 0.6
    endloop
  endfacet
  facet normal 0 -0 1
    outer loop
      vertex 73.2006 21.2899 0.6
      vertex 74.9169 23.2423 0.6
      vertex 72.6368 21.7915 0.6
    endloop
  endfacet
  facet normal 0 0 1
    outer loop
      vertex 88.2981 54.5646 0.6
      vertex 87.8926 52.0316 0.6
      vertex 88.4719 51.9306 0.6
    endloop
  endfacet
  facet normal 0 0 1
    outer loop
      vertex 75.9601 22.4257 0.6
      vertex 74.9169 23.2423 0.6
      vertex 73.7806 20.813 0.6
    endloop
  endfacet
  facet normal 0 0 1
    outer loop
      vertex 88.2981 54.5646 0.6
      vertex 88.4719 51.9306 0.6
      vertex 88.9657 54.448 0.6
    endloop
  endfacet
  facet normal 0 0 1
    outer loop
      vertex 88.9657 54.448 0.6
      vertex 89.0458 51.8096 0.6
      vertex 89.6272 54.3083 0.6
    endloop
  endfacet
  facet normal -0 0 1
    outer loop
      vertex 89.0458 51.8096 0.6
      vertex 89.6139 51.6689 0.6
      vertex 89.6272 54.3083 0.6
    endloop
  endfacet
  facet normal 0 0 1
    outer loop
      vertex 99.5647 27.2786 0.6
      vertex 98.8442 26.1877 0.6
      vertex 101.318 25.2146 0.6
    endloop
  endfacet
  facet normal 0 0 1
    outer loop
      vertex 77.0509 21.7051 0.6
      vertex 75.9601 22.4257 0.6
      vertex 74.9871 19.9345 0.6
    endloop
  endfacet
  facet normal 0 0 1
    outer loop
      vertex 85.5211 19.3512 0.6
      vertex 85.5125 16.7525 0.6
      vertex 86.2713 16.7673 0.6
    endloop
  endfacet
  facet normal 0 0 1
    outer loop
      vertex 78.1835 21.0806 0.6
      vertex 77.0509 21.7051 0.6
      vertex 76.251 19.1581 0.6
    endloop
  endfacet
  facet normal 0 0 1
    outer loop
      vertex 84.7537 16.7673 0.6
      vertex 84.2634 19.3993 0.6
      vertex 84.0003 16.8114 0.6
    endloop
  endfacet
  facet normal 0 -0 1
    outer loop
      vertex 78.2435 18.1897 0.6
      vertex 79.3518 20.5522 0.6
      vertex 77.5673 18.4859 0.6
    endloop
  endfacet
  facet normal 0 0 1
    outer loop
      vertex 83.0117 19.5434 0.6
      vertex 82.5122 16.9869 0.6
      vertex 83.2529 16.8847 0.6
    endloop
  endfacet
  facet normal 0 -0 1
    outer loop
      vertex 81.7787 17.1175 0.6
      vertex 83.0117 19.5434 0.6
      vertex 81.7718 19.7836 0.6
    endloop
  endfacet
  facet normal 0 0 1
    outer loop
      vertex 80.3363 17.4635 0.6
      vertex 81.7718 19.7836 0.6
      vertex 80.5499 20.1198 0.6
    endloop
  endfacet
  facet normal 0 -0 1
    outer loop
      vertex 81.0532 17.2765 0.6
      vertex 81.7718 19.7836 0.6
      vertex 80.3363 17.4635 0.6
    endloop
  endfacet
  facet normal 0 0 1
    outer loop
      vertex 81.7787 17.1175 0.6
      vertex 81.7718 19.7836 0.6
      vertex 81.0532 17.2765 0.6
    endloop
  endfacet
  facet normal -0 0 1
    outer loop
      vertex 79.6286 17.6782 0.6
      vertex 80.3363 17.4635 0.6
      vertex 80.5499 20.1198 0.6
    endloop
  endfacet
  facet normal 0 0 1
    outer loop
      vertex 83.0117 19.5434 0.6
      vertex 81.7787 17.1175 0.6
      vertex 82.5122 16.9869 0.6
    endloop
  endfacet
  facet normal 0 -0 1
    outer loop
      vertex 79.6286 17.6782 0.6
      vertex 80.5499 20.1198 0.6
      vertex 78.9308 17.9203 0.6
    endloop
  endfacet
  facet normal 0 0 1
    outer loop
      vertex 78.9308 17.9203 0.6
      vertex 80.5499 20.1198 0.6
      vertex 79.3518 20.5522 0.6
    endloop
  endfacet
  facet normal 0 -0 1
    outer loop
      vertex 83.2529 16.8847 0.6
      vertex 84.2634 19.3993 0.6
      vertex 83.0117 19.5434 0.6
    endloop
  endfacet
  facet normal 0 -0 1
    outer loop
      vertex 84.0003 16.8114 0.6
      vertex 84.2634 19.3993 0.6
      vertex 83.2529 16.8847 0.6
    endloop
  endfacet
  facet normal 0 0 1
    outer loop
      vertex 79.3518 20.5522 0.6
      vertex 78.1835 21.0806 0.6
      vertex 77.5673 18.4859 0.6
    endloop
  endfacet
  facet normal 0 -0 1
    outer loop
      vertex 77.5673 18.4859 0.6
      vertex 78.1835 21.0806 0.6
      vertex 76.903 18.8088 0.6
    endloop
  endfacet
  facet normal 0 0 1
    outer loop
      vertex 84.2634 19.3993 0.6
      vertex 84.7537 16.7673 0.6
      vertex 85.5211 19.3512 0.6
    endloop
  endfacet
  facet normal -0 0 1
    outer loop
      vertex 84.7537 16.7673 0.6
      vertex 85.5125 16.7525 0.6
      vertex 85.5211 19.3512 0.6
    endloop
  endfacet
  facet normal 0 -0 1
    outer loop
      vertex 76.251 19.1581 0.6
      vertex 77.0509 21.7051 0.6
      vertex 75.6122 19.5334 0.6
    endloop
  endfacet
  facet normal -0 0 1
    outer loop
      vertex 78.2435 18.1897 0.6
      vertex 78.9308 17.9203 0.6
      vertex 79.3518 20.5522 0.6
    endloop
  endfacet
  facet normal 0 0 1
    outer loop
      vertex 89.0458 51.8096 0.6
      vertex 88.9657 54.448 0.6
      vertex 88.4719 51.9306 0.6
    endloop
  endfacet
  facet normal 0 0 1
    outer loop
      vertex 78.1835 21.0806 0.6
      vertex 76.251 19.1581 0.6
      vertex 76.903 18.8088 0.6
    endloop
  endfacet
  facet normal 0 0 1
    outer loop
      vertex 77.0509 21.7051 0.6
      vertex 74.9871 19.9345 0.6
      vertex 75.6122 19.5334 0.6
    endloop
  endfacet
  facet normal 0 0 1
    outer loop
      vertex 75.9601 22.4257 0.6
      vertex 73.7806 20.813 0.6
      vertex 74.3764 20.3611 0.6
    endloop
  endfacet
  facet normal -0 0 1
    outer loop
      vertex 73.2006 21.2899 0.6
      vertex 73.7806 20.813 0.6
      vertex 74.9169 23.2423 0.6
    endloop
  endfacet
  facet normal -0 0 1
    outer loop
      vertex 71.6187 22.8058 0.6
      vertex 72.09 22.3175 0.6
      vertex 73.9273 24.155 0.6
    endloop
  endfacet
  facet normal 0 0 1
    outer loop
      vertex 73.9273 24.155 0.6
      vertex 72.09 22.3175 0.6
      vertex 72.6368 21.7915 0.6
    endloop
  endfacet
  facet normal 0 -0 1
    outer loop
      vertex 71.1659 23.3094 0.6
      vertex 73.1249 25.0159 0.6
      vertex 70.7318 23.8279 0.6
    endloop
  endfacet
  facet normal 0 0 1
    outer loop
      vertex 72.7483 25.4652 0.6
      vertex 70.3166 24.3605 0.6
      vertex 70.7318 23.8279 0.6
    endloop
  endfacet
  facet normal 0 -0 1
    outer loop
      vertex 69.9208 24.9067 0.6
      vertex 72.0455 26.3994 0.6
      vertex 69.5446 25.4657 0.6
    endloop
  endfacet
  facet normal 0 0 1
    outer loop
      vertex 69.9208 24.9067 0.6
      vertex 72.3885 25.9266 0.6
      vertex 72.0455 26.3994 0.6
    endloop
  endfacet
  facet normal 0 0 1
    outer loop
      vertex 69.1884 26.0372 0.6
      vertex 71.7198 26.8832 0.6
      vertex 71.4115 27.3776 0.6
    endloop
  endfacet
  facet normal -0 0 1
    outer loop
      vertex 69.1884 26.0372 0.6
      vertex 69.5446 25.4657 0.6
      vertex 71.7198 26.8832 0.6
    endloop
  endfacet
  facet normal 0 0 1
    outer loop
      vertex 68.8524 26.6203 0.6
      vertex 71.4115 27.3776 0.6
      vertex 71.1209 27.8821 0.6
    endloop
  endfacet
  facet normal 0 0 1
    outer loop
      vertex 70.8482 28.3961 0.6
      vertex 68.2422 27.819 0.6
      vertex 68.5369 27.2144 0.6
    endloop
  endfacet
  facet normal -0 0 1
    outer loop
      vertex 67.9687 28.4335 0.6
      vertex 68.2422 27.819 0.6
      vertex 70.5936 28.9194 0.6
    endloop
  endfacet
  facet normal 0 0 1
    outer loop
      vertex 70.5936 28.9194 0.6
      vertex 68.2422 27.819 0.6
      vertex 70.8482 28.3961 0.6
    endloop
  endfacet
  facet normal -0 0 1
    outer loop
      vertex 67.7166 29.0572 0.6
      vertex 67.9687 28.4335 0.6
      vertex 70.3574 29.4512 0.6
    endloop
  endfacet
  facet normal 0 0 1
    outer loop
      vertex 70.3574 29.4512 0.6
      vertex 67.9687 28.4335 0.6
      vertex 70.5936 28.9194 0.6
    endloop
  endfacet
  facet normal 0 0 1
    outer loop
      vertex 67.7166 29.0572 0.6
      vertex 70.3574 29.4512 0.6
      vertex 70.1398 29.9913 0.6
    endloop
  endfacet
  facet normal 0 0 1
    outer loop
      vertex 69.7614 31.0941 0.6
      vertex 67.2778 30.3298 0.6
      vertex 69.941 30.5391 0.6
    endloop
  endfacet
  facet normal 0 0 1
    outer loop
      vertex 69.941 30.5391 0.6
      vertex 67.2778 30.3298 0.6
      vertex 67.4862 29.6895 0.6
    endloop
  endfacet
  facet normal 0 -0 1
    outer loop
      vertex 67.0919 30.9775 0.6
      vertex 69.601 31.6559 0.6
      vertex 66.9285 31.632 0.6
    endloop
  endfacet
  facet normal 0 0 1
    outer loop
      vertex 83.5612 55.6353 0.6
      vertex 83.2463 55.7884 0.6
      vertex 82.0832 53.4889 0.6
    endloop
  endfacet
  facet normal 0 -0 1
    outer loop
      vertex 66.7881 32.2926 0.6
      vertex 69.3392 32.798 0.6
      vertex 66.6709 32.9587 0.6
    endloop
  endfacet
  facet normal 0 0 1
    outer loop
      vertex 69.3392 32.798 0.6
      vertex 69.2383 33.3773 0.6
      vertex 66.6709 32.9587 0.6
    endloop
  endfacet
  facet normal 0 0 1
    outer loop
      vertex 83.2463 55.7884 0.6
      vertex 82.9369 55.9522 0.6
      vertex 81.695 53.6946 0.6
    endloop
  endfacet
  facet normal -0 0 1
    outer loop
      vertex 66.5773 33.6297 0.6
      vertex 69.2383 33.3773 0.6
      vertex 69.1575 33.9614 0.6
    endloop
  endfacet
  facet normal 0 -0 1
    outer loop
      vertex 66.5773 33.6297 0.6
      vertex 69.1575 33.9614 0.6
      vertex 66.5075 34.305 0.6
    endloop
  endfacet
  facet normal 0 0 1
    outer loop
      vertex 66.4724 34.6581 0.6
      vertex 66.5075 34.305 0.6
      vertex 69.0974 34.55 0.6
    endloop
  endfacet
  facet normal 0 0 1
    outer loop
      vertex 82.3361 56.3115 0.6
      vertex 80.9404 54.1465 0.6
      vertex 82.6334 56.1266 0.6
    endloop
  endfacet
  facet normal -0 0 1
    outer loop
      vertex 66.4724 34.6581 0.6
      vertex 69.0974 34.55 0.6
      vertex 69.0502 34.9897 0.6
    endloop
  endfacet
  facet normal 0 0 1
    outer loop
      vertex 82.3361 56.3115 0.6
      vertex 82.0453 56.5067 0.6
      vertex 80.5749 54.3923 0.6
    endloop
  endfacet
  facet normal 0 0 1
    outer loop
      vertex 82.0453 56.5067 0.6
      vertex 80.2177 54.6511 0.6
      vertex 80.5749 54.3923 0.6
    endloop
  endfacet
  facet normal 0 0 1
    outer loop
      vertex 68.9103 35.8606 0.6
      vertex 68.8178 36.2909 0.6
      vertex 66.2928 35.7006 0.6
    endloop
  endfacet
  facet normal -0 0 1
    outer loop
      vertex 79.5298 55.2069 0.6
      vertex 79.8692 54.9227 0.6
      vertex 81.4845 56.9275 0.6
    endloop
  endfacet
  facet normal 0 0 1
    outer loop
      vertex 66.2087 36.0416 0.6
      vertex 68.8178 36.2909 0.6
      vertex 68.7104 36.7173 0.6
    endloop
  endfacet
  facet normal -0 0 1
    outer loop
      vertex 79.1999 55.5036 0.6
      vertex 79.5298 55.2069 0.6
      vertex 81.2151 57.1528 0.6
    endloop
  endfacet
  facet normal 0 0 1
    outer loop
      vertex 66.1127 36.3788 0.6
      vertex 68.7104 36.7173 0.6
      vertex 68.5885 37.1393 0.6
    endloop
  endfacet
  facet normal 0 0 1
    outer loop
      vertex 80.9535 57.3879 0.6
      vertex 79.1999 55.5036 0.6
      vertex 81.2151 57.1528 0.6
    endloop
  endfacet
  facet normal 0 0 1
    outer loop
      vertex 80.7 57.6325 0.6
      vertex 78.5473 56.145 0.6
      vertex 78.8799 55.8125 0.6
    endloop
  endfacet
  facet normal 0 -0 1
    outer loop
      vertex 65.8856 37.0408 0.6
      vertex 68.1364 38.3755 0.6
      vertex 65.7549 37.3652 0.6
    endloop
  endfacet
  facet normal 0 0 1
    outer loop
      vertex 83.7005 52.8052 0.6
      vertex 84.8704 55.1334 0.6
      vertex 84.5363 55.242 0.6
    endloop
  endfacet
  facet normal 0 -0 1
    outer loop
      vertex 65.7549 37.3652 0.6
      vertex 67.9576 38.7762 0.6
      vertex 65.6128 37.6847 0.6
    endloop
  endfacet
  facet normal 0 0 1
    outer loop
      vertex 83.2873 52.9549 0.6
      vertex 84.5363 55.242 0.6
      vertex 84.2066 55.362 0.6
    endloop
  endfacet
  facet normal 0 0 1
    outer loop
      vertex 79.3113 58.9194 0.6
      vertex 77.9741 56.6737 0.6
      vertex 79.68 58.6168 0.6
    endloop
  endfacet
  facet normal -0 0 1
    outer loop
      vertex 65.4596 37.999 0.6
      vertex 65.6128 37.6847 0.6
      vertex 67.7651 39.1707 0.6
    endloop
  endfacet
  facet normal -0 0 1
    outer loop
      vertex 65.2954 38.308 0.6
      vertex 65.4596 37.999 0.6
      vertex 67.5589 39.5585 0.6
    endloop
  endfacet
  facet normal 0 0 1
    outer loop
      vertex 78.9324 59.2062 0.6
      vertex 78.5437 59.4771 0.6
      vertex 77.3697 57.1467 0.6
    endloop
  endfacet
  facet normal 0 -0 1
    outer loop
      vertex 65.1203 38.6113 0.6
      vertex 67.1064 40.3124 0.6
      vertex 64.9345 38.9087 0.6
    endloop
  endfacet
  facet normal 0 -0 1
    outer loop
      vertex 81.695 53.6946 0.6
      vertex 82.9369 55.9522 0.6
      vertex 81.3139 53.9139 0.6
    endloop
  endfacet
  facet normal 0 0 1
    outer loop
      vertex 63.3265 45.1712 0.6
      vertex 60.8377 44.3698 0.6
      vertex 61.0429 43.9465 0.6
    endloop
  endfacet
  facet normal 0 0 1
    outer loop
      vertex 60.0686 52.2597 0.6
      vertex 59.9675 51.7979 0.6
      vertex 62.5753 51.5987 0.6
    endloop
  endfacet
  facet normal 0 0 1
    outer loop
      vertex 59.8843 51.3312 0.6
      vertex 59.8192 50.8602 0.6
      vertex 62.4361 50.8799 0.6
    endloop
  endfacet
  facet normal 0 0 1
    outer loop
      vertex 59.7444 49.9066 0.6
      vertex 62.3527 50.1542 0.6
      vertex 59.7726 50.3851 0.6
    endloop
  endfacet
  facet normal 0 0 1
    outer loop
      vertex 62.3248 49.425 0.6
      vertex 59.735 49.425 0.6
      vertex 59.7444 48.9434 0.6
    endloop
  endfacet
  facet normal 0 0 1
    outer loop
      vertex 59.7444 49.9066 0.6
      vertex 59.735 49.425 0.6
      vertex 62.3248 49.425 0.6
    endloop
  endfacet
  facet normal 0 0 1
    outer loop
      vertex 81.4845 56.9275 0.6
      vertex 81.2151 57.1528 0.6
      vertex 79.5298 55.2069 0.6
    endloop
  endfacet
  facet normal 0 -0 1
    outer loop
      vertex 59.8192 47.9898 0.6
      vertex 62.3527 48.6958 0.6
      vertex 59.7726 48.4648 0.6
    endloop
  endfacet
  facet normal 0 0 1
    outer loop
      vertex 62.4361 47.9701 0.6
      vertex 59.8843 47.5187 0.6
      vertex 59.9675 47.0521 0.6
    endloop
  endfacet
  facet normal 0 0 1
    outer loop
      vertex 59.8192 47.9898 0.6
      vertex 59.8843 47.5187 0.6
      vertex 62.4361 47.9701 0.6
    endloop
  endfacet
  facet normal 0 -0 1
    outer loop
      vertex 78.5473 56.145 0.6
      vertex 80.038 58.2986 0.6
      vertex 77.9741 56.6737 0.6
    endloop
  endfacet
  facet normal 0 -0 1
    outer loop
      vertex 60.1876 46.1338 0.6
      vertex 62.5753 47.2513 0.6
      vertex 60.0686 46.5903 0.6
    endloop
  endfacet
  facet normal 0 0 1
    outer loop
      vertex 62.7701 46.543 0.6
      vertex 60.3241 45.683 0.6
      vertex 60.4781 45.2385 0.6
    endloop
  endfacet
  facet normal -0 0 1
    outer loop
      vertex 60.1876 46.1338 0.6
      vertex 60.3241 45.683 0.6
      vertex 62.7701 46.543 0.6
    endloop
  endfacet
  facet normal 0 -0 1
    outer loop
      vertex 60.6494 44.8006 0.6
      vertex 63.0205 45.8484 0.6
      vertex 60.4781 45.2385 0.6
    endloop
  endfacet
  facet normal 0 0 1
    outer loop
      vertex 63.0205 45.8484 0.6
      vertex 62.7701 46.543 0.6
      vertex 60.4781 45.2385 0.6
    endloop
  endfacet
  facet normal 0 0 1
    outer loop
      vertex 60.1876 46.1338 0.6
      vertex 62.7701 46.543 0.6
      vertex 62.5753 47.2513 0.6
    endloop
  endfacet
  facet normal 0 0 1
    outer loop
      vertex 62.5753 47.2513 0.6
      vertex 59.9675 47.0521 0.6
      vertex 60.0686 46.5903 0.6
    endloop
  endfacet
  facet normal -0 0 1
    outer loop
      vertex 59.8192 47.9898 0.6
      vertex 62.4361 47.9701 0.6
      vertex 62.3527 48.6958 0.6
    endloop
  endfacet
  facet normal 0 0 1
    outer loop
      vertex 62.3527 48.6958 0.6
      vertex 59.7444 48.9434 0.6
      vertex 59.7726 48.4648 0.6
    endloop
  endfacet
  facet normal -0 0 1
    outer loop
      vertex 59.7444 49.9066 0.6
      vertex 62.3248 49.425 0.6
      vertex 62.3527 50.1542 0.6
    endloop
  endfacet
  facet normal 0 0 1
    outer loop
      vertex 62.3527 50.1542 0.6
      vertex 59.8192 50.8602 0.6
      vertex 59.7726 50.3851 0.6
    endloop
  endfacet
  facet normal 0 0 1
    outer loop
      vertex 62.4361 50.8799 0.6
      vertex 59.9675 51.7979 0.6
      vertex 59.8843 51.3312 0.6
    endloop
  endfacet
  facet normal 0 -0 1
    outer loop
      vertex 62.5753 51.5987 0.6
      vertex 62.7701 52.3071 0.6
      vertex 60.1876 52.7162 0.6
    endloop
  endfacet
  facet normal -0 0 1
    outer loop
      vertex 60.0686 52.2597 0.6
      vertex 62.5753 51.5987 0.6
      vertex 60.1876 52.7162 0.6
    endloop
  endfacet
  facet normal 0 0 1
    outer loop
      vertex 62.7701 52.3071 0.6
      vertex 60.4781 53.6115 0.6
      vertex 60.3241 53.1669 0.6
    endloop
  endfacet
  facet normal 0 0 1
    outer loop
      vertex 60.8377 54.4802 0.6
      vertex 63.0205 53.0016 0.6
      vertex 63.3265 53.6788 0.6
    endloop
  endfacet
  facet normal 0 -0 1
    outer loop
      vertex 63.3265 53.6788 0.6
      vertex 63.6883 54.3352 0.6
      vertex 61.2648 55.3188 0.6
    endloop
  endfacet
  facet normal -0 0 1
    outer loop
      vertex 61.0429 54.9034 0.6
      vertex 63.3265 53.6788 0.6
      vertex 61.2648 55.3188 0.6
    endloop
  endfacet
  facet normal 0 0 1
    outer loop
      vertex 63.6883 54.3352 0.6
      vertex 61.5032 55.7257 0.6
      vertex 61.2648 55.3188 0.6
    endloop
  endfacet
  facet normal 0 0 1
    outer loop
      vertex 64.1057 54.9673 0.6
      vertex 62.3156 56.8913 0.6
      vertex 62.0288 56.5123 0.6
    endloop
  endfacet
  facet normal -0 0 1
    outer loop
      vertex 61.7579 56.1237 0.6
      vertex 64.1057 54.9673 0.6
      vertex 62.0288 56.5123 0.6
    endloop
  endfacet
  facet normal 0 0 1
    outer loop
      vertex 64.5787 55.5718 0.6
      vertex 62.6182 57.26 0.6
      vertex 62.3156 56.8913 0.6
    endloop
  endfacet
  facet normal 0 0 1
    outer loop
      vertex 65.1074 56.145 0.6
      vertex 63.27 57.965 0.6
      vertex 62.9364 57.618 0.6
    endloop
  endfacet
  facet normal 0 0 1
    outer loop
      vertex 65.6806 56.6737 0.6
      vertex 64.3562 58.9194 0.6
      vertex 63.984 58.6168 0.6
    endloop
  endfacet
  facet normal -0 0 1
    outer loop
      vertex 63.6218 58.2986 0.6
      vertex 65.6806 56.6737 0.6
      vertex 63.984 58.6168 0.6
    endloop
  endfacet
  facet normal 0 0 1
    outer loop
      vertex 66.285 57.1467 0.6
      vertex 65.1291 59.4771 0.6
      vertex 64.7381 59.2062 0.6
    endloop
  endfacet
  facet normal -0 0 1
    outer loop
      vertex 64.3562 58.9194 0.6
      vertex 66.285 57.1467 0.6
      vertex 64.7381 59.2062 0.6
    endloop
  endfacet
  facet normal 0 0 1
    outer loop
      vertex 66.9172 57.5641 0.6
      vertex 65.9374 59.9702 0.6
      vertex 65.5291 59.7318 0.6
    endloop
  endfacet
  facet normal -0 0 1
    outer loop
      vertex 65.1291 59.4771 0.6
      vertex 66.9172 57.5641 0.6
      vertex 65.5291 59.7318 0.6
    endloop
  endfacet
  facet normal 0 0 1
    outer loop
      vertex 67.5736 57.9258 0.6
      vertex 66.7782 60.3973 0.6
      vertex 66.354 60.1921 0.6
    endloop
  endfacet
  facet normal -0 0 1
    outer loop
      vertex 65.9374 59.9702 0.6
      vertex 67.5736 57.9258 0.6
      vertex 66.354 60.1921 0.6
    endloop
  endfacet
  facet normal 0 0 1
    outer loop
      vertex 68.2508 58.2319 0.6
      vertex 67.2097 60.5856 0.6
      vertex 66.7782 60.3973 0.6
    endloop
  endfacet
  facet normal 0 0 1
    outer loop
      vertex 68.9453 58.4823 0.6
      vertex 68.5446 61.0474 0.6
      vertex 68.0933 60.9108 0.6
    endloop
  endfacet
  facet normal -0 0 1
    outer loop
      vertex 67.6482 60.7569 0.6
      vertex 68.9453 58.4823 0.6
      vertex 68.0933 60.9108 0.6
    endloop
  endfacet
  facet normal 0 0 1
    outer loop
      vertex 69.4642 61.2676 0.6
      vertex 69.6537 58.6771 0.6
      vertex 70.3725 58.8162 0.6
    endloop
  endfacet
  facet normal 0 0 1
    outer loop
      vertex 70.404 61.4157 0.6
      vertex 70.3725 58.8162 0.6
      vertex 71.0982 58.8997 0.6
    endloop
  endfacet
  facet normal 0 0 1
    outer loop
      vertex 71.0982 58.8997 0.6
      vertex 71.8273 58.9276 0.6
      vertex 71.361 61.4906 0.6
    endloop
  endfacet
  facet normal -0 0 1
    outer loop
      vertex 70.8806 61.4624 0.6
      vertex 71.0982 58.8997 0.6
      vertex 71.361 61.4906 0.6
    endloop
  endfacet
  facet normal 0 0 1
    outer loop
      vertex 71.8273 58.9276 0.6
      vertex 72.3266 61.4906 0.6
      vertex 71.845 61.5 0.6
    endloop
  endfacet
  facet normal 0 0 1
    outer loop
      vertex 72.5565 58.8997 0.6
      vertex 73.2802 61.4157 0.6
      vertex 72.8052 61.4624 0.6
    endloop
  endfacet
  facet normal 0 0 1
    outer loop
      vertex 74.2179 61.2676 0.6
      vertex 73.2822 58.8162 0.6
      vertex 74.001 58.6771 0.6
    endloop
  endfacet
  facet normal 0 0 1
    outer loop
      vertex 75.1362 61.0474 0.6
      vertex 74.001 58.6771 0.6
      vertex 74.7094 58.4823 0.6
    endloop
  endfacet
  facet normal -0 0 1
    outer loop
      vertex 74.7094 58.4823 0.6
      vertex 75.4039 58.2319 0.6
      vertex 76.0315 60.7569 0.6
    endloop
  endfacet
  facet normal 0 0 1
    outer loop
      vertex 75.5869 60.9108 0.6
      vertex 74.7094 58.4823 0.6
      vertex 76.0315 60.7569 0.6
    endloop
  endfacet
  facet normal 0 0 1
    outer loop
      vertex 76.9002 60.3973 0.6
      vertex 75.4039 58.2319 0.6
      vertex 76.0811 57.9258 0.6
    endloop
  endfacet
  facet normal 0 0 1
    outer loop
      vertex 77.3235 60.1921 0.6
      vertex 76.0811 57.9258 0.6
      vertex 77.7388 59.9702 0.6
    endloop
  endfacet
  facet normal 0 0 1
    outer loop
      vertex 78.1457 59.7318 0.6
      vertex 76.7375 57.5641 0.6
      vertex 78.5437 59.4771 0.6
    endloop
  endfacet
  facet normal -0 0 1
    outer loop
      vertex 77.3697 57.1467 0.6
      vertex 77.9741 56.6737 0.6
      vertex 79.3113 58.9194 0.6
    endloop
  endfacet
  facet normal 0 0 1
    outer loop
      vertex 78.9324 59.2062 0.6
      vertex 77.3697 57.1467 0.6
      vertex 79.3113 58.9194 0.6
    endloop
  endfacet
  facet normal 0 0 1
    outer loop
      vertex 80.7 57.6325 0.6
      vertex 80.385 57.965 0.6
      vertex 78.5473 56.145 0.6
    endloop
  endfacet
  facet normal 0 0 1
    outer loop
      vertex 80.7 57.6325 0.6
      vertex 78.8799 55.8125 0.6
      vertex 80.9535 57.3879 0.6
    endloop
  endfacet
  facet normal 0 -0 1
    outer loop
      vertex 79.1999 55.5036 0.6
      vertex 80.9535 57.3879 0.6
      vertex 78.8799 55.8125 0.6
    endloop
  endfacet
  facet normal 0 0 1
    outer loop
      vertex 81.4845 56.9275 0.6
      vertex 79.8692 54.9227 0.6
      vertex 81.7613 56.7121 0.6
    endloop
  endfacet
  facet normal 0 0 1
    outer loop
      vertex 80.2177 54.6511 0.6
      vertex 82.0453 56.5067 0.6
      vertex 81.7613 56.7121 0.6
    endloop
  endfacet
  facet normal 0 0 1
    outer loop
      vertex 82.3361 56.3115 0.6
      vertex 80.5749 54.3923 0.6
      vertex 80.9404 54.1465 0.6
    endloop
  endfacet
  facet normal -0 0 1
    outer loop
      vertex 80.9404 54.1465 0.6
      vertex 81.3139 53.9139 0.6
      vertex 82.6334 56.1266 0.6
    endloop
  endfacet
  facet normal 0 0 1
    outer loop
      vertex 83.2463 55.7884 0.6
      vertex 81.695 53.6946 0.6
      vertex 82.0832 53.4889 0.6
    endloop
  endfacet
  facet normal 0 0 1
    outer loop
      vertex 83.5612 55.6353 0.6
      vertex 82.4783 53.2969 0.6
      vertex 83.8814 55.4931 0.6
    endloop
  endfacet
  facet normal 0 0 1
    outer loop
      vertex 83.8814 55.4931 0.6
      vertex 82.8798 53.1188 0.6
      vertex 84.2066 55.362 0.6
    endloop
  endfacet
  facet normal 0 0 1
    outer loop
      vertex 86.2434 54.815 0.6
      vertex 86.2776 52.2171 0.6
      vertex 86.5942 54.7651 0.6
    endloop
  endfacet
  facet normal 0 0 1
    outer loop
      vertex 90.2823 54.1459 0.6
      vertex 90.1757 51.5085 0.6
      vertex 90.9304 53.9609 0.6
    endloop
  endfacet
  facet normal 0 0 1
    outer loop
      vertex 98.3882 21.7915 0.6
      vertex 96.1253 23.2423 0.6
      vertex 97.8244 21.2899 0.6
    endloop
  endfacet
  facet normal -0 0 1
    outer loop
      vertex 96.2539 48.1449 0.6
      vertex 96.6908 47.7518 0.6
      vertex 97.9435 50.0861 0.6
    endloop
  endfacet
  facet normal 0 0 1
    outer loop
      vertex 96.3483 51.3289 0.6
      vertex 94.8705 49.2243 0.6
      vertex 95.3433 48.8814 0.6
    endloop
  endfacet
  facet normal 0 0 1
    outer loop
      vertex 96.3483 51.3289 0.6
      vertex 95.3433 48.8814 0.6
      vertex 96.8937 50.934 0.6
    endloop
  endfacet
  facet normal 0 0 1
    outer loop
      vertex 94.6373 52.394 0.6
      vertex 93.3878 50.149 0.6
      vertex 93.8922 49.8583 0.6
    endloop
  endfacet
  facet normal 0 0 1
    outer loop
      vertex 94.6373 52.394 0.6
      vertex 93.8922 49.8583 0.6
      vertex 95.2195 52.0592 0.6
    endloop
  endfacet
  facet normal 0 0 1
    outer loop
      vertex 92.2028 53.5246 0.6
      vertex 91.2785 51.1301 0.6
      vertex 91.8186 50.9125 0.6
    endloop
  endfacet
  facet normal 0 0 1
    outer loop
      vertex 92.2028 53.5246 0.6
      vertex 91.8186 50.9125 0.6
      vertex 92.8261 53.2738 0.6
    endloop
  endfacet
  facet normal 0 -0 1
    outer loop
      vertex 91.2785 51.1301 0.6
      vertex 91.5707 53.7538 0.6
      vertex 90.7307 51.3288 0.6
    endloop
  endfacet
  facet normal 0 0 1
    outer loop
      vertex 92.2028 53.5246 0.6
      vertex 91.5707 53.7538 0.6
      vertex 91.2785 51.1301 0.6
    endloop
  endfacet
  facet normal -0 0 1
    outer loop
      vertex 91.8186 50.9125 0.6
      vertex 92.3504 50.6763 0.6
      vertex 92.8261 53.2738 0.6
    endloop
  endfacet
  facet normal 0 -0 1
    outer loop
      vertex 92.8737 50.4217 0.6
      vertex 93.44 53.0015 0.6
      vertex 92.3504 50.6763 0.6
    endloop
  endfacet
  facet normal 0 0 1
    outer loop
      vertex 92.3504 50.6763 0.6
      vertex 93.44 53.0015 0.6
      vertex 92.8261 53.2738 0.6
    endloop
  endfacet
  facet normal 0 -0 1
    outer loop
      vertex 93.3878 50.149 0.6
      vertex 94.0439 52.7082 0.6
      vertex 92.8737 50.4217 0.6
    endloop
  endfacet
  facet normal 0 0 1
    outer loop
      vertex 92.8737 50.4217 0.6
      vertex 94.0439 52.7082 0.6
      vertex 93.44 53.0015 0.6
    endloop
  endfacet
  facet normal 0 0 1
    outer loop
      vertex 94.6373 52.394 0.6
      vertex 94.0439 52.7082 0.6
      vertex 93.3878 50.149 0.6
    endloop
  endfacet
  facet normal -0 0 1
    outer loop
      vertex 93.8922 49.8583 0.6
      vertex 94.3866 49.55 0.6
      vertex 95.2195 52.0592 0.6
    endloop
  endfacet
  facet normal 0 -0 1
    outer loop
      vertex 94.8705 49.2243 0.6
      vertex 95.7901 51.7041 0.6
      vertex 94.3866 49.55 0.6
    endloop
  endfacet
  facet normal 0 0 1
    outer loop
      vertex 94.3866 49.55 0.6
      vertex 95.7901 51.7041 0.6
      vertex 95.2195 52.0592 0.6
    endloop
  endfacet
  facet normal 0 0 1
    outer loop
      vertex 96.3483 51.3289 0.6
      vertex 95.7901 51.7041 0.6
      vertex 94.8705 49.2243 0.6
    endloop
  endfacet
  facet normal -0 0 1
    outer loop
      vertex 95.3433 48.8814 0.6
      vertex 95.8046 48.5215 0.6
      vertex 96.8937 50.934 0.6
    endloop
  endfacet
  facet normal 0 0 1
    outer loop
      vertex 95.8046 48.5215 0.6
      vertex 97.4256 50.5197 0.6
      vertex 96.8937 50.934 0.6
    endloop
  endfacet
  facet normal 0 0 1
    outer loop
      vertex 97.9435 50.0861 0.6
      vertex 97.4256 50.5197 0.6
      vertex 96.2539 48.1449 0.6
    endloop
  endfacet
  facet normal 0 -0 1
    outer loop
      vertex 96.2539 48.1449 0.6
      vertex 97.4256 50.5197 0.6
      vertex 95.8046 48.5215 0.6
    endloop
  endfacet
  facet normal 0 0 1
    outer loop
      vertex 96.6908 47.7518 0.6
      vertex 98.4469 49.6336 0.6
      vertex 97.9435 50.0861 0.6
    endloop
  endfacet
  facet normal 0 0 1
    outer loop
      vertex 98.935 49.1625 0.6
      vertex 98.4469 49.6336 0.6
      vertex 97.1148 47.3425 0.6
    endloop
  endfacet
  facet normal 0 -0 1
    outer loop
      vertex 97.1148 47.3425 0.6
      vertex 98.4469 49.6336 0.6
      vertex 96.6908 47.7518 0.6
    endloop
  endfacet
  facet normal 0 0 1
    outer loop
      vertex 99.461 48.6155 0.6
      vertex 97.1148 47.3425 0.6
      vertex 98.0275 46.3529 0.6
    endloop
  endfacet
  facet normal 0 0 1
    outer loop
      vertex 99.461 48.6155 0.6
      vertex 98.935 49.1625 0.6
      vertex 97.1148 47.3425 0.6
    endloop
  endfacet
  facet normal 0 0 1
    outer loop
      vertex 100.439 47.4709 0.6
      vertex 99.9626 48.0514 0.6
      vertex 98.0275 46.3529 0.6
    endloop
  endfacet
  facet normal 0 0 1
    outer loop
      vertex 100.891 46.8745 0.6
      vertex 100.439 47.4709 0.6
      vertex 98.8442 45.3097 0.6
    endloop
  endfacet
  facet normal -0 0 1
    outer loop
      vertex 98.8442 45.3097 0.6
      vertex 99.5647 44.2189 0.6
      vertex 101.318 46.263 0.6
    endloop
  endfacet
  facet normal 0 0 1
    outer loop
      vertex 100.891 46.8745 0.6
      vertex 98.8442 45.3097 0.6
      vertex 101.318 46.263 0.6
    endloop
  endfacet
  facet normal 0 0 1
    outer loop
      vertex 99.5647 44.2189 0.6
      vertex 102.094 44.9973 0.6
      vertex 101.719 45.637 0.6
    endloop
  endfacet
  facet normal 0 0 1
    outer loop
      vertex 101.318 46.263 0.6
      vertex 99.5647 44.2189 0.6
      vertex 101.719 45.637 0.6
    endloop
  endfacet
  facet normal 0 -0 1
    outer loop
      vertex 100.189 43.0863 0.6
      vertex 102.094 44.9973 0.6
      vertex 99.5647 44.2189 0.6
    endloop
  endfacet
  facet normal 0 0 1
    outer loop
      vertex 102.767 43.6794 0.6
      vertex 102.444 44.3445 0.6
      vertex 100.189 43.0863 0.6
    endloop
  endfacet
  facet normal 0 0 1
    outer loop
      vertex 103.063 43.0025 0.6
      vertex 102.767 43.6794 0.6
      vertex 100.718 41.918 0.6
    endloop
  endfacet
  facet normal 0 0 1
    outer loop
      vertex 101.15 40.7199 0.6
      vertex 103.789 40.9084 0.6
      vertex 103.574 41.6163 0.6
    endloop
  endfacet
  facet normal 0 0 1
    outer loop
      vertex 104.135 39.4664 0.6
      vertex 103.976 40.1915 0.6
      vertex 101.486 39.498 0.6
    endloop
  endfacet
  facet normal 0 0 1
    outer loop
      vertex 101.486 39.498 0.6
      vertex 103.976 40.1915 0.6
      vertex 103.789 40.9084 0.6
    endloop
  endfacet
  facet normal 0 0 1
    outer loop
      vertex 104.266 38.7336 0.6
      vertex 104.135 39.4664 0.6
      vertex 101.726 38.2581 0.6
    endloop
  endfacet
  facet normal -0 0 1
    outer loop
      vertex 101.871 37.0064 0.6
      vertex 104.485 36.4964 0.6
      vertex 104.441 37.2479 0.6
    endloop
  endfacet
  facet normal 0 0 1
    outer loop
      vertex 104.5 35.74 0.6
      vertex 104.485 36.4964 0.6
      vertex 101.919 35.7487 0.6
    endloop
  endfacet
  facet normal 0 -0 1
    outer loop
      vertex 104.368 33.4804 0.6
      vertex 104.441 34.2278 0.6
      vertex 101.871 34.4911 0.6
    endloop
  endfacet
  facet normal -0 0 1
    outer loop
      vertex 101.871 34.4911 0.6
      vertex 104.441 34.2278 0.6
      vertex 104.485 34.9812 0.6
    endloop
  endfacet
  facet normal 0 0 1
    outer loop
      vertex 101.726 33.2393 0.6
      vertex 104.135 32.0062 0.6
      vertex 104.266 32.7396 0.6
    endloop
  endfacet
  facet normal 0 -0 1
    outer loop
      vertex 103.789 30.5638 0.6
      vertex 103.976 31.2807 0.6
      vertex 101.486 31.9995 0.6
    endloop
  endfacet
  facet normal -0 0 1
    outer loop
      vertex 101.486 31.9995 0.6
      vertex 103.976 31.2807 0.6
      vertex 104.135 32.0062 0.6
    endloop
  endfacet
  facet normal 0 -0 1
    outer loop
      vertex 103.574 29.8561 0.6
      vertex 103.789 30.5638 0.6
      vertex 101.15 30.7775 0.6
    endloop
  endfacet
  facet normal 0 0 1
    outer loop
      vertex 100.718 29.5794 0.6
      vertex 102.767 27.7948 0.6
      vertex 103.063 28.4709 0.6
    endloop
  endfacet
  facet normal 0 -0 1
    outer loop
      vertex 102.094 26.4785 0.6
      vertex 102.444 27.1304 0.6
      vertex 100.189 28.4111 0.6
    endloop
  endfacet
  facet normal 0 0 1
    outer loop
      vertex 100.189 28.4111 0.6
      vertex 102.444 27.1304 0.6
      vertex 102.767 27.7948 0.6
    endloop
  endfacet
  facet normal 0 0 1
    outer loop
      vertex 99.5647 27.2786 0.6
      vertex 101.318 25.2146 0.6
      vertex 101.719 25.8397 0.6
    endloop
  endfacet
  facet normal 0 -0 1
    outer loop
      vertex 100.439 24.0081 0.6
      vertex 100.891 24.6038 0.6
      vertex 98.8442 26.1877 0.6
    endloop
  endfacet
  facet normal 0 0 1
    outer loop
      vertex 98.8442 26.1877 0.6
      vertex 100.891 24.6038 0.6
      vertex 101.318 25.2146 0.6
    endloop
  endfacet
  facet normal 0 -0 1
    outer loop
      vertex 99.9626 23.4281 0.6
      vertex 100.439 24.0081 0.6
      vertex 98.0275 25.1445 0.6
    endloop
  endfacet
  facet normal 0 0 1
    outer loop
      vertex 97.1148 24.155 0.6
      vertex 98.3882 21.7915 0.6
      vertex 98.935 22.3175 0.6
    endloop
  endfacet
  facet normal 0 0 1
    outer loop
      vertex 96.1253 23.2423 0.6
      vertex 95.0821 22.4257 0.6
      vertex 97.2444 20.813 0.6
    endloop
  endfacet
  facet normal 0 0 1
    outer loop
      vertex 95.0821 22.4257 0.6
      vertex 96.0379 19.9345 0.6
      vertex 96.6487 20.3611 0.6
    endloop
  endfacet
  facet normal 0 0 1
    outer loop
      vertex 93.9913 21.7051 0.6
      vertex 95.4128 19.5334 0.6
      vertex 96.0379 19.9345 0.6
    endloop
  endfacet
  facet normal -0 0 1
    outer loop
      vertex 92.8587 21.0806 0.6
      vertex 94.774 19.1581 0.6
      vertex 93.9913 21.7051 0.6
    endloop
  endfacet
  facet normal 0 -0 1
    outer loop
      vertex 93.4577 18.4859 0.6
      vertex 94.1221 18.8088 0.6
      vertex 92.8587 21.0806 0.6
    endloop
  endfacet
  facet normal 0 -0 1
    outer loop
      vertex 92.7816 18.1897 0.6
      vertex 93.4577 18.4859 0.6
      vertex 91.6904 20.5522 0.6
    endloop
  endfacet
  facet normal 0 0 1
    outer loop
      vertex 92.0943 17.9203 0.6
      vertex 91.6904 20.5522 0.6
      vertex 90.4923 20.1198 0.6
    endloop
  endfacet
  facet normal 0 0 1
    outer loop
      vertex 91.3964 17.6782 0.6
      vertex 90.4923 20.1198 0.6
      vertex 90.6887 17.4635 0.6
    endloop
  endfacet
  facet normal 0 0 1
    outer loop
      vertex 90.6887 17.4635 0.6
      vertex 89.2703 19.7836 0.6
      vertex 89.9718 17.2765 0.6
    endloop
  endfacet
  facet normal 0 0 1
    outer loop
      vertex 89.2703 19.7836 0.6
      vertex 88.0305 19.5434 0.6
      vertex 89.2463 17.1175 0.6
    endloop
  endfacet
  facet normal 0 0 1
    outer loop
      vertex 88.0305 19.5434 0.6
      vertex 87.7721 16.8847 0.6
      vertex 88.5128 16.9869 0.6
    endloop
  endfacet
  facet normal 0 0 1
    outer loop
      vertex 86.7788 19.3993 0.6
      vertex 87.0247 16.8114 0.6
      vertex 87.7721 16.8847 0.6
    endloop
  endfacet
  facet normal -0 0 1
    outer loop
      vertex 85.5211 19.3512 0.6
      vertex 86.2713 16.7673 0.6
      vertex 86.7788 19.3993 0.6
    endloop
  endfacet
  facet normal 0.0584346 -0.998291 0
    outer loop
      vertex 87.0247 16.8114 0
      vertex 86.2713 16.7673 0.6
      vertex 86.2713 16.7673 0
    endloop
  endfacet
  facet normal 0.0584346 -0.998291 0
    outer loop
      vertex 87.0247 16.8114 0
      vertex 87.0247 16.8114 0.6
      vertex 86.2713 16.7673 0.6
    endloop
  endfacet
  facet normal 0.097605 -0.995225 0
    outer loop
      vertex 87.7721 16.8847 0
      vertex 87.0247 16.8114 0.6
      vertex 87.0247 16.8114 0
    endloop
  endfacet
  facet normal 0.097605 -0.995225 0
    outer loop
      vertex 87.7721 16.8847 0
      vertex 87.7721 16.8847 0.6
      vertex 87.0247 16.8114 0.6
    endloop
  endfacet
  facet normal 0.136683 -0.990615 0
    outer loop
      vertex 88.5128 16.9869 0
      vertex 87.7721 16.8847 0.6
      vertex 87.7721 16.8847 0
    endloop
  endfacet
  facet normal 0.136683 -0.990615 0
    outer loop
      vertex 88.5128 16.9869 0
      vertex 88.5128 16.9869 0.6
      vertex 87.7721 16.8847 0.6
    endloop
  endfacet
  facet normal 0.175294 -0.984516 0
    outer loop
      vertex 89.2463 17.1175 0
      vertex 88.5128 16.9869 0.6
      vertex 88.5128 16.9869 0
    endloop
  endfacet
  facet normal 0.175294 -0.984516 0
    outer loop
      vertex 89.2463 17.1175 0
      vertex 89.2463 17.1175 0.6
      vertex 88.5128 16.9869 0.6
    endloop
  endfacet
  facet normal 0.214078 -0.976816 0
    outer loop
      vertex 89.9718 17.2765 0
      vertex 89.2463 17.1175 0.6
      vertex 89.2463 17.1175 0
    endloop
  endfacet
  facet normal 0.214078 -0.976816 0
    outer loop
      vertex 89.9718 17.2765 0
      vertex 89.9718 17.2765 0.6
      vertex 89.2463 17.1175 0.6
    endloop
  endfacet
  facet normal 0.2524 -0.967623 0
    outer loop
      vertex 90.6887 17.4635 0
      vertex 89.9718 17.2765 0.6
      vertex 89.9718 17.2765 0
    endloop
  endfacet
  facet normal 0.2524 -0.967623 0
    outer loop
      vertex 90.6887 17.4635 0
      vertex 90.6887 17.4635 0.6
      vertex 89.9718 17.2765 0.6
    endloop
  endfacet
  facet normal 0.290311 -0.956932 0
    outer loop
      vertex 91.3964 17.6782 0
      vertex 90.6887 17.4635 0.6
      vertex 90.6887 17.4635 0
    endloop
  endfacet
  facet normal 0.290311 -0.956932 0
    outer loop
      vertex 91.3964 17.6782 0
      vertex 91.3964 17.6782 0.6
      vertex 90.6887 17.4635 0.6
    endloop
  endfacet
  facet normal 0.327738 -0.944769 0
    outer loop
      vertex 92.0943 17.9203 0
      vertex 91.3964 17.6782 0.6
      vertex 91.3964 17.6782 0
    endloop
  endfacet
  facet normal 0.327738 -0.944769 0
    outer loop
      vertex 92.0943 17.9203 0
      vertex 92.0943 17.9203 0.6
      vertex 91.3964 17.6782 0.6
    endloop
  endfacet
  facet normal 0.364936 -0.931033 0
    outer loop
      vertex 92.7816 18.1897 0
      vertex 92.0943 17.9203 0.6
      vertex 92.0943 17.9203 0
    endloop
  endfacet
  facet normal 0.364936 -0.931033 0
    outer loop
      vertex 92.7816 18.1897 0
      vertex 92.7816 18.1897 0.6
      vertex 92.0943 17.9203 0.6
    endloop
  endfacet
  facet normal 0.401281 -0.915955 0
    outer loop
      vertex 93.4577 18.4859 0
      vertex 92.7816 18.1897 0.6
      vertex 92.7816 18.1897 0
    endloop
  endfacet
  facet normal 0.401281 -0.915955 0
    outer loop
      vertex 93.4577 18.4859 0
      vertex 93.4577 18.4859 0.6
      vertex 92.7816 18.1897 0.6
    endloop
  endfacet
  facet normal 0.437114 -0.899406 0
    outer loop
      vertex 94.1221 18.8088 0
      vertex 93.4577 18.4859 0.6
      vertex 93.4577 18.4859 0
    endloop
  endfacet
  facet normal 0.437114 -0.899406 0
    outer loop
      vertex 94.1221 18.8088 0
      vertex 94.1221 18.8088 0.6
      vertex 93.4577 18.4859 0.6
    endloop
  endfacet
  facet normal 0.472293 -0.881442 0
    outer loop
      vertex 94.774 19.1581 0
      vertex 94.1221 18.8088 0.6
      vertex 94.1221 18.8088 0
    endloop
  endfacet
  facet normal 0.472293 -0.881442 0
    outer loop
      vertex 94.774 19.1581 0
      vertex 94.774 19.1581 0.6
      vertex 94.1221 18.8088 0.6
    endloop
  endfacet
  facet normal 0.506554 -0.862208 0
    outer loop
      vertex 95.4128 19.5334 0
      vertex 94.774 19.1581 0.6
      vertex 94.774 19.1581 0
    endloop
  endfacet
  facet normal 0.506554 -0.862208 0
    outer loop
      vertex 95.4128 19.5334 0
      vertex 95.4128 19.5334 0.6
      vertex 94.774 19.1581 0.6
    endloop
  endfacet
  facet normal 0.540043 -0.841638 0
    outer loop
      vertex 96.0379 19.9345 0
      vertex 95.4128 19.5334 0.6
      vertex 95.4128 19.5334 0
    endloop
  endfacet
  facet normal 0.540043 -0.841638 0
    outer loop
      vertex 96.0379 19.9345 0
      vertex 96.0379 19.9345 0.6
      vertex 95.4128 19.5334 0.6
    endloop
  endfacet
  facet normal 0.572597 -0.819837 0
    outer loop
      vertex 96.6487 20.3611 0
      vertex 96.0379 19.9345 0.6
      vertex 96.0379 19.9345 0
    endloop
  endfacet
  facet normal 0.572597 -0.819837 0
    outer loop
      vertex 96.6487 20.3611 0
      vertex 96.6487 20.3611 0.6
      vertex 96.0379 19.9345 0.6
    endloop
  endfacet
  facet normal 0.604378 -0.796698 0
    outer loop
      vertex 97.2444 20.813 0
      vertex 96.6487 20.3611 0.6
      vertex 96.6487 20.3611 0
    endloop
  endfacet
  facet normal 0.604378 -0.796698 0
    outer loop
      vertex 97.2444 20.813 0
      vertex 97.2444 20.813 0.6
      vertex 96.6487 20.3611 0.6
    endloop
  endfacet
  facet normal 0.635114 -0.772418 0
    outer loop
      vertex 97.8244 21.2899 0
      vertex 97.2444 20.813 0.6
      vertex 97.2444 20.813 0
    endloop
  endfacet
  facet normal 0.635114 -0.772418 0
    outer loop
      vertex 97.8244 21.2899 0
      vertex 97.8244 21.2899 0.6
      vertex 97.2444 20.813 0.6
    endloop
  endfacet
  facet normal 0.664693 -0.747117 0
    outer loop
      vertex 98.3882 21.7915 0
      vertex 97.8244 21.2899 0.6
      vertex 97.8244 21.2899 0
    endloop
  endfacet
  facet normal 0.664693 -0.747117 0
    outer loop
      vertex 98.3882 21.7915 0
      vertex 98.3882 21.7915 0.6
      vertex 97.8244 21.2899 0.6
    endloop
  endfacet
  facet normal 0.693267 -0.720681 0
    outer loop
      vertex 98.935 22.3175 0
      vertex 98.3882 21.7915 0.6
      vertex 98.3882 21.7915 0
    endloop
  endfacet
  facet normal 0.693267 -0.720681 0
    outer loop
      vertex 98.935 22.3175 0
      vertex 98.935 22.3175 0.6
      vertex 98.3882 21.7915 0.6
    endloop
  endfacet
  facet normal 0.720681 -0.693267 0
    outer loop
      vertex 99.461 22.8643 0
      vertex 98.935 22.3175 0.6
      vertex 98.935 22.3175 0
    endloop
  endfacet
  facet normal 0.720681 -0.693267 0
    outer loop
      vertex 99.461 22.8643 0
      vertex 99.461 22.8643 0.6
      vertex 98.935 22.3175 0.6
    endloop
  endfacet
  facet normal 0.747117 -0.664693 0
    outer loop
      vertex 99.9626 23.4281 0
      vertex 99.461 22.8643 0.6
      vertex 99.461 22.8643 0
    endloop
  endfacet
  facet normal 0.747117 -0.664693 0
    outer loop
      vertex 99.9626 23.4281 0
      vertex 99.9626 23.4281 0.6
      vertex 99.461 22.8643 0.6
    endloop
  endfacet
  facet normal 0.772745 -0.634717 0
    outer loop
      vertex 100.439 24.0081 0
      vertex 99.9626 23.4281 0.6
      vertex 99.9626 23.4281 0
    endloop
  endfacet
  facet normal 0.772745 -0.634717 0
    outer loop
      vertex 100.439 24.0081 0
      vertex 100.439 24.0081 0.6
      vertex 99.9626 23.4281 0.6
    endloop
  endfacet
  facet normal 0.796634 -0.604463 0
    outer loop
      vertex 100.891 24.6038 0
      vertex 100.439 24.0081 0.6
      vertex 100.439 24.0081 0
    endloop
  endfacet
  facet normal 0.796634 -0.604463 0
    outer loop
      vertex 100.891 24.6038 0
      vertex 100.891 24.6038 0.6
      vertex 100.439 24.0081 0.6
    endloop
  endfacet
  facet normal 0.819585 -0.572958 0
    outer loop
      vertex 101.318 25.2146 0
      vertex 100.891 24.6038 0.6
      vertex 100.891 24.6038 0
    endloop
  endfacet
  facet normal 0.819585 -0.572958 0
    outer loop
      vertex 101.318 25.2146 0
      vertex 101.318 25.2146 0.6
      vertex 100.891 24.6038 0.6
    endloop
  endfacet
  facet normal 0.841699 -0.539947 0
    outer loop
      vertex 101.719 25.8397 0
      vertex 101.318 25.2146 0.6
      vertex 101.318 25.2146 0
    endloop
  endfacet
  facet normal 0.841699 -0.539947 0
    outer loop
      vertex 101.719 25.8397 0
      vertex 101.719 25.8397 0.6
      vertex 101.318 25.2146 0.6
    endloop
  endfacet
  facet normal 0.862385 -0.506253 0
    outer loop
      vertex 102.094 26.4785 0
      vertex 101.719 25.8397 0.6
      vertex 101.719 25.8397 0
    endloop
  endfacet
  facet normal 0.862385 -0.506253 0
    outer loop
      vertex 102.094 26.4785 0
      vertex 102.094 26.4785 0.6
      vertex 101.719 25.8397 0.6
    endloop
  endfacet
  facet normal 0.881048 -0.473028 0
    outer loop
      vertex 102.444 27.1304 0
      vertex 102.094 26.4785 0.6
      vertex 102.094 26.4785 0
    endloop
  endfacet
  facet normal 0.881048 -0.473028 0
    outer loop
      vertex 102.444 27.1304 0
      vertex 102.444 27.1304 0.6
      vertex 102.094 26.4785 0.6
    endloop
  endfacet
  facet normal 0.899353 -0.437223 0
    outer loop
      vertex 102.767 27.7948 0
      vertex 102.444 27.1304 0.6
      vertex 102.444 27.1304 0
    endloop
  endfacet
  facet normal 0.899353 -0.437223 0
    outer loop
      vertex 102.767 27.7948 0
      vertex 102.767 27.7948 0.6
      vertex 102.444 27.1304 0.6
    endloop
  endfacet
  facet normal 0.916055 -0.401053 0
    outer loop
      vertex 103.063 28.4709 0
      vertex 102.767 27.7948 0.6
      vertex 102.767 27.7948 0
    endloop
  endfacet
  facet normal 0.916055 -0.401053 0
    outer loop
      vertex 103.063 28.4709 0
      vertex 103.063 28.4709 0.6
      vertex 102.767 27.7948 0.6
    endloop
  endfacet
  facet normal 0.931217 -0.364466 0
    outer loop
      vertex 103.332 29.1582 0
      vertex 103.063 28.4709 0.6
      vertex 103.063 28.4709 0
    endloop
  endfacet
  facet normal 0.931217 -0.364466 0
    outer loop
      vertex 103.332 29.1582 0
      vertex 103.332 29.1582 0.6
      vertex 103.063 28.4709 0.6
    endloop
  endfacet
  facet normal 0.94481 -0.327617 0
    outer loop
      vertex 103.574 29.8561 0
      vertex 103.332 29.1582 0.6
      vertex 103.332 29.1582 0
    endloop
  endfacet
  facet normal 0.94481 -0.327617 0
    outer loop
      vertex 103.574 29.8561 0
      vertex 103.574 29.8561 0.6
      vertex 103.332 29.1582 0.6
    endloop
  endfacet
  facet normal 0.956819 -0.290683 0
    outer loop
      vertex 103.789 30.5638 0
      vertex 103.574 29.8561 0.6
      vertex 103.574 29.8561 0
    endloop
  endfacet
  facet normal 0.956819 -0.290683 0
    outer loop
      vertex 103.789 30.5638 0
      vertex 103.789 30.5638 0.6
      vertex 103.574 29.8561 0.6
    endloop
  endfacet
  facet normal 0.967623 -0.2524 0
    outer loop
      vertex 103.976 31.2807 0
      vertex 103.789 30.5638 0.6
      vertex 103.789 30.5638 0
    endloop
  endfacet
  facet normal 0.967623 -0.2524 0
    outer loop
      vertex 103.976 31.2807 0
      vertex 103.976 31.2807 0.6
      vertex 103.789 30.5638 0.6
    endloop
  endfacet
  facet normal 0.976816 -0.214078 0
    outer loop
      vertex 104.135 32.0062 0
      vertex 103.976 31.2807 0.6
      vertex 103.976 31.2807 0
    endloop
  endfacet
  facet normal 0.976816 -0.214078 0
    outer loop
      vertex 104.135 32.0062 0
      vertex 104.135 32.0062 0.6
      vertex 103.976 31.2807 0.6
    endloop
  endfacet
  facet normal 0.984419 -0.175837 0
    outer loop
      vertex 104.266 32.7396 0
      vertex 104.135 32.0062 0.6
      vertex 104.135 32.0062 0
    endloop
  endfacet
  facet normal 0.984419 -0.175837 0
    outer loop
      vertex 104.266 32.7396 0
      vertex 104.266 32.7396 0.6
      vertex 104.135 32.0062 0.6
    endloop
  endfacet
  facet normal 0.990654 -0.136402 0
    outer loop
      vertex 104.368 33.4804 0
      vertex 104.266 32.7396 0.6
      vertex 104.266 32.7396 0
    endloop
  endfacet
  facet normal 0.990654 -0.136402 0
    outer loop
      vertex 104.368 33.4804 0
      vertex 104.368 33.4804 0.6
      vertex 104.266 32.7396 0.6
    endloop
  endfacet
  facet normal 0.995264 -0.0972094 0
    outer loop
      vertex 104.441 34.2278 0
      vertex 104.368 33.4804 0.6
      vertex 104.368 33.4804 0
    endloop
  endfacet
  facet normal 0.995264 -0.0972094 0
    outer loop
      vertex 104.441 34.2278 0
      vertex 104.441 34.2278 0.6
      vertex 104.368 33.4804 0.6
    endloop
  endfacet
  facet normal 0.998299 -0.0583026 0
    outer loop
      vertex 104.485 34.9812 0
      vertex 104.441 34.2278 0.6
      vertex 104.441 34.2278 0
    endloop
  endfacet
  facet normal 0.998299 -0.0583026 0
    outer loop
      vertex 104.485 34.9812 0
      vertex 104.485 34.9812 0.6
      vertex 104.441 34.2278 0.6
    endloop
  endfacet
  facet normal 0.999805 -0.0197642 0
    outer loop
      vertex 104.5 35.74 0
      vertex 104.485 34.9812 0.6
      vertex 104.485 34.9812 0
    endloop
  endfacet
  facet normal 0.999805 -0.0197642 0
    outer loop
      vertex 104.5 35.74 0
      vertex 104.5 35.74 0.6
      vertex 104.485 34.9812 0.6
    endloop
  endfacet
  facet normal 0.999803 0.0198269 0
    outer loop
      vertex 104.485 36.4964 0
      vertex 104.5 35.74 0.6
      vertex 104.5 35.74 0
    endloop
  endfacet
  facet normal 0.999803 0.0198269 -0
    outer loop
      vertex 104.485 36.4964 0
      vertex 104.485 36.4964 0.6
      vertex 104.5 35.74 0.6
    endloop
  endfacet
  facet normal 0.99829 0.0584495 0
    outer loop
      vertex 104.441 37.2479 0
      vertex 104.485 36.4964 0.6
      vertex 104.485 36.4964 0
    endloop
  endfacet
  facet normal 0.99829 0.0584495 -0
    outer loop
      vertex 104.441 37.2479 0
      vertex 104.441 37.2479 0.6
      vertex 104.485 36.4964 0.6
    endloop
  endfacet
  facet normal 0.995246 0.0973901 0
    outer loop
      vertex 104.368 37.9939 0
      vertex 104.441 37.2479 0.6
      vertex 104.441 37.2479 0
    endloop
  endfacet
  facet normal 0.995246 0.0973901 -0
    outer loop
      vertex 104.368 37.9939 0
      vertex 104.368 37.9939 0.6
      vertex 104.441 37.2479 0.6
    endloop
  endfacet
  facet normal 0.990626 0.136601 0
    outer loop
      vertex 104.266 38.7336 0
      vertex 104.368 37.9939 0.6
      vertex 104.368 37.9939 0
    endloop
  endfacet
  facet normal 0.990626 0.136601 -0
    outer loop
      vertex 104.266 38.7336 0
      vertex 104.266 38.7336 0.6
      vertex 104.368 37.9939 0.6
    endloop
  endfacet
  facet normal 0.984394 0.175977 0
    outer loop
      vertex 104.135 39.4664 0
      vertex 104.266 38.7336 0.6
      vertex 104.266 38.7336 0
    endloop
  endfacet
  facet normal 0.984394 0.175977 -0
    outer loop
      vertex 104.135 39.4664 0
      vertex 104.135 39.4664 0.6
      vertex 104.266 38.7336 0.6
    endloop
  endfacet
  facet normal 0.976792 0.214191 0
    outer loop
      vertex 103.976 40.1915 0
      vertex 104.135 39.4664 0.6
      vertex 104.135 39.4664 0
    endloop
  endfacet
  facet normal 0.976792 0.214191 -0
    outer loop
      vertex 103.976 40.1915 0
      vertex 103.976 40.1915 0.6
      vertex 104.135 39.4664 0.6
    endloop
  endfacet
  facet normal 0.967623 0.2524 0
    outer loop
      vertex 103.789 40.9084 0
      vertex 103.976 40.1915 0.6
      vertex 103.976 40.1915 0
    endloop
  endfacet
  facet normal 0.967623 0.2524 -0
    outer loop
      vertex 103.789 40.9084 0
      vertex 103.789 40.9084 0.6
      vertex 103.976 40.1915 0.6
    endloop
  endfacet
  facet normal 0.956842 0.290608 0
    outer loop
      vertex 103.574 41.6163 0
      vertex 103.789 40.9084 0.6
      vertex 103.789 40.9084 0
    endloop
  endfacet
  facet normal 0.956842 0.290608 -0
    outer loop
      vertex 103.574 41.6163 0
      vertex 103.574 41.6163 0.6
      vertex 103.789 40.9084 0.6
    endloop
  endfacet
  facet normal 0.944869 0.32745 0
    outer loop
      vertex 103.332 42.3146 0
      vertex 103.574 41.6163 0.6
      vertex 103.574 41.6163 0
    endloop
  endfacet
  facet normal 0.944869 0.32745 -0
    outer loop
      vertex 103.332 42.3146 0
      vertex 103.332 42.3146 0.6
      vertex 103.574 41.6163 0.6
    endloop
  endfacet
  facet normal 0.931325 0.36419 0
    outer loop
      vertex 103.063 43.0025 0
      vertex 103.332 42.3146 0.6
      vertex 103.332 42.3146 0
    endloop
  endfacet
  facet normal 0.931325 0.36419 -0
    outer loop
      vertex 103.063 43.0025 0
      vertex 103.063 43.0025 0.6
      vertex 103.332 42.3146 0.6
    endloop
  endfacet
  facet normal 0.916229 0.400656 0
    outer loop
      vertex 102.767 43.6794 0
      vertex 103.063 43.0025 0.6
      vertex 103.063 43.0025 0
    endloop
  endfacet
  facet normal 0.916229 0.400656 -0
    outer loop
      vertex 102.767 43.6794 0
      vertex 102.767 43.6794 0.6
      vertex 103.063 43.0025 0.6
    endloop
  endfacet
  facet normal 0.899534 0.436851 0
    outer loop
      vertex 102.444 44.3445 0
      vertex 102.767 43.6794 0.6
      vertex 102.767 43.6794 0
    endloop
  endfacet
  facet normal 0.899534 0.436851 -0
    outer loop
      vertex 102.444 44.3445 0
      vertex 102.444 44.3445 0.6
      vertex 102.767 43.6794 0.6
    endloop
  endfacet
  facet normal 0.881319 0.472521 0
    outer loop
      vertex 102.094 44.9973 0
      vertex 102.444 44.3445 0.6
      vertex 102.444 44.3445 0
    endloop
  endfacet
  facet normal 0.881319 0.472521 -0
    outer loop
      vertex 102.094 44.9973 0
      vertex 102.094 44.9973 0.6
      vertex 102.444 44.3445 0.6
    endloop
  endfacet
  facet normal 0.862696 0.505723 0
    outer loop
      vertex 101.719 45.637 0
      vertex 102.094 44.9973 0.6
      vertex 102.094 44.9973 0
    endloop
  endfacet
  facet normal 0.862696 0.505723 -0
    outer loop
      vertex 101.719 45.637 0
      vertex 101.719 45.637 0.6
      vertex 102.094 44.9973 0.6
    endloop
  endfacet
  facet normal 0.842051 0.539397 0
    outer loop
      vertex 101.318 46.263 0
      vertex 101.719 45.637 0.6
      vertex 101.719 45.637 0
    endloop
  endfacet
  facet normal 0.842051 0.539397 -0
    outer loop
      vertex 101.318 46.263 0
      vertex 101.318 46.263 0.6
      vertex 101.719 45.637 0.6
    endloop
  endfacet
  facet normal 0.819893 0.572517 0
    outer loop
      vertex 100.891 46.8745 0
      vertex 101.318 46.263 0.6
      vertex 101.318 46.263 0
    endloop
  endfacet
  facet normal 0.819893 0.572517 -0
    outer loop
      vertex 100.891 46.8745 0
      vertex 100.891 46.8745 0.6
      vertex 101.318 46.263 0.6
    endloop
  endfacet
  facet normal 0.796975 0.604012 0
    outer loop
      vertex 100.439 47.4709 0
      vertex 100.891 46.8745 0.6
      vertex 100.891 46.8745 0
    endloop
  endfacet
  facet normal 0.796975 0.604012 -0
    outer loop
      vertex 100.439 47.4709 0
      vertex 100.439 47.4709 0.6
      vertex 100.891 46.8745 0.6
    endloop
  endfacet
  facet normal 0.773013 0.63439 0
    outer loop
      vertex 99.9626 48.0514 0
      vertex 100.439 47.4709 0.6
      vertex 100.439 47.4709 0
    endloop
  endfacet
  facet normal 0.773013 0.63439 -0
    outer loop
      vertex 99.9626 48.0514 0
      vertex 99.9626 48.0514 0.6
      vertex 100.439 47.4709 0.6
    endloop
  endfacet
  facet normal 0.747292 0.664495 0
    outer loop
      vertex 99.461 48.6155 0
      vertex 99.9626 48.0514 0.6
      vertex 99.9626 48.0514 0
    endloop
  endfacet
  facet normal 0.747292 0.664495 -0
    outer loop
      vertex 99.461 48.6155 0
      vertex 99.461 48.6155 0.6
      vertex 99.9626 48.0514 0.6
    endloop
  endfacet
  facet normal 0.720808 0.693135 0
    outer loop
      vertex 98.935 49.1625 0
      vertex 99.461 48.6155 0.6
      vertex 99.461 48.6155 0
    endloop
  endfacet
  facet normal 0.720808 0.693135 -0
    outer loop
      vertex 98.935 49.1625 0
      vertex 98.935 49.1625 0.6
      vertex 99.461 48.6155 0.6
    endloop
  endfacet
  facet normal 0.694466 0.719526 0
    outer loop
      vertex 98.4469 49.6336 0
      vertex 98.935 49.1625 0.6
      vertex 98.935 49.1625 0
    endloop
  endfacet
  facet normal 0.694466 0.719526 -0
    outer loop
      vertex 98.4469 49.6336 0
      vertex 98.4469 49.6336 0.6
      vertex 98.935 49.1625 0.6
    endloop
  endfacet
  facet normal 0.668508 0.743705 0
    outer loop
      vertex 97.9435 50.0861 0
      vertex 98.4469 49.6336 0.6
      vertex 98.4469 49.6336 0
    endloop
  endfacet
  facet normal 0.668508 0.743705 -0
    outer loop
      vertex 97.9435 50.0861 0
      vertex 97.9435 50.0861 0.6
      vertex 98.4469 49.6336 0.6
    endloop
  endfacet
  facet normal 0.641945 0.766751 0
    outer loop
      vertex 97.4256 50.5197 0
      vertex 97.9435 50.0861 0.6
      vertex 97.9435 50.0861 0
    endloop
  endfacet
  facet normal 0.641945 0.766751 -0
    outer loop
      vertex 97.4256 50.5197 0
      vertex 97.4256 50.5197 0.6
      vertex 97.9435 50.0861 0.6
    endloop
  endfacet
  facet normal 0.614495 0.788921 0
    outer loop
      vertex 96.8937 50.934 0
      vertex 97.4256 50.5197 0.6
      vertex 97.4256 50.5197 0
    endloop
  endfacet
  facet normal 0.614495 0.788921 -0
    outer loop
      vertex 96.8937 50.934 0
      vertex 96.8937 50.934 0.6
      vertex 97.4256 50.5197 0.6
    endloop
  endfacet
  facet normal 0.586466 0.809974 0
    outer loop
      vertex 96.3483 51.3289 0
      vertex 96.8937 50.934 0.6
      vertex 96.8937 50.934 0
    endloop
  endfacet
  facet normal 0.586466 0.809974 -0
    outer loop
      vertex 96.3483 51.3289 0
      vertex 96.3483 51.3289 0.6
      vertex 96.8937 50.934 0.6
    endloop
  endfacet
  facet normal 0.557853 0.82994 0
    outer loop
      vertex 95.7901 51.7041 0
      vertex 96.3483 51.3289 0.6
      vertex 96.3483 51.3289 0
    endloop
  endfacet
  facet normal 0.557853 0.82994 -0
    outer loop
      vertex 95.7901 51.7041 0
      vertex 95.7901 51.7041 0.6
      vertex 96.3483 51.3289 0.6
    endloop
  endfacet
  facet normal 0.528366 0.849017 0
    outer loop
      vertex 95.2195 52.0592 0
      vertex 95.7901 51.7041 0.6
      vertex 95.7901 51.7041 0
    endloop
  endfacet
  facet normal 0.528366 0.849017 -0
    outer loop
      vertex 95.2195 52.0592 0
      vertex 95.2195 52.0592 0.6
      vertex 95.7901 51.7041 0.6
    endloop
  endfacet
  facet normal 0.49851 0.866884 0
    outer loop
      vertex 94.6373 52.394 0
      vertex 95.2195 52.0592 0.6
      vertex 95.2195 52.0592 0
    endloop
  endfacet
  facet normal 0.49851 0.866884 -0
    outer loop
      vertex 94.6373 52.394 0
      vertex 94.6373 52.394 0.6
      vertex 95.2195 52.0592 0.6
    endloop
  endfacet
  facet normal 0.467942 0.883759 0
    outer loop
      vertex 94.0439 52.7082 0
      vertex 94.6373 52.394 0.6
      vertex 94.6373 52.394 0
    endloop
  endfacet
  facet normal 0.467942 0.883759 -0
    outer loop
      vertex 94.0439 52.7082 0
      vertex 94.0439 52.7082 0.6
      vertex 94.6373 52.394 0.6
    endloop
  endfacet
  facet normal 0.436876 0.899522 0
    outer loop
      vertex 93.44 53.0015 0
      vertex 94.0439 52.7082 0.6
      vertex 94.0439 52.7082 0
    endloop
  endfacet
  facet normal 0.436876 0.899522 -0
    outer loop
      vertex 93.44 53.0015 0
      vertex 93.44 53.0015 0.6
      vertex 94.0439 52.7082 0.6
    endloop
  endfacet
  facet normal 0.405461 0.914112 0
    outer loop
      vertex 92.8261 53.2738 0
      vertex 93.44 53.0015 0.6
      vertex 93.44 53.0015 0
    endloop
  endfacet
  facet normal 0.405461 0.914112 -0
    outer loop
      vertex 92.8261 53.2738 0
      vertex 92.8261 53.2738 0.6
      vertex 93.44 53.0015 0.6
    endloop
  endfacet
  facet normal 0.373289 0.927715 0
    outer loop
      vertex 92.2028 53.5246 0
      vertex 92.8261 53.2738 0.6
      vertex 92.8261 53.2738 0
    endloop
  endfacet
  facet normal 0.373289 0.927715 -0
    outer loop
      vertex 92.2028 53.5246 0
      vertex 92.2028 53.5246 0.6
      vertex 92.8261 53.2738 0.6
    endloop
  endfacet
  facet normal 0.340883 0.940106 0
    outer loop
      vertex 91.5707 53.7538 0
      vertex 92.2028 53.5246 0.6
      vertex 92.2028 53.5246 0
    endloop
  endfacet
  facet normal 0.340883 0.940106 -0
    outer loop
      vertex 91.5707 53.7538 0
      vertex 91.5707 53.7538 0.6
      vertex 92.2028 53.5246 0.6
    endloop
  endfacet
  facet normal 0.307745 0.951469 0
    outer loop
      vertex 90.9304 53.9609 0
      vertex 91.5707 53.7538 0.6
      vertex 91.5707 53.7538 0
    endloop
  endfacet
  facet normal 0.307745 0.951469 -0
    outer loop
      vertex 90.9304 53.9609 0
      vertex 90.9304 53.9609 0.6
      vertex 91.5707 53.7538 0.6
    endloop
  endfacet
  facet normal 0.274486 0.961591 0
    outer loop
      vertex 90.2823 54.1459 0
      vertex 90.9304 53.9609 0.6
      vertex 90.9304 53.9609 0
    endloop
  endfacet
  facet normal 0.274486 0.961591 -0
    outer loop
      vertex 90.2823 54.1459 0
      vertex 90.2823 54.1459 0.6
      vertex 90.9304 53.9609 0.6
    endloop
  endfacet
  facet normal 0.240618 0.97062 0
    outer loop
      vertex 89.6272 54.3083 0
      vertex 90.2823 54.1459 0.6
      vertex 90.2823 54.1459 0
    endloop
  endfacet
  facet normal 0.240618 0.97062 -0
    outer loop
      vertex 89.6272 54.3083 0
      vertex 89.6272 54.3083 0.6
      vertex 90.2823 54.1459 0.6
    endloop
  endfacet
  facet normal 0.206629 0.978419 0
    outer loop
      vertex 88.9657 54.448 0
      vertex 89.6272 54.3083 0.6
      vertex 89.6272 54.3083 0
    endloop
  endfacet
  facet normal 0.206629 0.978419 -0
    outer loop
      vertex 88.9657 54.448 0
      vertex 88.9657 54.448 0.6
      vertex 89.6272 54.3083 0.6
    endloop
  endfacet
  facet normal 0.172051 0.985088 0
    outer loop
      vertex 88.2981 54.5646 0
      vertex 88.9657 54.448 0.6
      vertex 88.9657 54.448 0
    endloop
  endfacet
  facet normal 0.172051 0.985088 -0
    outer loop
      vertex 88.2981 54.5646 0
      vertex 88.2981 54.5646 0.6
      vertex 88.9657 54.448 0.6
    endloop
  endfacet
  facet normal 0.137195 0.990544 0
    outer loop
      vertex 87.6252 54.6578 0
      vertex 88.2981 54.5646 0.6
      vertex 88.2981 54.5646 0
    endloop
  endfacet
  facet normal 0.137195 0.990544 -0
    outer loop
      vertex 87.6252 54.6578 0
      vertex 87.6252 54.6578 0.6
      vertex 88.2981 54.5646 0.6
    endloop
  endfacet
  facet normal 0.102308 0.994753 0
    outer loop
      vertex 86.9475 54.7275 0
      vertex 87.6252 54.6578 0.6
      vertex 87.6252 54.6578 0
    endloop
  endfacet
  facet normal 0.102308 0.994753 -0
    outer loop
      vertex 86.9475 54.7275 0
      vertex 86.9475 54.7275 0.6
      vertex 87.6252 54.6578 0.6
    endloop
  endfacet
  facet normal 0.105828 0.994385 0
    outer loop
      vertex 86.5942 54.7651 0
      vertex 86.9475 54.7275 0.6
      vertex 86.9475 54.7275 0
    endloop
  endfacet
  facet normal 0.105828 0.994385 -0
    outer loop
      vertex 86.5942 54.7651 0
      vertex 86.5942 54.7651 0.6
      vertex 86.9475 54.7275 0.6
    endloop
  endfacet
  facet normal 0.140829 0.990034 0
    outer loop
      vertex 86.2434 54.815 0
      vertex 86.5942 54.7651 0.6
      vertex 86.5942 54.7651 0
    endloop
  endfacet
  facet normal 0.140829 0.990034 -0
    outer loop
      vertex 86.2434 54.815 0
      vertex 86.2434 54.815 0.6
      vertex 86.5942 54.7651 0.6
    endloop
  endfacet
  facet normal 0.174753 0.984612 0
    outer loop
      vertex 85.8952 54.8768 0
      vertex 86.2434 54.815 0.6
      vertex 86.2434 54.815 0
    endloop
  endfacet
  facet normal 0.174753 0.984612 -0
    outer loop
      vertex 85.8952 54.8768 0
      vertex 85.8952 54.8768 0.6
      vertex 86.2434 54.815 0.6
    endloop
  endfacet
  facet normal 0.209181 0.977877 0
    outer loop
      vertex 85.5502 54.9506 0
      vertex 85.8952 54.8768 0.6
      vertex 85.8952 54.8768 0
    endloop
  endfacet
  facet normal 0.209181 0.977877 -0
    outer loop
      vertex 85.5502 54.9506 0
      vertex 85.5502 54.9506 0.6
      vertex 85.8952 54.8768 0.6
    endloop
  endfacet
  facet normal 0.243003 0.970025 0
    outer loop
      vertex 85.2085 55.0362 0
      vertex 85.5502 54.9506 0.6
      vertex 85.5502 54.9506 0
    endloop
  endfacet
  facet normal 0.243003 0.970025 -0
    outer loop
      vertex 85.2085 55.0362 0
      vertex 85.2085 55.0362 0.6
      vertex 85.5502 54.9506 0.6
    endloop
  endfacet
  facet normal 0.276298 0.961072 0
    outer loop
      vertex 84.8704 55.1334 0
      vertex 85.2085 55.0362 0.6
      vertex 85.2085 55.0362 0
    endloop
  endfacet
  facet normal 0.276298 0.961072 -0
    outer loop
      vertex 84.8704 55.1334 0
      vertex 84.8704 55.1334 0.6
      vertex 85.2085 55.0362 0.6
    endloop
  endfacet
  facet normal 0.309131 0.951019 0
    outer loop
      vertex 84.5363 55.242 0
      vertex 84.8704 55.1334 0.6
      vertex 84.8704 55.1334 0
    endloop
  endfacet
  facet normal 0.309131 0.951019 -0
    outer loop
      vertex 84.5363 55.242 0
      vertex 84.5363 55.242 0.6
      vertex 84.8704 55.1334 0.6
    endloop
  endfacet
  facet normal 0.342018 0.939694 0
    outer loop
      vertex 84.2066 55.362 0
      vertex 84.5363 55.242 0.6
      vertex 84.5363 55.242 0
    endloop
  endfacet
  facet normal 0.342018 0.939694 -0
    outer loop
      vertex 84.2066 55.362 0
      vertex 84.2066 55.362 0.6
      vertex 84.5363 55.242 0.6
    endloop
  endfacet
  facet normal 0.373897 0.92747 0
    outer loop
      vertex 83.8814 55.4931 0
      vertex 84.2066 55.362 0.6
      vertex 84.2066 55.362 0
    endloop
  endfacet
  facet normal 0.373897 0.92747 -0
    outer loop
      vertex 83.8814 55.4931 0
      vertex 83.8814 55.4931 0.6
      vertex 84.2066 55.362 0.6
    endloop
  endfacet
  facet normal 0.405874 0.913929 0
    outer loop
      vertex 83.5612 55.6353 0
      vertex 83.8814 55.4931 0.6
      vertex 83.8814 55.4931 0
    endloop
  endfacet
  facet normal 0.405874 0.913929 -0
    outer loop
      vertex 83.5612 55.6353 0
      vertex 83.5612 55.6353 0.6
      vertex 83.8814 55.4931 0.6
    endloop
  endfacet
  facet normal 0.437247 0.899341 0
    outer loop
      vertex 83.2463 55.7884 0
      vertex 83.5612 55.6353 0.6
      vertex 83.5612 55.6353 0
    endloop
  endfacet
  facet normal 0.437247 0.899341 -0
    outer loop
      vertex 83.2463 55.7884 0
      vertex 83.2463 55.7884 0.6
      vertex 83.5612 55.6353 0.6
    endloop
  endfacet
  facet normal 0.467888 0.883788 0
    outer loop
      vertex 82.9369 55.9522 0
      vertex 83.2463 55.7884 0.6
      vertex 83.2463 55.7884 0
    endloop
  endfacet
  facet normal 0.467888 0.883788 -0
    outer loop
      vertex 82.9369 55.9522 0
      vertex 82.9369 55.9522 0.6
      vertex 83.2463 55.7884 0.6
    endloop
  endfacet
  facet normal 0.49823 0.867045 0
    outer loop
      vertex 82.6334 56.1266 0
      vertex 82.9369 55.9522 0.6
      vertex 82.9369 55.9522 0
    endloop
  endfacet
  facet normal 0.49823 0.867045 -0
    outer loop
      vertex 82.6334 56.1266 0
      vertex 82.6334 56.1266 0.6
      vertex 82.9369 55.9522 0.6
    endloop
  endfacet
  facet normal 0.528123 0.849168 0
    outer loop
      vertex 82.3361 56.3115 0
      vertex 82.6334 56.1266 0.6
      vertex 82.6334 56.1266 0
    endloop
  endfacet
  facet normal 0.528123 0.849168 -0
    outer loop
      vertex 82.3361 56.3115 0
      vertex 82.3361 56.3115 0.6
      vertex 82.6334 56.1266 0.6
    endloop
  endfacet
  facet normal 0.557333 0.830289 0
    outer loop
      vertex 82.0453 56.5067 0
      vertex 82.3361 56.3115 0.6
      vertex 82.3361 56.3115 0
    endloop
  endfacet
  facet normal 0.557333 0.830289 -0
    outer loop
      vertex 82.0453 56.5067 0
      vertex 82.0453 56.5067 0.6
      vertex 82.3361 56.3115 0.6
    endloop
  endfacet
  facet normal 0.586032 0.810288 0
    outer loop
      vertex 81.7613 56.7121 0
      vertex 82.0453 56.5067 0.6
      vertex 82.0453 56.5067 0
    endloop
  endfacet
  facet normal 0.586032 0.810288 -0
    outer loop
      vertex 81.7613 56.7121 0
      vertex 81.7613 56.7121 0.6
      vertex 82.0453 56.5067 0.6
    endloop
  endfacet
  facet normal 0.614138 0.789199 0
    outer loop
      vertex 81.4845 56.9275 0
      vertex 81.7613 56.7121 0.6
      vertex 81.7613 56.7121 0
    endloop
  endfacet
  facet normal 0.614138 0.789199 -0
    outer loop
      vertex 81.4845 56.9275 0
      vertex 81.4845 56.9275 0.6
      vertex 81.7613 56.7121 0.6
    endloop
  endfacet
  facet normal 0.641528 0.7671 0
    outer loop
      vertex 81.2151 57.1528 0
      vertex 81.4845 56.9275 0.6
      vertex 81.4845 56.9275 0
    endloop
  endfacet
  facet normal 0.641528 0.7671 -0
    outer loop
      vertex 81.2151 57.1528 0
      vertex 81.2151 57.1528 0.6
      vertex 81.4845 56.9275 0.6
    endloop
  endfacet
  facet normal 0.66843 0.743775 0
    outer loop
      vertex 80.9535 57.3879 0
      vertex 81.2151 57.1528 0.6
      vertex 81.2151 57.1528 0
    endloop
  endfacet
  facet normal 0.66843 0.743775 -0
    outer loop
      vertex 80.9535 57.3879 0
      vertex 80.9535 57.3879 0.6
      vertex 81.2151 57.1528 0.6
    endloop
  endfacet
  facet normal 0.694361 0.719626 0
    outer loop
      vertex 80.7 57.6325 0
      vertex 80.9535 57.3879 0.6
      vertex 80.9535 57.3879 0
    endloop
  endfacet
  facet normal 0.694361 0.719626 -0
    outer loop
      vertex 80.7 57.6325 0
      vertex 80.7 57.6325 0.6
      vertex 80.9535 57.3879 0.6
    endloop
  endfacet
  facet normal 0.725953 0.687745 0
    outer loop
      vertex 80.385 57.965 0
      vertex 80.7 57.6325 0.6
      vertex 80.7 57.6325 0
    endloop
  endfacet
  facet normal 0.725953 0.687745 -0
    outer loop
      vertex 80.385 57.965 0
      vertex 80.385 57.965 0.6
      vertex 80.7 57.6325 0.6
    endloop
  endfacet
  facet normal 0.693051 0.720889 0
    outer loop
      vertex 80.038 58.2986 0
      vertex 80.385 57.965 0.6
      vertex 80.385 57.965 0
    endloop
  endfacet
  facet normal 0.693051 0.720889 -0
    outer loop
      vertex 80.038 58.2986 0
      vertex 80.038 58.2986 0.6
      vertex 80.385 57.965 0.6
    endloop
  endfacet
  facet normal 0.664338 0.747432 0
    outer loop
      vertex 79.68 58.6168 0
      vertex 80.038 58.2986 0.6
      vertex 80.038 58.2986 0
    endloop
  endfacet
  facet normal 0.664338 0.747432 -0
    outer loop
      vertex 79.68 58.6168 0
      vertex 79.68 58.6168 0.6
      vertex 80.038 58.2986 0.6
    endloop
  endfacet
  facet normal 0.634413 0.772994 0
    outer loop
      vertex 79.3113 58.9194 0
      vertex 79.68 58.6168 0.6
      vertex 79.68 58.6168 0
    endloop
  endfacet
  facet normal 0.634413 0.772994 -0
    outer loop
      vertex 79.3113 58.9194 0
      vertex 79.3113 58.9194 0.6
      vertex 79.68 58.6168 0.6
    endloop
  endfacet
  facet normal 0.603529 0.797341 0
    outer loop
      vertex 78.9324 59.2062 0
      vertex 79.3113 58.9194 0.6
      vertex 79.3113 58.9194 0
    endloop
  endfacet
  facet normal 0.603529 0.797341 -0
    outer loop
      vertex 78.9324 59.2062 0
      vertex 78.9324 59.2062 0.6
      vertex 79.3113 58.9194 0.6
    endloop
  endfacet
  facet normal 0.571775 0.82041 0
    outer loop
      vertex 78.5437 59.4771 0
      vertex 78.9324 59.2062 0.6
      vertex 78.9324 59.2062 0
    endloop
  endfacet
  facet normal 0.571775 0.82041 -0
    outer loop
      vertex 78.5437 59.4771 0
      vertex 78.5437 59.4771 0.6
      vertex 78.9324 59.2062 0.6
    endloop
  endfacet
  facet normal 0.539024 0.842291 0
    outer loop
      vertex 78.1457 59.7318 0
      vertex 78.5437 59.4771 0.6
      vertex 78.5437 59.4771 0
    endloop
  endfacet
  facet normal 0.539024 0.842291 -0
    outer loop
      vertex 78.1457 59.7318 0
      vertex 78.1457 59.7318 0.6
      vertex 78.5437 59.4771 0.6
    endloop
  endfacet
  facet normal 0.505518 0.862816 0
    outer loop
      vertex 77.7388 59.9702 0
      vertex 78.1457 59.7318 0.6
      vertex 78.1457 59.7318 0
    endloop
  endfacet
  facet normal 0.505518 0.862816 -0
    outer loop
      vertex 77.7388 59.9702 0
      vertex 77.7388 59.9702 0.6
      vertex 78.1457 59.7318 0.6
    endloop
  endfacet
  facet normal 0.47126 0.881994 0
    outer loop
      vertex 77.3235 60.1921 0
      vertex 77.7388 59.9702 0.6
      vertex 77.7388 59.9702 0
    endloop
  endfacet
  facet normal 0.47126 0.881994 -0
    outer loop
      vertex 77.3235 60.1921 0
      vertex 77.3235 60.1921 0.6
      vertex 77.7388 59.9702 0.6
    endloop
  endfacet
  facet normal 0.436211 0.899844 0
    outer loop
      vertex 76.9002 60.3973 0
      vertex 77.3235 60.1921 0.6
      vertex 77.3235 60.1921 0
    endloop
  endfacet
  facet normal 0.436211 0.899844 -0
    outer loop
      vertex 76.9002 60.3973 0
      vertex 76.9002 60.3973 0.6
      vertex 77.3235 60.1921 0.6
    endloop
  endfacet
  facet normal 0.400506 0.916294 0
    outer loop
      vertex 76.4694 60.5856 0
      vertex 76.9002 60.3973 0.6
      vertex 76.9002 60.3973 0
    endloop
  endfacet
  facet normal 0.400506 0.916294 -0
    outer loop
      vertex 76.4694 60.5856 0
      vertex 76.4694 60.5856 0.6
      vertex 76.9002 60.3973 0.6
    endloop
  endfacet
  facet normal 0.364303 0.93128 0
    outer loop
      vertex 76.0315 60.7569 0
      vertex 76.4694 60.5856 0.6
      vertex 76.4694 60.5856 0
    endloop
  endfacet
  facet normal 0.364303 0.93128 -0
    outer loop
      vertex 76.0315 60.7569 0
      vertex 76.0315 60.7569 0.6
      vertex 76.4694 60.5856 0.6
    endloop
  endfacet
  facet normal 0.327111 0.944986 0
    outer loop
      vertex 75.5869 60.9108 0
      vertex 76.0315 60.7569 0.6
      vertex 76.0315 60.7569 0
    endloop
  endfacet
  facet normal 0.327111 0.944986 -0
    outer loop
      vertex 75.5869 60.9108 0
      vertex 75.5869 60.9108 0.6
      vertex 76.0315 60.7569 0.6
    endloop
  endfacet
  facet normal 0.290055 0.95701 0
    outer loop
      vertex 75.1362 61.0474 0
      vertex 75.5869 60.9108 0.6
      vertex 75.5869 60.9108 0
    endloop
  endfacet
  facet normal 0.290055 0.95701 -0
    outer loop
      vertex 75.1362 61.0474 0
      vertex 75.1362 61.0474 0.6
      vertex 75.5869 60.9108 0.6
    endloop
  endfacet
  facet normal 0.252249 0.967662 0
    outer loop
      vertex 74.6797 61.1664 0
      vertex 75.1362 61.0474 0.6
      vertex 75.1362 61.0474 0
    endloop
  endfacet
  facet normal 0.252249 0.967662 -0
    outer loop
      vertex 74.6797 61.1664 0
      vertex 74.6797 61.1664 0.6
      vertex 75.1362 61.0474 0.6
    endloop
  endfacet
  facet normal 0.214063 0.97682 0
    outer loop
      vertex 74.2179 61.2676 0
      vertex 74.6797 61.1664 0.6
      vertex 74.6797 61.1664 0
    endloop
  endfacet
  facet normal 0.214063 0.97682 -0
    outer loop
      vertex 74.2179 61.2676 0
      vertex 74.2179 61.2676 0.6
      vertex 74.6797 61.1664 0.6
    endloop
  endfacet
  facet normal 0.175542 0.984472 0
    outer loop
      vertex 73.7513 61.3508 0
      vertex 74.2179 61.2676 0.6
      vertex 74.2179 61.2676 0
    endloop
  endfacet
  facet normal 0.175542 0.984472 -0
    outer loop
      vertex 73.7513 61.3508 0
      vertex 73.7513 61.3508 0.6
      vertex 74.2179 61.2676 0.6
    endloop
  endfacet
  facet normal 0.136474 0.990644 0
    outer loop
      vertex 73.2802 61.4157 0
      vertex 73.7513 61.3508 0.6
      vertex 73.7513 61.3508 0
    endloop
  endfacet
  facet normal 0.136474 0.990644 -0
    outer loop
      vertex 73.2802 61.4157 0
      vertex 73.2802 61.4157 0.6
      vertex 73.7513 61.3508 0.6
    endloop
  endfacet
  facet normal 0.097844 0.995202 0
    outer loop
      vertex 72.8052 61.4624 0
      vertex 73.2802 61.4157 0.6
      vertex 73.2802 61.4157 0
    endloop
  endfacet
  facet normal 0.097844 0.995202 -0
    outer loop
      vertex 72.8052 61.4624 0
      vertex 72.8052 61.4624 0.6
      vertex 73.2802 61.4157 0.6
    endloop
  endfacet
  facet normal 0.0588198 0.998269 0
    outer loop
      vertex 72.3266 61.4906 0
      vertex 72.8052 61.4624 0.6
      vertex 72.8052 61.4624 0
    endloop
  endfacet
  facet normal 0.0588198 0.998269 -0
    outer loop
      vertex 72.3266 61.4906 0
      vertex 72.3266 61.4906 0.6
      vertex 72.8052 61.4624 0.6
    endloop
  endfacet
  facet normal 0.0195146 0.99981 0
    outer loop
      vertex 71.845 61.5 0
      vertex 72.3266 61.4906 0.6
      vertex 72.3266 61.4906 0
    endloop
  endfacet
  facet normal 0.0195146 0.99981 -0
    outer loop
      vertex 71.845 61.5 0
      vertex 71.845 61.5 0.6
      vertex 72.3266 61.4906 0.6
    endloop
  endfacet
  facet normal -0.0194178 0.999811 0
    outer loop
      vertex 71.361 61.4906 0
      vertex 71.845 61.5 0.6
      vertex 71.845 61.5 0
    endloop
  endfacet
  facet normal -0.0194178 0.999811 0
    outer loop
      vertex 71.361 61.4906 0
      vertex 71.361 61.4906 0.6
      vertex 71.845 61.5 0.6
    endloop
  endfacet
  facet normal -0.0586002 0.998282 0
    outer loop
      vertex 70.8806 61.4624 0
      vertex 71.361 61.4906 0.6
      vertex 71.361 61.4906 0
    endloop
  endfacet
  facet normal -0.0586002 0.998282 0
    outer loop
      vertex 70.8806 61.4624 0
      vertex 70.8806 61.4624 0.6
      vertex 71.361 61.4906 0.6
    endloop
  endfacet
  facet normal -0.0975187 0.995234 0
    outer loop
      vertex 70.404 61.4157 0
      vertex 70.8806 61.4624 0.6
      vertex 70.8806 61.4624 0
    endloop
  endfacet
  facet normal -0.0975187 0.995234 0
    outer loop
      vertex 70.404 61.4157 0
      vertex 70.404 61.4157 0.6
      vertex 70.8806 61.4624 0.6
    endloop
  endfacet
  facet normal -0.136162 0.990687 0
    outer loop
      vertex 69.9318 61.3508 0
      vertex 70.404 61.4157 0.6
      vertex 70.404 61.4157 0
    endloop
  endfacet
  facet normal -0.136162 0.990687 0
    outer loop
      vertex 69.9318 61.3508 0
      vertex 69.9318 61.3508 0.6
      vertex 70.404 61.4157 0.6
    endloop
  endfacet
  facet normal -0.175178 0.984537 0
    outer loop
      vertex 69.4642 61.2676 0
      vertex 69.9318 61.3508 0.6
      vertex 69.9318 61.3508 0
    endloop
  endfacet
  facet normal -0.175178 0.984537 0
    outer loop
      vertex 69.4642 61.2676 0
      vertex 69.4642 61.2676 0.6
      vertex 69.9318 61.3508 0.6
    endloop
  endfacet
  facet normal -0.213754 0.976888 0
    outer loop
      vertex 69.0017 61.1664 0
      vertex 69.4642 61.2676 0.6
      vertex 69.4642 61.2676 0
    endloop
  endfacet
  facet normal -0.213754 0.976888 0
    outer loop
      vertex 69.0017 61.1664 0
      vertex 69.0017 61.1664 0.6
      vertex 69.4642 61.2676 0.6
    endloop
  endfacet
  facet normal -0.251939 0.967743 0
    outer loop
      vertex 68.5446 61.0474 0
      vertex 69.0017 61.1664 0.6
      vertex 69.0017 61.1664 0
    endloop
  endfacet
  facet normal -0.251939 0.967743 0
    outer loop
      vertex 68.5446 61.0474 0
      vertex 68.5446 61.0474 0.6
      vertex 69.0017 61.1664 0.6
    endloop
  endfacet
  facet normal -0.289701 0.957117 0
    outer loop
      vertex 68.0933 60.9108 0
      vertex 68.5446 61.0474 0.6
      vertex 68.5446 61.0474 0
    endloop
  endfacet
  facet normal -0.289701 0.957117 0
    outer loop
      vertex 68.0933 60.9108 0
      vertex 68.0933 60.9108 0.6
      vertex 68.5446 61.0474 0.6
    endloop
  endfacet
  facet normal -0.326782 0.9451 0
    outer loop
      vertex 67.6482 60.7569 0
      vertex 68.0933 60.9108 0.6
      vertex 68.0933 60.9108 0
    endloop
  endfacet
  facet normal -0.326782 0.9451 0
    outer loop
      vertex 67.6482 60.7569 0
      vertex 67.6482 60.7569 0.6
      vertex 68.0933 60.9108 0.6
    endloop
  endfacet
  facet normal -0.363871 0.931449 0
    outer loop
      vertex 67.2097 60.5856 0
      vertex 67.6482 60.7569 0.6
      vertex 67.6482 60.7569 0
    endloop
  endfacet
  facet normal -0.363871 0.931449 0
    outer loop
      vertex 67.2097 60.5856 0
      vertex 67.2097 60.5856 0.6
      vertex 67.6482 60.7569 0.6
    endloop
  endfacet
  facet normal -0.399961 0.916532 0
    outer loop
      vertex 66.7782 60.3973 0
      vertex 67.2097 60.5856 0.6
      vertex 67.2097 60.5856 0
    endloop
  endfacet
  facet normal -0.399961 0.916532 0
    outer loop
      vertex 66.7782 60.3973 0
      vertex 66.7782 60.3973 0.6
      vertex 67.2097 60.5856 0.6
    endloop
  endfacet
  facet normal -0.435461 0.900208 0
    outer loop
      vertex 66.354 60.1921 0
      vertex 66.7782 60.3973 0.6
      vertex 66.7782 60.3973 0
    endloop
  endfacet
  facet normal -0.435461 0.900208 0
    outer loop
      vertex 66.354 60.1921 0
      vertex 66.354 60.1921 0.6
      vertex 66.7782 60.3973 0.6
    endloop
  endfacet
  facet normal -0.470115 0.882605 0
    outer loop
      vertex 65.9374 59.9702 0
      vertex 66.354 60.1921 0.6
      vertex 66.354 60.1921 0
    endloop
  endfacet
  facet normal -0.470115 0.882605 0
    outer loop
      vertex 65.9374 59.9702 0
      vertex 65.9374 59.9702 0.6
      vertex 66.354 60.1921 0.6
    endloop
  endfacet
  facet normal -0.504226 0.863572 0
    outer loop
      vertex 65.5291 59.7318 0
      vertex 65.9374 59.9702 0.6
      vertex 65.9374 59.9702 0
    endloop
  endfacet
  facet normal -0.504226 0.863572 0
    outer loop
      vertex 65.5291 59.7318 0
      vertex 65.5291 59.7318 0.6
      vertex 65.9374 59.9702 0.6
    endloop
  endfacet
  facet normal -0.537107 0.843514 0
    outer loop
      vertex 65.1291 59.4771 0
      vertex 65.5291 59.7318 0.6
      vertex 65.5291 59.7318 0
    endloop
  endfacet
  facet normal -0.537107 0.843514 0
    outer loop
      vertex 65.1291 59.4771 0
      vertex 65.1291 59.4771 0.6
      vertex 65.5291 59.7318 0.6
    endloop
  endfacet
  facet normal -0.569505 0.821988 0
    outer loop
      vertex 64.7381 59.2062 0
      vertex 65.1291 59.4771 0.6
      vertex 65.1291 59.4771 0
    endloop
  endfacet
  facet normal -0.569505 0.821988 0
    outer loop
      vertex 64.7381 59.2062 0
      vertex 64.7381 59.2062 0.6
      vertex 65.1291 59.4771 0.6
    endloop
  endfacet
  facet normal -0.600502 0.799623 0
    outer loop
      vertex 64.3562 58.9194 0
      vertex 64.7381 59.2062 0.6
      vertex 64.7381 59.2062 0
    endloop
  endfacet
  facet normal -0.600502 0.799623 0
    outer loop
      vertex 64.3562 58.9194 0
      vertex 64.3562 58.9194 0.6
      vertex 64.7381 59.2062 0.6
    endloop
  endfacet
  facet normal -0.630828 0.775923 0
    outer loop
      vertex 63.984 58.6168 0
      vertex 64.3562 58.9194 0.6
      vertex 64.3562 58.9194 0
    endloop
  endfacet
  facet normal -0.630828 0.775923 0
    outer loop
      vertex 63.984 58.6168 0
      vertex 63.984 58.6168 0.6
      vertex 64.3562 58.9194 0.6
    endloop
  endfacet
  facet normal -0.660001 0.751265 0
    outer loop
      vertex 63.6218 58.2986 0
      vertex 63.984 58.6168 0.6
      vertex 63.984 58.6168 0
    endloop
  endfacet
  facet normal -0.660001 0.751265 0
    outer loop
      vertex 63.6218 58.2986 0
      vertex 63.6218 58.2986 0.6
      vertex 63.984 58.6168 0.6
    endloop
  endfacet
  facet normal -0.688088 0.725627 0
    outer loop
      vertex 63.27 57.965 0
      vertex 63.6218 58.2986 0.6
      vertex 63.6218 58.2986 0
    endloop
  endfacet
  facet normal -0.688088 0.725627 0
    outer loop
      vertex 63.27 57.965 0
      vertex 63.27 57.965 0.6
      vertex 63.6218 58.2986 0.6
    endloop
  endfacet
  facet normal -0.720889 0.693051 0
    outer loop
      vertex 62.9364 57.618 0
      vertex 63.27 57.965 0.6
      vertex 63.27 57.965 0
    endloop
  endfacet
  facet normal -0.720889 0.693051 0
    outer loop
      vertex 62.9364 57.618 0
      vertex 62.9364 57.618 0.6
      vertex 63.27 57.965 0.6
    endloop
  endfacet
  facet normal -0.747432 0.664338 0
    outer loop
      vertex 62.6182 57.26 0
      vertex 62.9364 57.618 0.6
      vertex 62.9364 57.618 0
    endloop
  endfacet
  facet normal -0.747432 0.664338 0
    outer loop
      vertex 62.6182 57.26 0
      vertex 62.6182 57.26 0.6
      vertex 62.9364 57.618 0.6
    endloop
  endfacet
  facet normal -0.772994 0.634413 0
    outer loop
      vertex 62.3156 56.8913 0
      vertex 62.6182 57.26 0.6
      vertex 62.6182 57.26 0
    endloop
  endfacet
  facet normal -0.772994 0.634413 0
    outer loop
      vertex 62.3156 56.8913 0
      vertex 62.3156 56.8913 0.6
      vertex 62.6182 57.26 0.6
    endloop
  endfacet
  facet normal -0.797417 0.603428 0
    outer loop
      vertex 62.0288 56.5123 0
      vertex 62.3156 56.8913 0.6
      vertex 62.3156 56.8913 0
    endloop
  endfacet
  facet normal -0.797417 0.603428 0
    outer loop
      vertex 62.0288 56.5123 0
      vertex 62.0288 56.5123 0.6
      vertex 62.3156 56.8913 0.6
    endloop
  endfacet
  facet normal -0.820341 0.571874 0
    outer loop
      vertex 61.7579 56.1237 0
      vertex 62.0288 56.5123 0.6
      vertex 62.0288 56.5123 0
    endloop
  endfacet
  facet normal -0.820341 0.571874 0
    outer loop
      vertex 61.7579 56.1237 0
      vertex 61.7579 56.1237 0.6
      vertex 62.0288 56.5123 0.6
    endloop
  endfacet
  facet normal -0.842291 0.539024 0
    outer loop
      vertex 61.5032 55.7257 0
      vertex 61.7579 56.1237 0.6
      vertex 61.7579 56.1237 0
    endloop
  endfacet
  facet normal -0.842291 0.539024 0
    outer loop
      vertex 61.5032 55.7257 0
      vertex 61.5032 55.7257 0.6
      vertex 61.7579 56.1237 0.6
    endloop
  endfacet
  facet normal -0.862816 0.505518 0
    outer loop
      vertex 61.2648 55.3188 0
      vertex 61.5032 55.7257 0.6
      vertex 61.5032 55.7257 0
    endloop
  endfacet
  facet normal -0.862816 0.505518 0
    outer loop
      vertex 61.2648 55.3188 0
      vertex 61.2648 55.3188 0.6
      vertex 61.5032 55.7257 0.6
    endloop
  endfacet
  facet normal -0.882041 0.471172 0
    outer loop
      vertex 61.0429 54.9034 0
      vertex 61.2648 55.3188 0.6
      vertex 61.2648 55.3188 0
    endloop
  endfacet
  facet normal -0.882041 0.471172 0
    outer loop
      vertex 61.0429 54.9034 0
      vertex 61.0429 54.9034 0.6
      vertex 61.2648 55.3188 0.6
    endloop
  endfacet
  facet normal -0.899804 0.436294 0
    outer loop
      vertex 60.8377 54.4802 0
      vertex 61.0429 54.9034 0.6
      vertex 61.0429 54.9034 0
    endloop
  endfacet
  facet normal -0.899804 0.436294 0
    outer loop
      vertex 60.8377 54.4802 0
      vertex 60.8377 54.4802 0.6
      vertex 61.0429 54.9034 0.6
    endloop
  endfacet
  facet normal -0.916294 0.400506 0
    outer loop
      vertex 60.6494 54.0494 0
      vertex 60.8377 54.4802 0.6
      vertex 60.8377 54.4802 0
    endloop
  endfacet
  facet normal -0.916294 0.400506 0
    outer loop
      vertex 60.6494 54.0494 0
      vertex 60.6494 54.0494 0.6
      vertex 60.8377 54.4802 0.6
    endloop
  endfacet
  facet normal -0.93128 0.364303 0
    outer loop
      vertex 60.4781 53.6115 0
      vertex 60.6494 54.0494 0.6
      vertex 60.6494 54.0494 0
    endloop
  endfacet
  facet normal -0.93128 0.364303 0
    outer loop
      vertex 60.4781 53.6115 0
      vertex 60.4781 53.6115 0.6
      vertex 60.6494 54.0494 0.6
    endloop
  endfacet
  facet normal -0.94492 0.3273 0
    outer loop
      vertex 60.3241 53.1669 0
      vertex 60.4781 53.6115 0.6
      vertex 60.4781 53.6115 0
    endloop
  endfacet
  facet normal -0.94492 0.3273 0
    outer loop
      vertex 60.3241 53.1669 0
      vertex 60.3241 53.1669 0.6
      vertex 60.4781 53.6115 0.6
    endloop
  endfacet
  facet normal -0.957069 0.28986 0
    outer loop
      vertex 60.1876 52.7162 0
      vertex 60.3241 53.1669 0.6
      vertex 60.3241 53.1669 0
    endloop
  endfacet
  facet normal -0.957069 0.28986 0
    outer loop
      vertex 60.1876 52.7162 0
      vertex 60.1876 52.7162 0.6
      vertex 60.3241 53.1669 0.6
    endloop
  endfacet
  facet normal -0.967662 0.252249 0
    outer loop
      vertex 60.0686 52.2597 0
      vertex 60.1876 52.7162 0.6
      vertex 60.1876 52.7162 0
    endloop
  endfacet
  facet normal -0.967662 0.252249 0
    outer loop
      vertex 60.0686 52.2597 0
      vertex 60.0686 52.2597 0.6
      vertex 60.1876 52.7162 0.6
    endloop
  endfacet
  facet normal -0.976864 0.213861 0
    outer loop
      vertex 59.9675 51.7979 0
      vertex 60.0686 52.2597 0.6
      vertex 60.0686 52.2597 0
    endloop
  endfacet
  facet normal -0.976864 0.213861 0
    outer loop
      vertex 59.9675 51.7979 0
      vertex 59.9675 51.7979 0.6
      vertex 60.0686 52.2597 0.6
    endloop
  endfacet
  facet normal -0.984478 0.175506 0
    outer loop
      vertex 59.8843 51.3312 0
      vertex 59.9675 51.7979 0.6
      vertex 59.9675 51.7979 0
    endloop
  endfacet
  facet normal -0.984478 0.175506 0
    outer loop
      vertex 59.8843 51.3312 0
      vertex 59.8843 51.3312 0.6
      vertex 59.9675 51.7979 0.6
    endloop
  endfacet
  facet normal -0.990583 0.136915 0
    outer loop
      vertex 59.8192 50.8602 0
      vertex 59.8843 51.3312 0.6
      vertex 59.8843 51.3312 0
    endloop
  endfacet
  facet normal -0.990583 0.136915 0
    outer loop
      vertex 59.8192 50.8602 0
      vertex 59.8192 50.8602 0.6
      vertex 59.8843 51.3312 0.6
    endloop
  endfacet
  facet normal -0.995224 0.0976162 0
    outer loop
      vertex 59.7726 50.3851 0
      vertex 59.8192 50.8602 0.6
      vertex 59.8192 50.8602 0
    endloop
  endfacet
  facet normal -0.995224 0.0976162 0
    outer loop
      vertex 59.7726 50.3851 0
      vertex 59.7726 50.3851 0.6
      vertex 59.8192 50.8602 0.6
    endloop
  endfacet
  facet normal -0.998268 0.0588321 0
    outer loop
      vertex 59.7444 49.9066 0
      vertex 59.7726 50.3851 0.6
      vertex 59.7726 50.3851 0
    endloop
  endfacet
  facet normal -0.998268 0.0588321 0
    outer loop
      vertex 59.7444 49.9066 0
      vertex 59.7444 49.9066 0.6
      vertex 59.7726 50.3851 0.6
    endloop
  endfacet
  facet normal -0.99981 0.0195146 0
    outer loop
      vertex 59.735 49.425 0
      vertex 59.7444 49.9066 0.6
      vertex 59.7444 49.9066 0
    endloop
  endfacet
  facet normal -0.99981 0.0195146 0
    outer loop
      vertex 59.735 49.425 0
      vertex 59.735 49.425 0.6
      vertex 59.7444 49.9066 0.6
    endloop
  endfacet
  facet normal -0.99981 -0.0195146 0
    outer loop
      vertex 59.7444 48.9434 0
      vertex 59.735 49.425 0.6
      vertex 59.735 49.425 0
    endloop
  endfacet
  facet normal -0.99981 -0.0195146 0
    outer loop
      vertex 59.7444 48.9434 0
      vertex 59.7444 48.9434 0.6
      vertex 59.735 49.425 0.6
    endloop
  endfacet
  facet normal -0.998269 -0.0588198 0
    outer loop
      vertex 59.7726 48.4648 0
      vertex 59.7444 48.9434 0.6
      vertex 59.7444 48.9434 0
    endloop
  endfacet
  facet normal -0.998269 -0.0588198 0
    outer loop
      vertex 59.7726 48.4648 0
      vertex 59.7726 48.4648 0.6
      vertex 59.7444 48.9434 0.6
    endloop
  endfacet
  facet normal -0.995222 -0.0976365 0
    outer loop
      vertex 59.8192 47.9898 0
      vertex 59.7726 48.4648 0.6
      vertex 59.7726 48.4648 0
    endloop
  endfacet
  facet normal -0.995222 -0.0976365 0
    outer loop
      vertex 59.8192 47.9898 0
      vertex 59.8192 47.9898 0.6
      vertex 59.7726 48.4648 0.6
    endloop
  endfacet
  facet normal -0.990587 -0.136886 0
    outer loop
      vertex 59.8843 47.5187 0
      vertex 59.8192 47.9898 0.6
      vertex 59.8192 47.9898 0
    endloop
  endfacet
  facet normal -0.990587 -0.136886 0
    outer loop
      vertex 59.8843 47.5187 0
      vertex 59.8843 47.5187 0.6
      vertex 59.8192 47.9898 0.6
    endloop
  endfacet
  facet normal -0.984472 -0.175542 0
    outer loop
      vertex 59.9675 47.0521 0
      vertex 59.8843 47.5187 0.6
      vertex 59.8843 47.5187 0
    endloop
  endfacet
  facet normal -0.984472 -0.175542 0
    outer loop
      vertex 59.9675 47.0521 0
      vertex 59.9675 47.0521 0.6
      vertex 59.8843 47.5187 0.6
    endloop
  endfacet
  facet normal -0.976864 -0.213861 0
    outer loop
      vertex 60.0686 46.5903 0
      vertex 59.9675 47.0521 0.6
      vertex 59.9675 47.0521 0
    endloop
  endfacet
  facet normal -0.976864 -0.213861 0
    outer loop
      vertex 60.0686 46.5903 0
      vertex 60.0686 46.5903 0.6
      vertex 59.9675 47.0521 0.6
    endloop
  endfacet
  facet normal -0.967662 -0.252249 0
    outer loop
      vertex 60.1876 46.1338 0
      vertex 60.0686 46.5903 0.6
      vertex 60.0686 46.5903 0
    endloop
  endfacet
  facet normal -0.967662 -0.252249 0
    outer loop
      vertex 60.1876 46.1338 0
      vertex 60.1876 46.1338 0.6
      vertex 60.0686 46.5903 0.6
    endloop
  endfacet
  facet normal -0.957087 -0.289801 0
    outer loop
      vertex 60.3241 45.683 0
      vertex 60.1876 46.1338 0.6
      vertex 60.1876 46.1338 0
    endloop
  endfacet
  facet normal -0.957087 -0.289801 0
    outer loop
      vertex 60.3241 45.683 0
      vertex 60.3241 45.683 0.6
      vertex 60.1876 46.1338 0.6
    endloop
  endfacet
  facet normal -0.944898 -0.327366 0
    outer loop
      vertex 60.4781 45.2385 0
      vertex 60.3241 45.683 0.6
      vertex 60.3241 45.683 0
    endloop
  endfacet
  facet normal -0.944898 -0.327366 0
    outer loop
      vertex 60.4781 45.2385 0
      vertex 60.4781 45.2385 0.6
      vertex 60.3241 45.683 0.6
    endloop
  endfacet
  facet normal -0.93128 -0.364303 0
    outer loop
      vertex 60.6494 44.8006 0
      vertex 60.4781 45.2385 0.6
      vertex 60.4781 45.2385 0
    endloop
  endfacet
  facet normal -0.93128 -0.364303 0
    outer loop
      vertex 60.6494 44.8006 0
      vertex 60.6494 44.8006 0.6
      vertex 60.4781 45.2385 0.6
    endloop
  endfacet
  facet normal -0.916294 -0.400506 0
    outer loop
      vertex 60.8377 44.3698 0
      vertex 60.6494 44.8006 0.6
      vertex 60.6494 44.8006 0
    endloop
  endfacet
  facet normal -0.916294 -0.400506 0
    outer loop
      vertex 60.8377 44.3698 0
      vertex 60.8377 44.3698 0.6
      vertex 60.6494 44.8006 0.6
    endloop
  endfacet
  facet normal -0.899844 -0.436211 0
    outer loop
      vertex 61.0429 43.9465 0
      vertex 60.8377 44.3698 0.6
      vertex 60.8377 44.3698 0
    endloop
  endfacet
  facet normal -0.899844 -0.436211 0
    outer loop
      vertex 61.0429 43.9465 0
      vertex 61.0429 43.9465 0.6
      vertex 60.8377 44.3698 0.6
    endloop
  endfacet
  facet normal -0.881994 -0.47126 0
    outer loop
      vertex 61.2648 43.5312 0
      vertex 61.0429 43.9465 0.6
      vertex 61.0429 43.9465 0
    endloop
  endfacet
  facet normal -0.881994 -0.47126 0
    outer loop
      vertex 61.2648 43.5312 0
      vertex 61.2648 43.5312 0.6
      vertex 61.0429 43.9465 0.6
    endloop
  endfacet
  facet normal -0.862816 -0.505518 0
    outer loop
      vertex 61.5032 43.1243 0
      vertex 61.2648 43.5312 0.6
      vertex 61.2648 43.5312 0
    endloop
  endfacet
  facet normal -0.862816 -0.505518 0
    outer loop
      vertex 61.5032 43.1243 0
      vertex 61.5032 43.1243 0.6
      vertex 61.2648 43.5312 0.6
    endloop
  endfacet
  facet normal -0.842291 -0.539024 0
    outer loop
      vertex 61.7579 42.7263 0
      vertex 61.5032 43.1243 0.6
      vertex 61.5032 43.1243 0
    endloop
  endfacet
  facet normal -0.842291 -0.539024 0
    outer loop
      vertex 61.7579 42.7263 0
      vertex 61.7579 42.7263 0.6
      vertex 61.5032 43.1243 0.6
    endloop
  endfacet
  facet normal -0.82041 -0.571775 0
    outer loop
      vertex 62.0288 42.3376 0
      vertex 61.7579 42.7263 0.6
      vertex 61.7579 42.7263 0
    endloop
  endfacet
  facet normal -0.82041 -0.571775 0
    outer loop
      vertex 62.0288 42.3376 0
      vertex 62.0288 42.3376 0.6
      vertex 61.7579 42.7263 0.6
    endloop
  endfacet
  facet normal -0.797341 -0.603529 0
    outer loop
      vertex 62.3156 41.9587 0
      vertex 62.0288 42.3376 0.6
      vertex 62.0288 42.3376 0
    endloop
  endfacet
  facet normal -0.797341 -0.603529 0
    outer loop
      vertex 62.3156 41.9587 0
      vertex 62.3156 41.9587 0.6
      vertex 62.0288 42.3376 0.6
    endloop
  endfacet
  facet normal -0.772994 -0.634413 0
    outer loop
      vertex 62.6182 41.59 0
      vertex 62.3156 41.9587 0.6
      vertex 62.3156 41.9587 0
    endloop
  endfacet
  facet normal -0.772994 -0.634413 0
    outer loop
      vertex 62.6182 41.59 0
      vertex 62.6182 41.59 0.6
      vertex 62.3156 41.9587 0.6
    endloop
  endfacet
  facet normal -0.747524 -0.664234 0
    outer loop
      vertex 62.9364 41.2319 0
      vertex 62.6182 41.59 0.6
      vertex 62.6182 41.59 0
    endloop
  endfacet
  facet normal -0.747524 -0.664234 0
    outer loop
      vertex 62.9364 41.2319 0
      vertex 62.9364 41.2319 0.6
      vertex 62.6182 41.59 0.6
    endloop
  endfacet
  facet normal -0.720789 -0.693154 0
    outer loop
      vertex 63.27 40.885 0
      vertex 62.9364 41.2319 0.6
      vertex 62.9364 41.2319 0
    endloop
  endfacet
  facet normal -0.720789 -0.693154 0
    outer loop
      vertex 63.27 40.885 0
      vertex 63.27 40.885 0.6
      vertex 62.9364 41.2319 0.6
    endloop
  endfacet
  facet normal -0.707107 -0.707107 0
    outer loop
      vertex 63.6025 40.5525 0
      vertex 63.27 40.885 0.6
      vertex 63.27 40.885 0
    endloop
  endfacet
  facet normal -0.707107 -0.707107 0
    outer loop
      vertex 63.6025 40.5525 0
      vertex 63.6025 40.5525 0.6
      vertex 63.27 40.885 0.6
    endloop
  endfacet
  facet normal -0.719227 -0.694775 0
    outer loop
      vertex 63.8497 40.2966 0
      vertex 63.6025 40.5525 0.6
      vertex 63.6025 40.5525 0
    endloop
  endfacet
  facet normal -0.719227 -0.694775 0
    outer loop
      vertex 63.8497 40.2966 0
      vertex 63.8497 40.2966 0.6
      vertex 63.6025 40.5525 0.6
    endloop
  endfacet
  facet normal -0.743224 -0.669043 0
    outer loop
      vertex 64.0869 40.0331 0
      vertex 63.8497 40.2966 0.6
      vertex 63.8497 40.2966 0
    endloop
  endfacet
  facet normal -0.743224 -0.669043 0
    outer loop
      vertex 64.0869 40.0331 0
      vertex 64.0869 40.0331 0.6
      vertex 63.8497 40.2966 0.6
    endloop
  endfacet
  facet normal -0.765944 -0.642907 0
    outer loop
      vertex 64.3142 39.7623 0
      vertex 64.0869 40.0331 0.6
      vertex 64.0869 40.0331 0
    endloop
  endfacet
  facet normal -0.765944 -0.642907 0
    outer loop
      vertex 64.3142 39.7623 0
      vertex 64.3142 39.7623 0.6
      vertex 64.0869 40.0331 0.6
    endloop
  endfacet
  facet normal -0.788037 -0.615628 0
    outer loop
      vertex 64.5313 39.4844 0
      vertex 64.3142 39.7623 0.6
      vertex 64.3142 39.7623 0
    endloop
  endfacet
  facet normal -0.788037 -0.615628 0
    outer loop
      vertex 64.5313 39.4844 0
      vertex 64.5313 39.4844 0.6
      vertex 64.3142 39.7623 0.6
    endloop
  endfacet
  facet normal -0.808982 -0.587834 0
    outer loop
      vertex 64.7381 39.1998 0
      vertex 64.5313 39.4844 0.6
      vertex 64.5313 39.4844 0
    endloop
  endfacet
  facet normal -0.808982 -0.587834 0
    outer loop
      vertex 64.7381 39.1998 0
      vertex 64.7381 39.1998 0.6
      vertex 64.5313 39.4844 0.6
    endloop
  endfacet
  facet normal -0.828971 -0.559292 0
    outer loop
      vertex 64.9345 38.9087 0
      vertex 64.7381 39.1998 0.6
      vertex 64.7381 39.1998 0
    endloop
  endfacet
  facet normal -0.828971 -0.559292 0
    outer loop
      vertex 64.9345 38.9087 0
      vertex 64.9345 38.9087 0.6
      vertex 64.7381 39.1998 0.6
    endloop
  endfacet
  facet normal -0.848094 -0.529845 0
    outer loop
      vertex 65.1203 38.6113 0
      vertex 64.9345 38.9087 0.6
      vertex 64.9345 38.9087 0
    endloop
  endfacet
  facet normal -0.848094 -0.529845 0
    outer loop
      vertex 65.1203 38.6113 0
      vertex 65.1203 38.6113 0.6
      vertex 64.9345 38.9087 0.6
    endloop
  endfacet
  facet normal -0.866038 -0.499978 0
    outer loop
      vertex 65.2954 38.308 0
      vertex 65.1203 38.6113 0.6
      vertex 65.1203 38.6113 0
    endloop
  endfacet
  facet normal -0.866038 -0.499978 0
    outer loop
      vertex 65.2954 38.308 0
      vertex 65.2954 38.308 0.6
      vertex 65.1203 38.6113 0.6
    endloop
  endfacet
  facet normal -0.883064 -0.469253 0
    outer loop
      vertex 65.4596 37.999 0
      vertex 65.2954 38.308 0.6
      vertex 65.2954 38.308 0
    endloop
  endfacet
  facet normal -0.883064 -0.469253 0
    outer loop
      vertex 65.4596 37.999 0
      vertex 65.4596 37.999 0.6
      vertex 65.2954 38.308 0.6
    endloop
  endfacet
  facet normal -0.8989 -0.438153 0
    outer loop
      vertex 65.6128 37.6847 0
      vertex 65.4596 37.999 0.6
      vertex 65.4596 37.999 0
    endloop
  endfacet
  facet normal -0.8989 -0.438153 0
    outer loop
      vertex 65.6128 37.6847 0
      vertex 65.6128 37.6847 0.6
      vertex 65.4596 37.999 0.6
    endloop
  endfacet
  facet normal -0.913705 -0.406377 0
    outer loop
      vertex 65.7549 37.3652 0
      vertex 65.6128 37.6847 0.6
      vertex 65.6128 37.6847 0
    endloop
  endfacet
  facet normal -0.913705 -0.406377 0
    outer loop
      vertex 65.7549 37.3652 0
      vertex 65.7549 37.3652 0.6
      vertex 65.6128 37.6847 0.6
    endloop
  endfacet
  facet normal -0.927547 -0.373707 0
    outer loop
      vertex 65.8856 37.0408 0
      vertex 65.7549 37.3652 0.6
      vertex 65.7549 37.3652 0
    endloop
  endfacet
  facet normal -0.927547 -0.373707 0
    outer loop
      vertex 65.8856 37.0408 0
      vertex 65.8856 37.0408 0.6
      vertex 65.7549 37.3652 0.6
    endloop
  endfacet
  facet normal -0.940035 -0.341077 0
    outer loop
      vertex 66.0049 36.712 0
      vertex 65.8856 37.0408 0.6
      vertex 65.8856 37.0408 0
    endloop
  endfacet
  facet normal -0.940035 -0.341077 0
    outer loop
      vertex 66.0049 36.712 0
      vertex 66.0049 36.712 0.6
      vertex 65.8856 37.0408 0.6
    endloop
  endfacet
  facet normal -0.951445 -0.30782 0
    outer loop
      vertex 66.1127 36.3788 0
      vertex 66.0049 36.712 0.6
      vertex 66.0049 36.712 0
    endloop
  endfacet
  facet normal -0.951445 -0.30782 0
    outer loop
      vertex 66.1127 36.3788 0
      vertex 66.1127 36.3788 0.6
      vertex 66.0049 36.712 0.6
    endloop
  endfacet
  facet normal -0.961782 -0.273817 0
    outer loop
      vertex 66.2087 36.0416 0
      vertex 66.1127 36.3788 0.6
      vertex 66.1127 36.3788 0
    endloop
  endfacet
  facet normal -0.961782 -0.273817 0
    outer loop
      vertex 66.2087 36.0416 0
      vertex 66.2087 36.0416 0.6
      vertex 66.1127 36.3788 0.6
    endloop
  endfacet
  facet normal -0.970908 -0.239453 0
    outer loop
      vertex 66.2928 35.7006 0
      vertex 66.2087 36.0416 0.6
      vertex 66.2087 36.0416 0
    endloop
  endfacet
  facet normal -0.970908 -0.239453 0
    outer loop
      vertex 66.2928 35.7006 0
      vertex 66.2928 35.7006 0.6
      vertex 66.2087 36.0416 0.6
    endloop
  endfacet
  facet normal -0.978769 -0.204964 0
    outer loop
      vertex 66.3649 35.3563 0
      vertex 66.2928 35.7006 0.6
      vertex 66.2928 35.7006 0
    endloop
  endfacet
  facet normal -0.978769 -0.204964 0
    outer loop
      vertex 66.3649 35.3563 0
      vertex 66.3649 35.3563 0.6
      vertex 66.2928 35.7006 0.6
    endloop
  endfacet
  facet normal -0.985483 -0.169774 0
    outer loop
      vertex 66.4248 35.0086 0
      vertex 66.3649 35.3563 0.6
      vertex 66.3649 35.3563 0
    endloop
  endfacet
  facet normal -0.985483 -0.169774 0
    outer loop
      vertex 66.4248 35.0086 0
      vertex 66.4248 35.0086 0.6
      vertex 66.3649 35.3563 0.6
    endloop
  endfacet
  facet normal -0.990904 -0.134571 0
    outer loop
      vertex 66.4724 34.6581 0
      vertex 66.4248 35.0086 0.6
      vertex 66.4248 35.0086 0
    endloop
  endfacet
  facet normal -0.990904 -0.134571 0
    outer loop
      vertex 66.4724 34.6581 0
      vertex 66.4724 34.6581 0.6
      vertex 66.4248 35.0086 0.6
    endloop
  endfacet
  facet normal -0.995096 -0.0989177 0
    outer loop
      vertex 66.5075 34.305 0
      vertex 66.4724 34.6581 0.6
      vertex 66.4724 34.6581 0
    endloop
  endfacet
  facet normal -0.995096 -0.0989177 0
    outer loop
      vertex 66.5075 34.305 0
      vertex 66.5075 34.305 0.6
      vertex 66.4724 34.6581 0.6
    endloop
  endfacet
  facet normal -0.994701 -0.102814 0
    outer loop
      vertex 66.5773 33.6297 0
      vertex 66.5075 34.305 0.6
      vertex 66.5075 34.305 0
    endloop
  endfacet
  facet normal -0.994701 -0.102814 0
    outer loop
      vertex 66.5773 33.6297 0
      vertex 66.5773 33.6297 0.6
      vertex 66.5075 34.305 0.6
    endloop
  endfacet
  facet normal -0.990411 -0.138156 0
    outer loop
      vertex 66.6709 32.9587 0
      vertex 66.5773 33.6297 0.6
      vertex 66.5773 33.6297 0
    endloop
  endfacet
  facet normal -0.990411 -0.138156 0
    outer loop
      vertex 66.6709 32.9587 0
      vertex 66.6709 32.9587 0.6
      vertex 66.5773 33.6297 0.6
    endloop
  endfacet
  facet normal -0.984871 -0.173288 0
    outer loop
      vertex 66.7881 32.2926 0
      vertex 66.6709 32.9587 0.6
      vertex 66.6709 32.9587 0
    endloop
  endfacet
  facet normal -0.984871 -0.173288 0
    outer loop
      vertex 66.7881 32.2926 0
      vertex 66.7881 32.2926 0.6
      vertex 66.6709 32.9587 0.6
    endloop
  endfacet
  facet normal -0.978152 -0.207891 0
    outer loop
      vertex 66.9285 31.632 0
      vertex 66.7881 32.2926 0.6
      vertex 66.7881 32.2926 0
    endloop
  endfacet
  facet normal -0.978152 -0.207891 0
    outer loop
      vertex 66.9285 31.632 0
      vertex 66.9285 31.632 0.6
      vertex 66.7881 32.2926 0.6
    endloop
  endfacet
  facet normal -0.970221 -0.242222 0
    outer loop
      vertex 67.0919 30.9775 0
      vertex 66.9285 31.632 0.6
      vertex 66.9285 31.632 0
    endloop
  endfacet
  facet normal -0.970221 -0.242222 0
    outer loop
      vertex 67.0919 30.9775 0
      vertex 67.0919 30.9775 0.6
      vertex 66.9285 31.632 0.6
    endloop
  endfacet
  facet normal -0.961193 -0.275877 0
    outer loop
      vertex 67.2778 30.3298 0
      vertex 67.0919 30.9775 0.6
      vertex 67.0919 30.9775 0
    endloop
  endfacet
  facet normal -0.961193 -0.275877 0
    outer loop
      vertex 67.2778 30.3298 0
      vertex 67.2778 30.3298 0.6
      vertex 67.0919 30.9775 0.6
    endloop
  endfacet
  facet normal -0.950902 -0.309492 0
    outer loop
      vertex 67.4862 29.6895 0
      vertex 67.2778 30.3298 0.6
      vertex 67.2778 30.3298 0
    endloop
  endfacet
  facet normal -0.950902 -0.309492 0
    outer loop
      vertex 67.4862 29.6895 0
      vertex 67.4862 29.6895 0.6
      vertex 67.2778 30.3298 0.6
    endloop
  endfacet
  facet normal -0.939568 -0.342363 0
    outer loop
      vertex 67.7166 29.0572 0
      vertex 67.4862 29.6895 0.6
      vertex 67.4862 29.6895 0
    endloop
  endfacet
  facet normal -0.939568 -0.342363 0
    outer loop
      vertex 67.7166 29.0572 0
      vertex 67.7166 29.0572 0.6
      vertex 67.4862 29.6895 0.6
    endloop
  endfacet
  facet normal -0.927128 -0.374746 0
    outer loop
      vertex 67.9687 28.4335 0
      vertex 67.7166 29.0572 0.6
      vertex 67.7166 29.0572 0
    endloop
  endfacet
  facet normal -0.927128 -0.374746 0
    outer loop
      vertex 67.9687 28.4335 0
      vertex 67.9687 28.4335 0.6
      vertex 67.7166 29.0572 0.6
    endloop
  endfacet
  facet normal -0.913597 -0.406621 0
    outer loop
      vertex 68.2422 27.819 0
      vertex 67.9687 28.4335 0.6
      vertex 67.9687 28.4335 0
    endloop
  endfacet
  facet normal -0.913597 -0.406621 0
    outer loop
      vertex 68.2422 27.819 0
      vertex 68.2422 27.819 0.6
      vertex 67.9687 28.4335 0.6
    endloop
  endfacet
  facet normal -0.898901 -0.438151 0
    outer loop
      vertex 68.5369 27.2144 0
      vertex 68.2422 27.819 0.6
      vertex 68.2422 27.819 0
    endloop
  endfacet
  facet normal -0.898901 -0.438151 0
    outer loop
      vertex 68.5369 27.2144 0
      vertex 68.5369 27.2144 0.6
      vertex 68.2422 27.819 0.6
    endloop
  endfacet
  facet normal -0.883187 -0.469021 0
    outer loop
      vertex 68.8524 26.6203 0
      vertex 68.5369 27.2144 0.6
      vertex 68.5369 27.2144 0
    endloop
  endfacet
  facet normal -0.883187 -0.469021 0
    outer loop
      vertex 68.8524 26.6203 0
      vertex 68.8524 26.6203 0.6
      vertex 68.5369 27.2144 0.6
    endloop
  endfacet
  facet normal -0.866445 -0.499272 0
    outer loop
      vertex 69.1884 26.0372 0
      vertex 68.8524 26.6203 0.6
      vertex 68.8524 26.6203 0
    endloop
  endfacet
  facet normal -0.866445 -0.499272 0
    outer loop
      vertex 69.1884 26.0372 0
      vertex 69.1884 26.0372 0.6
      vertex 68.8524 26.6203 0.6
    endloop
  endfacet
  facet normal -0.848657 -0.528944 0
    outer loop
      vertex 69.5446 25.4657 0
      vertex 69.1884 26.0372 0.6
      vertex 69.1884 26.0372 0
    endloop
  endfacet
  facet normal -0.848657 -0.528944 0
    outer loop
      vertex 69.5446 25.4657 0
      vertex 69.5446 25.4657 0.6
      vertex 69.1884 26.0372 0.6
    endloop
  endfacet
  facet normal -0.829622 -0.558325 0
    outer loop
      vertex 69.9208 24.9067 0
      vertex 69.5446 25.4657 0.6
      vertex 69.5446 25.4657 0
    endloop
  endfacet
  facet normal -0.829622 -0.558325 0
    outer loop
      vertex 69.9208 24.9067 0
      vertex 69.9208 24.9067 0.6
      vertex 69.5446 25.4657 0.6
    endloop
  endfacet
  facet normal -0.809748 -0.586778 0
    outer loop
      vertex 70.3166 24.3605 0
      vertex 69.9208 24.9067 0.6
      vertex 69.9208 24.9067 0
    endloop
  endfacet
  facet normal -0.809748 -0.586778 0
    outer loop
      vertex 70.3166 24.3605 0
      vertex 70.3166 24.3605 0.6
      vertex 69.9208 24.9067 0.6
    endloop
  endfacet
  facet normal -0.788666 -0.614822 0
    outer loop
      vertex 70.7318 23.8279 0
      vertex 70.3166 24.3605 0.6
      vertex 70.3166 24.3605 0
    endloop
  endfacet
  facet normal -0.788666 -0.614822 0
    outer loop
      vertex 70.7318 23.8279 0
      vertex 70.7318 23.8279 0.6
      vertex 70.3166 24.3605 0.6
    endloop
  endfacet
  facet normal -0.766753 -0.641943 0
    outer loop
      vertex 71.1659 23.3094 0
      vertex 70.7318 23.8279 0.6
      vertex 70.7318 23.8279 0
    endloop
  endfacet
  facet normal -0.766753 -0.641943 0
    outer loop
      vertex 71.1659 23.3094 0
      vertex 71.1659 23.3094 0.6
      vertex 70.7318 23.8279 0.6
    endloop
  endfacet
  facet normal -0.743617 -0.668606 0
    outer loop
      vertex 71.6187 22.8058 0
      vertex 71.1659 23.3094 0.6
      vertex 71.1659 23.3094 0
    endloop
  endfacet
  facet normal -0.743617 -0.668606 0
    outer loop
      vertex 71.6187 22.8058 0
      vertex 71.6187 22.8058 0.6
      vertex 71.1659 23.3094 0.6
    endloop
  endfacet
  facet normal -0.719521 -0.694471 0
    outer loop
      vertex 72.09 22.3175 0
      vertex 71.6187 22.8058 0.6
      vertex 71.6187 22.8058 0
    endloop
  endfacet
  facet normal -0.719521 -0.694471 0
    outer loop
      vertex 72.09 22.3175 0
      vertex 72.09 22.3175 0.6
      vertex 71.6187 22.8058 0.6
    endloop
  endfacet
  facet normal -0.693267 -0.720681 0
    outer loop
      vertex 72.6368 21.7915 0
      vertex 72.09 22.3175 0.6
      vertex 72.09 22.3175 0
    endloop
  endfacet
  facet normal -0.693267 -0.720681 0
    outer loop
      vertex 72.6368 21.7915 0
      vertex 72.6368 21.7915 0.6
      vertex 72.09 22.3175 0.6
    endloop
  endfacet
  facet normal -0.664693 -0.747117 0
    outer loop
      vertex 73.2006 21.2899 0
      vertex 72.6368 21.7915 0.6
      vertex 72.6368 21.7915 0
    endloop
  endfacet
  facet normal -0.664693 -0.747117 0
    outer loop
      vertex 73.2006 21.2899 0
      vertex 73.2006 21.2899 0.6
      vertex 72.6368 21.7915 0.6
    endloop
  endfacet
  facet normal -0.635114 -0.772418 0
    outer loop
      vertex 73.7806 20.813 0
      vertex 73.2006 21.2899 0.6
      vertex 73.2006 21.2899 0
    endloop
  endfacet
  facet normal -0.635114 -0.772418 0
    outer loop
      vertex 73.7806 20.813 0
      vertex 73.7806 20.813 0.6
      vertex 73.2006 21.2899 0.6
    endloop
  endfacet
  facet normal -0.604313 -0.796747 0
    outer loop
      vertex 74.3764 20.3611 0
      vertex 73.7806 20.813 0.6
      vertex 73.7806 20.813 0
    endloop
  endfacet
  facet normal -0.604313 -0.796747 0
    outer loop
      vertex 74.3764 20.3611 0
      vertex 74.3764 20.3611 0.6
      vertex 73.7806 20.813 0.6
    endloop
  endfacet
  facet normal -0.57266 -0.819793 0
    outer loop
      vertex 74.9871 19.9345 0
      vertex 74.3764 20.3611 0.6
      vertex 74.3764 20.3611 0
    endloop
  endfacet
  facet normal -0.57266 -0.819793 0
    outer loop
      vertex 74.9871 19.9345 0
      vertex 74.9871 19.9345 0.6
      vertex 74.3764 20.3611 0.6
    endloop
  endfacet
  facet normal -0.540043 -0.841638 0
    outer loop
      vertex 75.6122 19.5334 0
      vertex 74.9871 19.9345 0.6
      vertex 74.9871 19.9345 0
    endloop
  endfacet
  facet normal -0.540043 -0.841638 0
    outer loop
      vertex 75.6122 19.5334 0
      vertex 75.6122 19.5334 0.6
      vertex 74.9871 19.9345 0.6
    endloop
  endfacet
  facet normal -0.506554 -0.862208 0
    outer loop
      vertex 76.251 19.1581 0
      vertex 75.6122 19.5334 0.6
      vertex 75.6122 19.5334 0
    endloop
  endfacet
  facet normal -0.506554 -0.862208 0
    outer loop
      vertex 76.251 19.1581 0
      vertex 76.251 19.1581 0.6
      vertex 75.6122 19.5334 0.6
    endloop
  endfacet
  facet normal -0.472236 -0.881472 0
    outer loop
      vertex 76.903 18.8088 0
      vertex 76.251 19.1581 0.6
      vertex 76.251 19.1581 0
    endloop
  endfacet
  facet normal -0.472236 -0.881472 0
    outer loop
      vertex 76.903 18.8088 0
      vertex 76.903 18.8088 0.6
      vertex 76.251 19.1581 0.6
    endloop
  endfacet
  facet normal -0.437167 -0.89938 0
    outer loop
      vertex 77.5673 18.4859 0
      vertex 76.903 18.8088 0.6
      vertex 76.903 18.8088 0
    endloop
  endfacet
  facet normal -0.437167 -0.89938 0
    outer loop
      vertex 77.5673 18.4859 0
      vertex 77.5673 18.4859 0.6
      vertex 76.903 18.8088 0.6
    endloop
  endfacet
  facet normal -0.401231 -0.915977 0
    outer loop
      vertex 78.2435 18.1897 0
      vertex 77.5673 18.4859 0.6
      vertex 77.5673 18.4859 0
    endloop
  endfacet
  facet normal -0.401231 -0.915977 0
    outer loop
      vertex 78.2435 18.1897 0
      vertex 78.2435 18.1897 0.6
      vertex 77.5673 18.4859 0.6
    endloop
  endfacet
  facet normal -0.364936 -0.931033 0
    outer loop
      vertex 78.9308 17.9203 0
      vertex 78.2435 18.1897 0.6
      vertex 78.2435 18.1897 0
    endloop
  endfacet
  facet normal -0.364936 -0.931033 0
    outer loop
      vertex 78.9308 17.9203 0
      vertex 78.9308 17.9203 0.6
      vertex 78.2435 18.1897 0.6
    endloop
  endfacet
  facet normal -0.32778 -0.944754 0
    outer loop
      vertex 79.6286 17.6782 0
      vertex 78.9308 17.9203 0.6
      vertex 78.9308 17.9203 0
    endloop
  endfacet
  facet normal -0.32778 -0.944754 0
    outer loop
      vertex 79.6286 17.6782 0
      vertex 79.6286 17.6782 0.6
      vertex 78.9308 17.9203 0.6
    endloop
  endfacet
  facet normal -0.290311 -0.956932 0
    outer loop
      vertex 80.3363 17.4635 0
      vertex 79.6286 17.6782 0.6
      vertex 79.6286 17.6782 0
    endloop
  endfacet
  facet normal -0.290311 -0.956932 0
    outer loop
      vertex 80.3363 17.4635 0
      vertex 80.3363 17.4635 0.6
      vertex 79.6286 17.6782 0.6
    endloop
  endfacet
  facet normal -0.2524 -0.967623 0
    outer loop
      vertex 81.0532 17.2765 0
      vertex 80.3363 17.4635 0.6
      vertex 80.3363 17.4635 0
    endloop
  endfacet
  facet normal -0.2524 -0.967623 0
    outer loop
      vertex 81.0532 17.2765 0
      vertex 81.0532 17.2765 0.6
      vertex 80.3363 17.4635 0.6
    endloop
  endfacet
  facet normal -0.214078 -0.976816 0
    outer loop
      vertex 81.7787 17.1175 0
      vertex 81.0532 17.2765 0.6
      vertex 81.0532 17.2765 0
    endloop
  endfacet
  facet normal -0.214078 -0.976816 0
    outer loop
      vertex 81.7787 17.1175 0
      vertex 81.7787 17.1175 0.6
      vertex 81.0532 17.2765 0.6
    endloop
  endfacet
  facet normal -0.175294 -0.984516 0
    outer loop
      vertex 82.5122 16.9869 0
      vertex 81.7787 17.1175 0.6
      vertex 81.7787 17.1175 0
    endloop
  endfacet
  facet normal -0.175294 -0.984516 0
    outer loop
      vertex 82.5122 16.9869 0
      vertex 82.5122 16.9869 0.6
      vertex 81.7787 17.1175 0.6
    endloop
  endfacet
  facet normal -0.136683 -0.990615 0
    outer loop
      vertex 83.2529 16.8847 0
      vertex 82.5122 16.9869 0.6
      vertex 82.5122 16.9869 0
    endloop
  endfacet
  facet normal -0.136683 -0.990615 0
    outer loop
      vertex 83.2529 16.8847 0
      vertex 83.2529 16.8847 0.6
      vertex 82.5122 16.9869 0.6
    endloop
  endfacet
  facet normal -0.097605 -0.995225 0
    outer loop
      vertex 84.0003 16.8114 0
      vertex 83.2529 16.8847 0.6
      vertex 83.2529 16.8847 0
    endloop
  endfacet
  facet normal -0.097605 -0.995225 0
    outer loop
      vertex 84.0003 16.8114 0
      vertex 84.0003 16.8114 0.6
      vertex 83.2529 16.8847 0.6
    endloop
  endfacet
  facet normal -0.0584346 -0.998291 0
    outer loop
      vertex 84.7537 16.7673 0
      vertex 84.0003 16.8114 0.6
      vertex 84.0003 16.8114 0
    endloop
  endfacet
  facet normal -0.0584346 -0.998291 0
    outer loop
      vertex 84.7537 16.7673 0
      vertex 84.7537 16.7673 0.6
      vertex 84.0003 16.8114 0.6
    endloop
  endfacet
  facet normal -0.0195008 -0.99981 0
    outer loop
      vertex 85.5125 16.7525 0
      vertex 84.7537 16.7673 0.6
      vertex 84.7537 16.7673 0
    endloop
  endfacet
  facet normal -0.0195008 -0.99981 0
    outer loop
      vertex 85.5125 16.7525 0
      vertex 85.5125 16.7525 0.6
      vertex 84.7537 16.7673 0.6
    endloop
  endfacet
  facet normal 0.0195008 -0.99981 0
    outer loop
      vertex 86.2713 16.7673 0
      vertex 85.5125 16.7525 0.6
      vertex 85.5125 16.7525 0
    endloop
  endfacet
  facet normal 0.0195008 -0.99981 0
    outer loop
      vertex 86.2713 16.7673 0
      vertex 86.2713 16.7673 0.6
      vertex 85.5125 16.7525 0.6
    endloop
  endfacet
  facet normal 0.114368 0.993438 -0
    outer loop
      vertex 83.0117 19.5434 0
      vertex 83.0117 19.5434 0.6
      vertex 84.2634 19.3993 0
    endloop
  endfacet
  facet normal 0.114368 0.993438 0
    outer loop
      vertex 84.2634 19.3993 0.6
      vertex 84.2634 19.3993 0
      vertex 83.0117 19.5434 0.6
    endloop
  endfacet
  facet normal 0.190189 0.981747 -0
    outer loop
      vertex 81.7718 19.7836 0
      vertex 81.7718 19.7836 0.6
      vertex 83.0117 19.5434 0
    endloop
  endfacet
  facet normal 0.190189 0.981747 0
    outer loop
      vertex 83.0117 19.5434 0.6
      vertex 83.0117 19.5434 0
      vertex 81.7718 19.7836 0.6
    endloop
  endfacet
  facet normal 0.265287 0.96417 -0
    outer loop
      vertex 80.5499 20.1198 0
      vertex 80.5499 20.1198 0.6
      vertex 81.7718 19.7836 0
    endloop
  endfacet
  facet normal 0.265287 0.96417 0
    outer loop
      vertex 81.7718 19.7836 0.6
      vertex 81.7718 19.7836 0
      vertex 80.5499 20.1198 0.6
    endloop
  endfacet
  facet normal 0.339473 0.940616 -0
    outer loop
      vertex 79.3518 20.5522 0
      vertex 79.3518 20.5522 0.6
      vertex 80.5499 20.1198 0
    endloop
  endfacet
  facet normal 0.339473 0.940616 0
    outer loop
      vertex 80.5499 20.1198 0.6
      vertex 80.5499 20.1198 0
      vertex 79.3518 20.5522 0.6
    endloop
  endfacet
  facet normal 0.412092 0.911142 -0
    outer loop
      vertex 78.1835 21.0806 0
      vertex 78.1835 21.0806 0.6
      vertex 79.3518 20.5522 0
    endloop
  endfacet
  facet normal 0.412092 0.911142 0
    outer loop
      vertex 79.3518 20.5522 0.6
      vertex 79.3518 20.5522 0
      vertex 78.1835 21.0806 0.6
    endloop
  endfacet
  facet normal 0.48285 0.875703 -0
    outer loop
      vertex 77.0509 21.7051 0
      vertex 77.0509 21.7051 0.6
      vertex 78.1835 21.0806 0
    endloop
  endfacet
  facet normal 0.48285 0.875703 0
    outer loop
      vertex 78.1835 21.0806 0.6
      vertex 78.1835 21.0806 0
      vertex 77.0509 21.7051 0.6
    endloop
  endfacet
  facet normal 0.5512 0.834373 -0
    outer loop
      vertex 75.9601 22.4257 0
      vertex 75.9601 22.4257 0.6
      vertex 77.0509 21.7051 0
    endloop
  endfacet
  facet normal 0.5512 0.834373 0
    outer loop
      vertex 77.0509 21.7051 0.6
      vertex 77.0509 21.7051 0
      vertex 75.9601 22.4257 0.6
    endloop
  endfacet
  facet normal 0.616394 0.787438 -0
    outer loop
      vertex 74.9169 23.2423 0
      vertex 74.9169 23.2423 0.6
      vertex 75.9601 22.4257 0
    endloop
  endfacet
  facet normal 0.616394 0.787438 0
    outer loop
      vertex 75.9601 22.4257 0.6
      vertex 75.9601 22.4257 0
      vertex 74.9169 23.2423 0.6
    endloop
  endfacet
  facet normal 0.677968 0.735091 -0
    outer loop
      vertex 73.9273 24.155 0
      vertex 73.9273 24.155 0.6
      vertex 74.9169 23.2423 0
    endloop
  endfacet
  facet normal 0.677968 0.735091 0
    outer loop
      vertex 74.9169 23.2423 0.6
      vertex 74.9169 23.2423 0
      vertex 73.9273 24.155 0.6
    endloop
  endfacet
  facet normal 0.719469 0.694525 -0
    outer loop
      vertex 73.518 24.579 0
      vertex 73.518 24.579 0.6
      vertex 73.9273 24.155 0
    endloop
  endfacet
  facet normal 0.719469 0.694525 0
    outer loop
      vertex 73.9273 24.155 0.6
      vertex 73.9273 24.155 0
      vertex 73.518 24.579 0.6
    endloop
  endfacet
  facet normal 0.743387 0.668861 -0
    outer loop
      vertex 73.1249 25.0159 0
      vertex 73.1249 25.0159 0.6
      vertex 73.518 24.579 0
    endloop
  endfacet
  facet normal 0.743387 0.668861 0
    outer loop
      vertex 73.518 24.579 0.6
      vertex 73.518 24.579 0
      vertex 73.1249 25.0159 0.6
    endloop
  endfacet
  facet normal 0.766387 0.64238 -0
    outer loop
      vertex 72.7483 25.4652 0
      vertex 72.7483 25.4652 0.6
      vertex 73.1249 25.0159 0
    endloop
  endfacet
  facet normal 0.766387 0.64238 0
    outer loop
      vertex 73.1249 25.0159 0.6
      vertex 73.1249 25.0159 0
      vertex 72.7483 25.4652 0.6
    endloop
  endfacet
  facet normal 0.788579 0.614934 -0
    outer loop
      vertex 72.3885 25.9266 0
      vertex 72.3885 25.9266 0.6
      vertex 72.7483 25.4652 0
    endloop
  endfacet
  facet normal 0.788579 0.614934 0
    outer loop
      vertex 72.7483 25.4652 0.6
      vertex 72.7483 25.4652 0
      vertex 72.3885 25.9266 0.6
    endloop
  endfacet
  facet normal 0.809431 0.587214 -0
    outer loop
      vertex 72.0455 26.3994 0
      vertex 72.0455 26.3994 0.6
      vertex 72.3885 25.9266 0
    endloop
  endfacet
  facet normal 0.809431 0.587214 0
    outer loop
      vertex 72.3885 25.9266 0.6
      vertex 72.3885 25.9266 0
      vertex 72.0455 26.3994 0.6
    endloop
  endfacet
  facet normal 0.829536 0.558454 -0
    outer loop
      vertex 71.7198 26.8832 0
      vertex 71.7198 26.8832 0.6
      vertex 72.0455 26.3994 0
    endloop
  endfacet
  facet normal 0.829536 0.558454 0
    outer loop
      vertex 72.0455 26.3994 0.6
      vertex 72.0455 26.3994 0
      vertex 71.7198 26.8832 0.6
    endloop
  endfacet
  facet normal 0.848538 0.529135 -0
    outer loop
      vertex 71.4115 27.3776 0
      vertex 71.4115 27.3776 0.6
      vertex 71.7198 26.8832 0
    endloop
  endfacet
  facet normal 0.848538 0.529135 0
    outer loop
      vertex 71.7198 26.8832 0.6
      vertex 71.7198 26.8832 0
      vertex 71.4115 27.3776 0.6
    endloop
  endfacet
  facet normal 0.866526 0.499133 -0
    outer loop
      vertex 71.1209 27.8821 0
      vertex 71.1209 27.8821 0.6
      vertex 71.4115 27.3776 0
    endloop
  endfacet
  facet normal 0.866526 0.499133 0
    outer loop
      vertex 71.4115 27.3776 0.6
      vertex 71.4115 27.3776 0
      vertex 71.1209 27.8821 0.6
    endloop
  endfacet
  facet normal 0.883374 0.468669 -0
    outer loop
      vertex 70.8482 28.3961 0
      vertex 70.8482 28.3961 0.6
      vertex 71.1209 27.8821 0
    endloop
  endfacet
  facet normal 0.883374 0.468669 0
    outer loop
      vertex 71.1209 27.8821 0.6
      vertex 71.1209 27.8821 0
      vertex 70.8482 28.3961 0.6
    endloop
  endfacet
  facet normal 0.89922 0.437496 -0
    outer loop
      vertex 70.5936 28.9194 0
      vertex 70.5936 28.9194 0.6
      vertex 70.8482 28.3961 0
    endloop
  endfacet
  facet normal 0.89922 0.437496 0
    outer loop
      vertex 70.8482 28.3961 0.6
      vertex 70.8482 28.3961 0
      vertex 70.5936 28.9194 0.6
    endloop
  endfacet
  facet normal 0.913911 0.405915 -0
    outer loop
      vertex 70.3574 29.4512 0
      vertex 70.3574 29.4512 0.6
      vertex 70.5936 28.9194 0
    endloop
  endfacet
  facet normal 0.913911 0.405915 0
    outer loop
      vertex 70.5936 28.9194 0.6
      vertex 70.5936 28.9194 0
      vertex 70.3574 29.4512 0.6
    endloop
  endfacet
  facet normal 0.92755 0.373699 -0
    outer loop
      vertex 70.1398 29.9913 0
      vertex 70.1398 29.9913 0.6
      vertex 70.3574 29.4512 0
    endloop
  endfacet
  facet normal 0.92755 0.373699 0
    outer loop
      vertex 70.3574 29.4512 0.6
      vertex 70.3574 29.4512 0
      vertex 70.1398 29.9913 0.6
    endloop
  endfacet
  facet normal 0.940014 0.341137 -0
    outer loop
      vertex 69.941 30.5391 0
      vertex 69.941 30.5391 0.6
      vertex 70.1398 29.9913 0
    endloop
  endfacet
  facet normal 0.940014 0.341137 0
    outer loop
      vertex 70.1398 29.9913 0.6
      vertex 70.1398 29.9913 0
      vertex 69.941 30.5391 0.6
    endloop
  endfacet
  facet normal 0.951424 0.307884 -0
    outer loop
      vertex 69.7614 31.0941 0
      vertex 69.7614 31.0941 0.6
      vertex 69.941 30.5391 0
    endloop
  endfacet
  facet normal 0.951424 0.307884 0
    outer loop
      vertex 69.941 30.5391 0.6
      vertex 69.941 30.5391 0
      vertex 69.7614 31.0941 0.6
    endloop
  endfacet
  facet normal 0.961576 0.27454 -0
    outer loop
      vertex 69.601 31.6559 0
      vertex 69.601 31.6559 0.6
      vertex 69.7614 31.0941 0
    endloop
  endfacet
  facet normal 0.961576 0.27454 0
    outer loop
      vertex 69.7614 31.0941 0.6
      vertex 69.7614 31.0941 0
      vertex 69.601 31.6559 0.6
    endloop
  endfacet
  facet normal 0.970633 0.240565 -0
    outer loop
      vertex 69.4602 32.224 0
      vertex 69.4602 32.224 0.6
      vertex 69.601 31.6559 0
    endloop
  endfacet
  facet normal 0.970633 0.240565 0
    outer loop
      vertex 69.601 31.6559 0.6
      vertex 69.601 31.6559 0
      vertex 69.4602 32.224 0.6
    endloop
  endfacet
  facet normal 0.978495 0.206268 -0
    outer loop
      vertex 69.3392 32.798 0
      vertex 69.3392 32.798 0.6
      vertex 69.4602 32.224 0
    endloop
  endfacet
  facet normal 0.978495 0.206268 0
    outer loop
      vertex 69.4602 32.224 0.6
      vertex 69.4602 32.224 0
      vertex 69.3392 32.798 0.6
    endloop
  endfacet
  facet normal 0.985168 0.171592 -0
    outer loop
      vertex 69.2383 33.3773 0
      vertex 69.2383 33.3773 0.6
      vertex 69.3392 32.798 0
    endloop
  endfacet
  facet normal 0.985168 0.171592 0
    outer loop
      vertex 69.3392 32.798 0.6
      vertex 69.3392 32.798 0
      vertex 69.2383 33.3773 0.6
    endloop
  endfacet
  facet normal 0.990567 0.137028 -0
    outer loop
      vertex 69.1575 33.9614 0
      vertex 69.1575 33.9614 0.6
      vertex 69.2383 33.3773 0
    endloop
  endfacet
  facet normal 0.990567 0.137028 0
    outer loop
      vertex 69.2383 33.3773 0.6
      vertex 69.2383 33.3773 0
      vertex 69.1575 33.9614 0.6
    endloop
  endfacet
  facet normal 0.994828 0.101579 -0
    outer loop
      vertex 69.0974 34.55 0
      vertex 69.0974 34.55 0.6
      vertex 69.1575 33.9614 0
    endloop
  endfacet
  facet normal 0.994828 0.101579 0
    outer loop
      vertex 69.1575 33.9614 0.6
      vertex 69.1575 33.9614 0
      vertex 69.0974 34.55 0.6
    endloop
  endfacet
  facet normal 0.994288 0.106733 -0
    outer loop
      vertex 69.0502 34.9897 0
      vertex 69.0502 34.9897 0.6
      vertex 69.0974 34.55 0
    endloop
  endfacet
  facet normal 0.994288 0.106733 0
    outer loop
      vertex 69.0974 34.55 0.6
      vertex 69.0974 34.55 0
      vertex 69.0502 34.9897 0.6
    endloop
  endfacet
  facet normal 0.989963 0.141326 -0
    outer loop
      vertex 68.9878 35.4268 0
      vertex 68.9878 35.4268 0.6
      vertex 69.0502 34.9897 0
    endloop
  endfacet
  facet normal 0.989963 0.141326 0
    outer loop
      vertex 69.0502 34.9897 0.6
      vertex 69.0502 34.9897 0
      vertex 68.9878 35.4268 0.6
    endloop
  endfacet
  facet normal 0.984414 0.175869 -0
    outer loop
      vertex 68.9103 35.8606 0
      vertex 68.9103 35.8606 0.6
      vertex 68.9878 35.4268 0
    endloop
  endfacet
  facet normal 0.984414 0.175869 0
    outer loop
      vertex 68.9878 35.4268 0.6
      vertex 68.9878 35.4268 0
      vertex 68.9103 35.8606 0.6
    endloop
  endfacet
  facet normal 0.977666 0.210165 -0
    outer loop
      vertex 68.8178 36.2909 0
      vertex 68.8178 36.2909 0.6
      vertex 68.9103 35.8606 0
    endloop
  endfacet
  facet normal 0.977666 0.210165 0
    outer loop
      vertex 68.9103 35.8606 0.6
      vertex 68.9103 35.8606 0
      vertex 68.8178 36.2909 0.6
    endloop
  endfacet
  facet normal 0.969713 0.244248 -0
    outer loop
      vertex 68.7104 36.7173 0
      vertex 68.7104 36.7173 0.6
      vertex 68.8178 36.2909 0
    endloop
  endfacet
  facet normal 0.969713 0.244248 0
    outer loop
      vertex 68.8178 36.2909 0.6
      vertex 68.8178 36.2909 0
      vertex 68.7104 36.7173 0.6
    endloop
  endfacet
  facet normal 0.960721 0.277516 -0
    outer loop
      vertex 68.5885 37.1393 0
      vertex 68.5885 37.1393 0.6
      vertex 68.7104 36.7173 0
    endloop
  endfacet
  facet normal 0.960721 0.277516 0
    outer loop
      vertex 68.7104 36.7173 0.6
      vertex 68.7104 36.7173 0
      vertex 68.5885 37.1393 0.6
    endloop
  endfacet
  facet normal 0.950445 0.310893 -0
    outer loop
      vertex 68.452 37.5566 0
      vertex 68.452 37.5566 0.6
      vertex 68.5885 37.1393 0
    endloop
  endfacet
  facet normal 0.950445 0.310893 0
    outer loop
      vertex 68.5885 37.1393 0.6
      vertex 68.5885 37.1393 0
      vertex 68.452 37.5566 0.6
    endloop
  endfacet
  facet normal 0.9392 0.343371 -0
    outer loop
      vertex 68.3013 37.9688 0
      vertex 68.3013 37.9688 0.6
      vertex 68.452 37.5566 0
    endloop
  endfacet
  facet normal 0.9392 0.343371 0
    outer loop
      vertex 68.452 37.5566 0.6
      vertex 68.452 37.5566 0
      vertex 68.3013 37.9688 0.6
    endloop
  endfacet
  facet normal 0.926722 0.375747 -0
    outer loop
      vertex 68.1364 38.3755 0
      vertex 68.1364 38.3755 0.6
      vertex 68.3013 37.9688 0
    endloop
  endfacet
  facet normal 0.926722 0.375747 0
    outer loop
      vertex 68.3013 37.9688 0.6
      vertex 68.3013 37.9688 0
      vertex 68.1364 38.3755 0.6
    endloop
  endfacet
  facet normal 0.913209 0.407491 -0
    outer loop
      vertex 67.9576 38.7762 0
      vertex 67.9576 38.7762 0.6
      vertex 68.1364 38.3755 0
    endloop
  endfacet
  facet normal 0.913209 0.407491 0
    outer loop
      vertex 68.1364 38.3755 0.6
      vertex 68.1364 38.3755 0
      vertex 67.9576 38.7762 0.6
    endloop
  endfacet
  facet normal 0.898714 0.438536 -0
    outer loop
      vertex 67.7651 39.1707 0
      vertex 67.7651 39.1707 0.6
      vertex 67.9576 38.7762 0
    endloop
  endfacet
  facet normal 0.898714 0.438536 0
    outer loop
      vertex 67.9576 38.7762 0.6
      vertex 67.9576 38.7762 0
      vertex 67.7651 39.1707 0.6
    endloop
  endfacet
  facet normal 0.882945 0.469477 -0
    outer loop
      vertex 67.5589 39.5585 0
      vertex 67.5589 39.5585 0.6
      vertex 67.7651 39.1707 0
    endloop
  endfacet
  facet normal 0.882945 0.469477 0
    outer loop
      vertex 67.7651 39.1707 0.6
      vertex 67.7651 39.1707 0
      vertex 67.5589 39.5585 0.6
    endloop
  endfacet
  facet normal 0.86622 0.499663 -0
    outer loop
      vertex 67.3393 39.9392 0
      vertex 67.3393 39.9392 0.6
      vertex 67.5589 39.5585 0
    endloop
  endfacet
  facet normal 0.86622 0.499663 0
    outer loop
      vertex 67.5589 39.5585 0.6
      vertex 67.5589 39.5585 0
      vertex 67.3393 39.9392 0.6
    endloop
  endfacet
  facet normal 0.848356 0.529427 -0
    outer loop
      vertex 67.1064 40.3124 0
      vertex 67.1064 40.3124 0.6
      vertex 67.3393 39.9392 0
    endloop
  endfacet
  facet normal 0.848356 0.529427 0
    outer loop
      vertex 67.3393 39.9392 0.6
      vertex 67.3393 39.9392 0
      vertex 67.1064 40.3124 0.6
    endloop
  endfacet
  facet normal 0.829456 0.558572 -0
    outer loop
      vertex 66.8604 40.6777 0
      vertex 66.8604 40.6777 0.6
      vertex 67.1064 40.3124 0
    endloop
  endfacet
  facet normal 0.829456 0.558572 0
    outer loop
      vertex 67.1064 40.3124 0.6
      vertex 67.1064 40.3124 0
      vertex 66.8604 40.6777 0.6
    endloop
  endfacet
  facet normal 0.8095 0.58712 -0
    outer loop
      vertex 66.6014 41.0348 0
      vertex 66.6014 41.0348 0.6
      vertex 66.8604 40.6777 0
    endloop
  endfacet
  facet normal 0.8095 0.58712 0
    outer loop
      vertex 66.8604 40.6777 0.6
      vertex 66.8604 40.6777 0
      vertex 66.6014 41.0348 0.6
    endloop
  endfacet
  facet normal 0.788559 0.614959 -0
    outer loop
      vertex 66.3297 41.3832 0
      vertex 66.3297 41.3832 0.6
      vertex 66.6014 41.0348 0
    endloop
  endfacet
  facet normal 0.788559 0.614959 0
    outer loop
      vertex 66.6014 41.0348 0.6
      vertex 66.6014 41.0348 0
      vertex 66.3297 41.3832 0.6
    endloop
  endfacet
  facet normal 0.766608 0.642116 -0
    outer loop
      vertex 66.0455 41.7225 0
      vertex 66.0455 41.7225 0.6
      vertex 66.3297 41.3832 0
    endloop
  endfacet
  facet normal 0.766608 0.642116 0
    outer loop
      vertex 66.3297 41.3832 0.6
      vertex 66.3297 41.3832 0
      vertex 66.0455 41.7225 0.6
    endloop
  endfacet
  facet normal 0.743529 0.668703 -0
    outer loop
      vertex 65.7488 42.0524 0
      vertex 65.7488 42.0524 0.6
      vertex 66.0455 41.7225 0
    endloop
  endfacet
  facet normal 0.743529 0.668703 0
    outer loop
      vertex 66.0455 41.7225 0.6
      vertex 66.0455 41.7225 0
      vertex 65.7488 42.0524 0.6
    endloop
  endfacet
  facet normal 0.719471 0.694522 -0
    outer loop
      vertex 65.4398 42.3725 0
      vertex 65.4398 42.3725 0.6
      vertex 65.7488 42.0524 0
    endloop
  endfacet
  facet normal 0.719471 0.694522 0
    outer loop
      vertex 65.7488 42.0524 0.6
      vertex 65.7488 42.0524 0
      vertex 65.4398 42.3725 0.6
    endloop
  endfacet
  facet normal 0.707213 0.707 -0
    outer loop
      vertex 65.1074 42.705 0
      vertex 65.1074 42.705 0.6
      vertex 65.4398 42.3725 0
    endloop
  endfacet
  facet normal 0.707213 0.707 0
    outer loop
      vertex 65.4398 42.3725 0.6
      vertex 65.4398 42.3725 0
      vertex 65.1074 42.705 0.6
    endloop
  endfacet
  facet normal 0.735064 0.677998 -0
    outer loop
      vertex 64.5787 43.2782 0
      vertex 64.5787 43.2782 0.6
      vertex 65.1074 42.705 0
    endloop
  endfacet
  facet normal 0.735064 0.677998 0
    outer loop
      vertex 65.1074 42.705 0.6
      vertex 65.1074 42.705 0
      vertex 64.5787 43.2782 0.6
    endloop
  endfacet
  facet normal 0.78756 0.616238 -0
    outer loop
      vertex 64.1057 43.8827 0
      vertex 64.1057 43.8827 0.6
      vertex 64.5787 43.2782 0
    endloop
  endfacet
  facet normal 0.78756 0.616238 0
    outer loop
      vertex 64.5787 43.2782 0.6
      vertex 64.5787 43.2782 0
      vertex 64.1057 43.8827 0.6
    endloop
  endfacet
  facet normal 0.834479 0.551039 -0
    outer loop
      vertex 63.6883 44.5148 0
      vertex 63.6883 44.5148 0.6
      vertex 64.1057 43.8827 0
    endloop
  endfacet
  facet normal 0.834479 0.551039 0
    outer loop
      vertex 64.1057 43.8827 0.6
      vertex 64.1057 43.8827 0
      vertex 63.6883 44.5148 0.6
    endloop
  endfacet
  facet normal 0.875776 0.482718 -0
    outer loop
      vertex 63.3265 45.1712 0
      vertex 63.3265 45.1712 0.6
      vertex 63.6883 44.5148 0
    endloop
  endfacet
  facet normal 0.875776 0.482718 0
    outer loop
      vertex 63.6883 44.5148 0.6
      vertex 63.6883 44.5148 0
      vertex 63.3265 45.1712 0.6
    endloop
  endfacet
  facet normal 0.911286 0.411774 -0
    outer loop
      vertex 63.0205 45.8484 0
      vertex 63.0205 45.8484 0.6
      vertex 63.3265 45.1712 0
    endloop
  endfacet
  facet normal 0.911286 0.411774 0
    outer loop
      vertex 63.3265 45.1712 0.6
      vertex 63.3265 45.1712 0
      vertex 63.0205 45.8484 0.6
    endloop
  endfacet
  facet normal 0.940739 0.339132 -0
    outer loop
      vertex 62.7701 46.543 0
      vertex 62.7701 46.543 0.6
      vertex 63.0205 45.8484 0
    endloop
  endfacet
  facet normal 0.940739 0.339132 0
    outer loop
      vertex 63.0205 45.8484 0.6
      vertex 63.0205 45.8484 0
      vertex 62.7701 46.543 0.6
    endloop
  endfacet
  facet normal 0.964199 0.265179 -0
    outer loop
      vertex 62.5753 47.2513 0
      vertex 62.5753 47.2513 0.6
      vertex 62.7701 46.543 0
    endloop
  endfacet
  facet normal 0.964199 0.265179 0
    outer loop
      vertex 62.7701 46.543 0.6
      vertex 62.7701 46.543 0
      vertex 62.5753 47.2513 0.6
    endloop
  endfacet
  facet normal 0.98176 0.190124 -0
    outer loop
      vertex 62.4361 47.9701 0
      vertex 62.4361 47.9701 0.6
      vertex 62.5753 47.2513 0
    endloop
  endfacet
  facet normal 0.98176 0.190124 0
    outer loop
      vertex 62.5753 47.2513 0.6
      vertex 62.5753 47.2513 0
      vertex 62.4361 47.9701 0.6
    endloop
  endfacet
  facet normal 0.993461 0.114172 -0
    outer loop
      vertex 62.3527 48.6958 0
      vertex 62.3527 48.6958 0.6
      vertex 62.4361 47.9701 0
    endloop
  endfacet
  facet normal 0.993461 0.114172 0
    outer loop
      vertex 62.4361 47.9701 0.6
      vertex 62.4361 47.9701 0
      vertex 62.3527 48.6958 0.6
    endloop
  endfacet
  facet normal 0.999269 0.0382331 -0
    outer loop
      vertex 62.3248 49.425 0
      vertex 62.3248 49.425 0.6
      vertex 62.3527 48.6958 0
    endloop
  endfacet
  facet normal 0.999269 0.0382331 0
    outer loop
      vertex 62.3527 48.6958 0.6
      vertex 62.3527 48.6958 0
      vertex 62.3248 49.425 0.6
    endloop
  endfacet
  facet normal 0.999269 -0.0382331 0
    outer loop
      vertex 62.3527 50.1542 0
      vertex 62.3527 50.1542 0.6
      vertex 62.3248 49.425 0
    endloop
  endfacet
  facet normal 0.999269 -0.0382331 0
    outer loop
      vertex 62.3248 49.425 0.6
      vertex 62.3248 49.425 0
      vertex 62.3527 50.1542 0.6
    endloop
  endfacet
  facet normal 0.993461 -0.114172 0
    outer loop
      vertex 62.4361 50.8799 0
      vertex 62.4361 50.8799 0.6
      vertex 62.3527 50.1542 0
    endloop
  endfacet
  facet normal 0.993461 -0.114172 0
    outer loop
      vertex 62.3527 50.1542 0.6
      vertex 62.3527 50.1542 0
      vertex 62.4361 50.8799 0.6
    endloop
  endfacet
  facet normal 0.98176 -0.190124 0
    outer loop
      vertex 62.5753 51.5987 0
      vertex 62.5753 51.5987 0.6
      vertex 62.4361 50.8799 0
    endloop
  endfacet
  facet normal 0.98176 -0.190124 0
    outer loop
      vertex 62.4361 50.8799 0.6
      vertex 62.4361 50.8799 0
      vertex 62.5753 51.5987 0.6
    endloop
  endfacet
  facet normal 0.964209 -0.265144 0
    outer loop
      vertex 62.7701 52.3071 0
      vertex 62.7701 52.3071 0.6
      vertex 62.5753 51.5987 0
    endloop
  endfacet
  facet normal 0.964209 -0.265144 0
    outer loop
      vertex 62.5753 51.5987 0.6
      vertex 62.5753 51.5987 0
      vertex 62.7701 52.3071 0.6
    endloop
  endfacet
  facet normal 0.940723 -0.339175 0
    outer loop
      vertex 63.0205 53.0016 0
      vertex 63.0205 53.0016 0.6
      vertex 62.7701 52.3071 0
    endloop
  endfacet
  facet normal 0.940723 -0.339175 0
    outer loop
      vertex 62.7701 52.3071 0.6
      vertex 62.7701 52.3071 0
      vertex 63.0205 53.0016 0.6
    endloop
  endfacet
  facet normal 0.911286 -0.411774 0
    outer loop
      vertex 63.3265 53.6788 0
      vertex 63.3265 53.6788 0.6
      vertex 63.0205 53.0016 0
    endloop
  endfacet
  facet normal 0.911286 -0.411774 0
    outer loop
      vertex 63.0205 53.0016 0.6
      vertex 63.0205 53.0016 0
      vertex 63.3265 53.6788 0.6
    endloop
  endfacet
  facet normal 0.875776 -0.482718 0
    outer loop
      vertex 63.6883 54.3352 0
      vertex 63.6883 54.3352 0.6
      vertex 63.3265 53.6788 0
    endloop
  endfacet
  facet normal 0.875776 -0.482718 0
    outer loop
      vertex 63.3265 53.6788 0.6
      vertex 63.3265 53.6788 0
      vertex 63.6883 54.3352 0.6
    endloop
  endfacet
  facet normal 0.834479 -0.551039 0
    outer loop
      vertex 64.1057 54.9673 0
      vertex 64.1057 54.9673 0.6
      vertex 63.6883 54.3352 0
    endloop
  endfacet
  facet normal 0.834479 -0.551039 0
    outer loop
      vertex 63.6883 54.3352 0.6
      vertex 63.6883 54.3352 0
      vertex 64.1057 54.9673 0.6
    endloop
  endfacet
  facet normal 0.78756 -0.616238 0
    outer loop
      vertex 64.5787 55.5718 0
      vertex 64.5787 55.5718 0.6
      vertex 64.1057 54.9673 0
    endloop
  endfacet
  facet normal 0.78756 -0.616238 0
    outer loop
      vertex 64.1057 54.9673 0.6
      vertex 64.1057 54.9673 0
      vertex 64.5787 55.5718 0.6
    endloop
  endfacet
  facet normal 0.735064 -0.677998 0
    outer loop
      vertex 65.1074 56.145 0
      vertex 65.1074 56.145 0.6
      vertex 64.5787 55.5718 0
    endloop
  endfacet
  facet normal 0.735064 -0.677998 0
    outer loop
      vertex 64.5787 55.5718 0.6
      vertex 64.5787 55.5718 0
      vertex 65.1074 56.145 0.6
    endloop
  endfacet
  facet normal 0.677998 -0.735064 0
    outer loop
      vertex 65.6806 56.6737 0
      vertex 65.6806 56.6737 0.6
      vertex 65.1074 56.145 0
    endloop
  endfacet
  facet normal 0.677998 -0.735064 0
    outer loop
      vertex 65.1074 56.145 0.6
      vertex 65.1074 56.145 0
      vertex 65.6806 56.6737 0.6
    endloop
  endfacet
  facet normal 0.616301 -0.78751 0
    outer loop
      vertex 66.285 57.1467 0
      vertex 66.285 57.1467 0.6
      vertex 65.6806 56.6737 0
    endloop
  endfacet
  facet normal 0.616301 -0.78751 0
    outer loop
      vertex 65.6806 56.6737 0.6
      vertex 65.6806 56.6737 0
      vertex 66.285 57.1467 0.6
    endloop
  endfacet
  facet normal 0.550978 -0.83452 0
    outer loop
      vertex 66.9172 57.5641 0
      vertex 66.9172 57.5641 0.6
      vertex 66.285 57.1467 0
    endloop
  endfacet
  facet normal 0.550978 -0.83452 0
    outer loop
      vertex 66.285 57.1467 0.6
      vertex 66.285 57.1467 0
      vertex 66.9172 57.5641 0.6
    endloop
  endfacet
  facet normal 0.482615 -0.875833 0
    outer loop
      vertex 67.5736 57.9258 0
      vertex 67.5736 57.9258 0.6
      vertex 66.9172 57.5641 0
    endloop
  endfacet
  facet normal 0.482615 -0.875833 0
    outer loop
      vertex 66.9172 57.5641 0.6
      vertex 66.9172 57.5641 0
      vertex 67.5736 57.9258 0.6
    endloop
  endfacet
  facet normal 0.411886 -0.911235 0
    outer loop
      vertex 68.2508 58.2319 0
      vertex 68.2508 58.2319 0.6
      vertex 67.5736 57.9258 0
    endloop
  endfacet
  facet normal 0.411886 -0.911235 0
    outer loop
      vertex 67.5736 57.9258 0.6
      vertex 67.5736 57.9258 0
      vertex 68.2508 58.2319 0.6
    endloop
  endfacet
  facet normal 0.339175 -0.940723 0
    outer loop
      vertex 68.9453 58.4823 0
      vertex 68.9453 58.4823 0.6
      vertex 68.2508 58.2319 0
    endloop
  endfacet
  facet normal 0.339175 -0.940723 0
    outer loop
      vertex 68.2508 58.2319 0.6
      vertex 68.2508 58.2319 0
      vertex 68.9453 58.4823 0.6
    endloop
  endfacet
  facet normal 0.265144 -0.964209 0
    outer loop
      vertex 69.6537 58.6771 0
      vertex 69.6537 58.6771 0.6
      vertex 68.9453 58.4823 0
    endloop
  endfacet
  facet normal 0.265144 -0.964209 0
    outer loop
      vertex 68.9453 58.4823 0.6
      vertex 68.9453 58.4823 0
      vertex 69.6537 58.6771 0.6
    endloop
  endfacet
  facet normal 0.189992 -0.981786 0
    outer loop
      vertex 70.3725 58.8162 0
      vertex 70.3725 58.8162 0.6
      vertex 69.6537 58.6771 0
    endloop
  endfacet
  facet normal 0.189992 -0.981786 0
    outer loop
      vertex 69.6537 58.6771 0.6
      vertex 69.6537 58.6771 0
      vertex 70.3725 58.8162 0.6
    endloop
  endfacet
  facet normal 0.114307 -0.993445 0
    outer loop
      vertex 71.0982 58.8997 0
      vertex 71.0982 58.8997 0.6
      vertex 70.3725 58.8162 0
    endloop
  endfacet
  facet normal 0.114307 -0.993445 0
    outer loop
      vertex 70.3725 58.8162 0.6
      vertex 70.3725 58.8162 0
      vertex 71.0982 58.8997 0.6
    endloop
  endfacet
  facet normal 0.0382384 -0.999269 0
    outer loop
      vertex 71.8273 58.9276 0
      vertex 71.8273 58.9276 0.6
      vertex 71.0982 58.8997 0
    endloop
  endfacet
  facet normal 0.0382384 -0.999269 0
    outer loop
      vertex 71.0982 58.8997 0.6
      vertex 71.0982 58.8997 0
      vertex 71.8273 58.9276 0.6
    endloop
  endfacet
  facet normal -0.0382331 -0.999269 0
    outer loop
      vertex 72.5565 58.8997 0
      vertex 72.5565 58.8997 0.6
      vertex 71.8273 58.9276 0
    endloop
  endfacet
  facet normal -0.0382331 -0.999269 -0
    outer loop
      vertex 71.8273 58.9276 0.6
      vertex 71.8273 58.9276 0
      vertex 72.5565 58.8997 0.6
    endloop
  endfacet
  facet normal -0.114307 -0.993445 0
    outer loop
      vertex 73.2822 58.8162 0
      vertex 73.2822 58.8162 0.6
      vertex 72.5565 58.8997 0
    endloop
  endfacet
  facet normal -0.114307 -0.993445 -0
    outer loop
      vertex 72.5565 58.8997 0.6
      vertex 72.5565 58.8997 0
      vertex 73.2822 58.8162 0.6
    endloop
  endfacet
  facet normal -0.189992 -0.981786 0
    outer loop
      vertex 74.001 58.6771 0
      vertex 74.001 58.6771 0.6
      vertex 73.2822 58.8162 0
    endloop
  endfacet
  facet normal -0.189992 -0.981786 -0
    outer loop
      vertex 73.2822 58.8162 0.6
      vertex 73.2822 58.8162 0
      vertex 74.001 58.6771 0.6
    endloop
  endfacet
  facet normal -0.265144 -0.964209 0
    outer loop
      vertex 74.7094 58.4823 0
      vertex 74.7094 58.4823 0.6
      vertex 74.001 58.6771 0
    endloop
  endfacet
  facet normal -0.265144 -0.964209 -0
    outer loop
      vertex 74.001 58.6771 0.6
      vertex 74.001 58.6771 0
      vertex 74.7094 58.4823 0.6
    endloop
  endfacet
  facet normal -0.339175 -0.940723 0
    outer loop
      vertex 75.4039 58.2319 0
      vertex 75.4039 58.2319 0.6
      vertex 74.7094 58.4823 0
    endloop
  endfacet
  facet normal -0.339175 -0.940723 -0
    outer loop
      vertex 74.7094 58.4823 0.6
      vertex 74.7094 58.4823 0
      vertex 75.4039 58.2319 0.6
    endloop
  endfacet
  facet normal -0.411886 -0.911235 0
    outer loop
      vertex 76.0811 57.9258 0
      vertex 76.0811 57.9258 0.6
      vertex 75.4039 58.2319 0
    endloop
  endfacet
  facet normal -0.411886 -0.911235 -0
    outer loop
      vertex 75.4039 58.2319 0.6
      vertex 75.4039 58.2319 0
      vertex 76.0811 57.9258 0.6
    endloop
  endfacet
  facet normal -0.482615 -0.875833 0
    outer loop
      vertex 76.7375 57.5641 0
      vertex 76.7375 57.5641 0.6
      vertex 76.0811 57.9258 0
    endloop
  endfacet
  facet normal -0.482615 -0.875833 -0
    outer loop
      vertex 76.0811 57.9258 0.6
      vertex 76.0811 57.9258 0
      vertex 76.7375 57.5641 0.6
    endloop
  endfacet
  facet normal -0.550978 -0.83452 0
    outer loop
      vertex 77.3697 57.1467 0
      vertex 77.3697 57.1467 0.6
      vertex 76.7375 57.5641 0
    endloop
  endfacet
  facet normal -0.550978 -0.83452 -0
    outer loop
      vertex 76.7375 57.5641 0.6
      vertex 76.7375 57.5641 0
      vertex 77.3697 57.1467 0.6
    endloop
  endfacet
  facet normal -0.616301 -0.78751 0
    outer loop
      vertex 77.9741 56.6737 0
      vertex 77.9741 56.6737 0.6
      vertex 77.3697 57.1467 0
    endloop
  endfacet
  facet normal -0.616301 -0.78751 -0
    outer loop
      vertex 77.3697 57.1467 0.6
      vertex 77.3697 57.1467 0
      vertex 77.9741 56.6737 0.6
    endloop
  endfacet
  facet normal -0.677998 -0.735064 0
    outer loop
      vertex 78.5473 56.145 0
      vertex 78.5473 56.145 0.6
      vertex 77.9741 56.6737 0
    endloop
  endfacet
  facet normal -0.677998 -0.735064 -0
    outer loop
      vertex 77.9741 56.6737 0.6
      vertex 77.9741 56.6737 0
      vertex 78.5473 56.145 0.6
    endloop
  endfacet
  facet normal -0.707 -0.707213 0
    outer loop
      vertex 78.8799 55.8125 0
      vertex 78.8799 55.8125 0.6
      vertex 78.5473 56.145 0
    endloop
  endfacet
  facet normal -0.707 -0.707213 -0
    outer loop
      vertex 78.5473 56.145 0.6
      vertex 78.5473 56.145 0
      vertex 78.8799 55.8125 0.6
    endloop
  endfacet
  facet normal -0.694518 -0.719475 0
    outer loop
      vertex 79.1999 55.5036 0
      vertex 79.1999 55.5036 0.6
      vertex 78.8799 55.8125 0
    endloop
  endfacet
  facet normal -0.694518 -0.719475 -0
    outer loop
      vertex 78.8799 55.8125 0.6
      vertex 78.8799 55.8125 0
      vertex 79.1999 55.5036 0.6
    endloop
  endfacet
  facet normal -0.668703 -0.743529 0
    outer loop
      vertex 79.5298 55.2069 0
      vertex 79.5298 55.2069 0.6
      vertex 79.1999 55.5036 0
    endloop
  endfacet
  facet normal -0.668703 -0.743529 -0
    outer loop
      vertex 79.1999 55.5036 0.6
      vertex 79.1999 55.5036 0
      vertex 79.5298 55.2069 0.6
    endloop
  endfacet
  facet normal -0.642005 -0.766701 0
    outer loop
      vertex 79.8692 54.9227 0
      vertex 79.8692 54.9227 0.6
      vertex 79.5298 55.2069 0
    endloop
  endfacet
  facet normal -0.642005 -0.766701 -0
    outer loop
      vertex 79.5298 55.2069 0.6
      vertex 79.5298 55.2069 0
      vertex 79.8692 54.9227 0.6
    endloop
  endfacet
  facet normal -0.614708 -0.788755 0
    outer loop
      vertex 80.2177 54.6511 0
      vertex 80.2177 54.6511 0.6
      vertex 79.8692 54.9227 0
    endloop
  endfacet
  facet normal -0.614708 -0.788755 -0
    outer loop
      vertex 79.8692 54.9227 0.6
      vertex 79.8692 54.9227 0
      vertex 80.2177 54.6511 0.6
    endloop
  endfacet
  facet normal -0.586715 -0.809794 0
    outer loop
      vertex 80.5749 54.3923 0
      vertex 80.5749 54.3923 0.6
      vertex 80.2177 54.6511 0
    endloop
  endfacet
  facet normal -0.586715 -0.809794 -0
    outer loop
      vertex 80.2177 54.6511 0.6
      vertex 80.2177 54.6511 0
      vertex 80.5749 54.3923 0.6
    endloop
  endfacet
  facet normal -0.558049 -0.829808 0
    outer loop
      vertex 80.9404 54.1465 0
      vertex 80.9404 54.1465 0.6
      vertex 80.5749 54.3923 0
    endloop
  endfacet
  facet normal -0.558049 -0.829808 -0
    outer loop
      vertex 80.5749 54.3923 0.6
      vertex 80.5749 54.3923 0
      vertex 80.9404 54.1465 0.6
    endloop
  endfacet
  facet normal -0.52863 -0.848853 0
    outer loop
      vertex 81.3139 53.9139 0
      vertex 81.3139 53.9139 0.6
      vertex 80.9404 54.1465 0
    endloop
  endfacet
  facet normal -0.52863 -0.848853 -0
    outer loop
      vertex 80.9404 54.1465 0.6
      vertex 80.9404 54.1465 0
      vertex 81.3139 53.9139 0.6
    endloop
  endfacet
  facet normal -0.498757 -0.866742 0
    outer loop
      vertex 81.695 53.6946 0
      vertex 81.695 53.6946 0.6
      vertex 81.3139 53.9139 0
    endloop
  endfacet
  facet normal -0.498757 -0.866742 -0
    outer loop
      vertex 81.3139 53.9139 0.6
      vertex 81.3139 53.9139 0
      vertex 81.695 53.6946 0.6
    endloop
  endfacet
  facet normal -0.468212 -0.883616 0
    outer loop
      vertex 82.0832 53.4889 0
      vertex 82.0832 53.4889 0.6
      vertex 81.695 53.6946 0
    endloop
  endfacet
  facet normal -0.468212 -0.883616 -0
    outer loop
      vertex 81.695 53.6946 0.6
      vertex 81.695 53.6946 0
      vertex 82.0832 53.4889 0.6
    endloop
  endfacet
  facet normal -0.437078 -0.899424 0
    outer loop
      vertex 82.4783 53.2969 0
      vertex 82.4783 53.2969 0.6
      vertex 82.0832 53.4889 0
    endloop
  endfacet
  facet normal -0.437078 -0.899424 -0
    outer loop
      vertex 82.0832 53.4889 0.6
      vertex 82.0832 53.4889 0
      vertex 82.4783 53.2969 0.6
    endloop
  endfacet
  facet normal -0.405484 -0.914102 0
    outer loop
      vertex 82.8798 53.1188 0
      vertex 82.8798 53.1188 0.6
      vertex 82.4783 53.2969 0
    endloop
  endfacet
  facet normal -0.405484 -0.914102 -0
    outer loop
      vertex 82.4783 53.2969 0.6
      vertex 82.4783 53.2969 0
      vertex 82.8798 53.1188 0.6
    endloop
  endfacet
  facet normal -0.373156 -0.927768 0
    outer loop
      vertex 83.2873 52.9549 0
      vertex 83.2873 52.9549 0.6
      vertex 82.8798 53.1188 0
    endloop
  endfacet
  facet normal -0.373156 -0.927768 -0
    outer loop
      vertex 82.8798 53.1188 0.6
      vertex 82.8798 53.1188 0
      vertex 83.2873 52.9549 0.6
    endloop
  endfacet
  facet normal -0.340628 -0.940198 0
    outer loop
      vertex 83.7005 52.8052 0
      vertex 83.7005 52.8052 0.6
      vertex 83.2873 52.9549 0
    endloop
  endfacet
  facet normal -0.340628 -0.940198 -0
    outer loop
      vertex 83.2873 52.9549 0.6
      vertex 83.2873 52.9549 0
      vertex 83.7005 52.8052 0.6
    endloop
  endfacet
  facet normal -0.307621 -0.951509 0
    outer loop
      vertex 84.119 52.6699 0
      vertex 84.119 52.6699 0.6
      vertex 83.7005 52.8052 0
    endloop
  endfacet
  facet normal -0.307621 -0.951509 -0
    outer loop
      vertex 83.7005 52.8052 0.6
      vertex 83.7005 52.8052 0
      vertex 84.119 52.6699 0.6
    endloop
  endfacet
  facet normal -0.273941 -0.961746 0
    outer loop
      vertex 84.5424 52.5493 0
      vertex 84.5424 52.5493 0.6
      vertex 84.119 52.6699 0
    endloop
  endfacet
  facet normal -0.273941 -0.961746 -0
    outer loop
      vertex 84.119 52.6699 0.6
      vertex 84.119 52.6699 0
      vertex 84.5424 52.5493 0.6
    endloop
  endfacet
  facet normal -0.239759 -0.970832 0
    outer loop
      vertex 84.9704 52.4436 0
      vertex 84.9704 52.4436 0.6
      vertex 84.5424 52.5493 0
    endloop
  endfacet
  facet normal -0.239759 -0.970832 -0
    outer loop
      vertex 84.5424 52.5493 0.6
      vertex 84.5424 52.5493 0
      vertex 84.9704 52.4436 0.6
    endloop
  endfacet
  facet normal -0.205645 -0.978627 0
    outer loop
      vertex 85.4025 52.3528 0
      vertex 85.4025 52.3528 0.6
      vertex 84.9704 52.4436 0
    endloop
  endfacet
  facet normal -0.205645 -0.978627 -0
    outer loop
      vertex 84.9704 52.4436 0.6
      vertex 84.9704 52.4436 0
      vertex 85.4025 52.3528 0.6
    endloop
  endfacet
  facet normal -0.170702 -0.985323 0
    outer loop
      vertex 85.8383 52.2773 0
      vertex 85.8383 52.2773 0.6
      vertex 85.4025 52.3528 0
    endloop
  endfacet
  facet normal -0.170702 -0.985323 -0
    outer loop
      vertex 85.4025 52.3528 0.6
      vertex 85.4025 52.3528 0
      vertex 85.8383 52.2773 0.6
    endloop
  endfacet
  facet normal -0.135767 -0.990741 0
    outer loop
      vertex 86.2776 52.2171 0
      vertex 86.2776 52.2171 0.6
      vertex 85.8383 52.2773 0
    endloop
  endfacet
  facet normal -0.135767 -0.990741 -0
    outer loop
      vertex 85.8383 52.2773 0.6
      vertex 85.8383 52.2773 0
      vertex 86.2776 52.2171 0.6
    endloop
  endfacet
  facet normal -0.10035 -0.994952 0
    outer loop
      vertex 86.7198 52.1725 0
      vertex 86.7198 52.1725 0.6
      vertex 86.2776 52.2171 0
    endloop
  endfacet
  facet normal -0.10035 -0.994952 -0
    outer loop
      vertex 86.2776 52.2171 0.6
      vertex 86.2776 52.2171 0
      vertex 86.7198 52.1725 0.6
    endloop
  endfacet
  facet normal -0.101746 -0.99481 0
    outer loop
      vertex 87.3084 52.1123 0
      vertex 87.3084 52.1123 0.6
      vertex 86.7198 52.1725 0
    endloop
  endfacet
  facet normal -0.101746 -0.99481 -0
    outer loop
      vertex 86.7198 52.1725 0.6
      vertex 86.7198 52.1725 0
      vertex 87.3084 52.1123 0.6
    endloop
  endfacet
  facet normal -0.136838 -0.990593 0
    outer loop
      vertex 87.8926 52.0316 0
      vertex 87.8926 52.0316 0.6
      vertex 87.3084 52.1123 0
    endloop
  endfacet
  facet normal -0.136838 -0.990593 -0
    outer loop
      vertex 87.3084 52.1123 0.6
      vertex 87.3084 52.1123 0
      vertex 87.8926 52.0316 0.6
    endloop
  endfacet
  facet normal -0.171757 -0.985139 0
    outer loop
      vertex 88.4719 51.9306 0
      vertex 88.4719 51.9306 0.6
      vertex 87.8926 52.0316 0
    endloop
  endfacet
  facet normal -0.171757 -0.985139 -0
    outer loop
      vertex 87.8926 52.0316 0.6
      vertex 87.8926 52.0316 0
      vertex 88.4719 51.9306 0.6
    endloop
  endfacet
  facet normal -0.206303 -0.978488 0
    outer loop
      vertex 89.0458 51.8096 0
      vertex 89.0458 51.8096 0.6
      vertex 88.4719 51.9306 0
    endloop
  endfacet
  facet normal -0.206303 -0.978488 -0
    outer loop
      vertex 88.4719 51.9306 0.6
      vertex 88.4719 51.9306 0
      vertex 89.0458 51.8096 0.6
    endloop
  endfacet
  facet normal -0.240404 -0.970673 0
    outer loop
      vertex 89.6139 51.6689 0
      vertex 89.6139 51.6689 0.6
      vertex 89.0458 51.8096 0
    endloop
  endfacet
  facet normal -0.240404 -0.970673 -0
    outer loop
      vertex 89.0458 51.8096 0.6
      vertex 89.0458 51.8096 0
      vertex 89.6139 51.6689 0.6
    endloop
  endfacet
  facet normal -0.27454 -0.961576 0
    outer loop
      vertex 90.1757 51.5085 0
      vertex 90.1757 51.5085 0.6
      vertex 89.6139 51.6689 0
    endloop
  endfacet
  facet normal -0.27454 -0.961576 -0
    outer loop
      vertex 89.6139 51.6689 0.6
      vertex 89.6139 51.6689 0
      vertex 90.1757 51.5085 0.6
    endloop
  endfacet
  facet normal -0.308039 -0.951374 0
    outer loop
      vertex 90.7307 51.3288 0
      vertex 90.7307 51.3288 0.6
      vertex 90.1757 51.5085 0
    endloop
  endfacet
  facet normal -0.308039 -0.951374 -0
    outer loop
      vertex 90.1757 51.5085 0.6
      vertex 90.1757 51.5085 0
      vertex 90.7307 51.3288 0.6
    endloop
  endfacet
  facet normal -0.340985 -0.940069 0
    outer loop
      vertex 91.2785 51.1301 0
      vertex 91.2785 51.1301 0.6
      vertex 90.7307 51.3288 0
    endloop
  endfacet
  facet normal -0.340985 -0.940069 -0
    outer loop
      vertex 90.7307 51.3288 0.6
      vertex 90.7307 51.3288 0
      vertex 91.2785 51.1301 0.6
    endloop
  endfacet
  facet normal -0.373699 -0.92755 0
    outer loop
      vertex 91.8186 50.9125 0
      vertex 91.8186 50.9125 0.6
      vertex 91.2785 51.1301 0
    endloop
  endfacet
  facet normal -0.373699 -0.92755 -0
    outer loop
      vertex 91.2785 51.1301 0.6
      vertex 91.2785 51.1301 0
      vertex 91.8186 50.9125 0.6
    endloop
  endfacet
  facet normal -0.405915 -0.913911 0
    outer loop
      vertex 92.3504 50.6763 0
      vertex 92.3504 50.6763 0.6
      vertex 91.8186 50.9125 0
    endloop
  endfacet
  facet normal -0.405915 -0.913911 -0
    outer loop
      vertex 91.8186 50.9125 0.6
      vertex 91.8186 50.9125 0
      vertex 92.3504 50.6763 0.6
    endloop
  endfacet
  facet normal -0.437496 -0.89922 0
    outer loop
      vertex 92.8737 50.4217 0
      vertex 92.8737 50.4217 0.6
      vertex 92.3504 50.6763 0
    endloop
  endfacet
  facet normal -0.437496 -0.89922 -0
    outer loop
      vertex 92.3504 50.6763 0.6
      vertex 92.3504 50.6763 0
      vertex 92.8737 50.4217 0.6
    endloop
  endfacet
  facet normal -0.468598 -0.883411 0
    outer loop
      vertex 93.3878 50.149 0
      vertex 93.3878 50.149 0.6
      vertex 92.8737 50.4217 0
    endloop
  endfacet
  facet normal -0.468598 -0.883411 -0
    outer loop
      vertex 92.8737 50.4217 0.6
      vertex 92.8737 50.4217 0
      vertex 93.3878 50.149 0.6
    endloop
  endfacet
  facet normal -0.499336 -0.866409 0
    outer loop
      vertex 93.8922 49.8583 0
      vertex 93.8922 49.8583 0.6
      vertex 93.3878 50.149 0
    endloop
  endfacet
  facet normal -0.499336 -0.866409 -0
    outer loop
      vertex 93.3878 50.149 0.6
      vertex 93.3878 50.149 0
      vertex 93.8922 49.8583 0.6
    endloop
  endfacet
  facet normal -0.529135 -0.848538 0
    outer loop
      vertex 94.3866 49.55 0
      vertex 94.3866 49.55 0.6
      vertex 93.8922 49.8583 0
    endloop
  endfacet
  facet normal -0.529135 -0.848538 -0
    outer loop
      vertex 93.8922 49.8583 0.6
      vertex 93.8922 49.8583 0
      vertex 94.3866 49.55 0.6
    endloop
  endfacet
  facet normal -0.558374 -0.829589 0
    outer loop
      vertex 94.8705 49.2243 0
      vertex 94.8705 49.2243 0.6
      vertex 94.3866 49.55 0
    endloop
  endfacet
  facet normal -0.558374 -0.829589 -0
    outer loop
      vertex 94.3866 49.55 0.6
      vertex 94.3866 49.55 0
      vertex 94.8705 49.2243 0.6
    endloop
  endfacet
  facet normal -0.587102 -0.809513 0
    outer loop
      vertex 95.3433 48.8814 0
      vertex 95.3433 48.8814 0.6
      vertex 94.8705 49.2243 0
    endloop
  endfacet
  facet normal -0.587102 -0.809513 -0
    outer loop
      vertex 94.8705 49.2243 0.6
      vertex 94.8705 49.2243 0
      vertex 95.3433 48.8814 0.6
    endloop
  endfacet
  facet normal -0.615123 -0.788431 0
    outer loop
      vertex 95.8046 48.5215 0
      vertex 95.8046 48.5215 0.6
      vertex 95.3433 48.8814 0
    endloop
  endfacet
  facet normal -0.615123 -0.788431 -0
    outer loop
      vertex 95.3433 48.8814 0.6
      vertex 95.3433 48.8814 0
      vertex 95.8046 48.5215 0.6
    endloop
  endfacet
  facet normal -0.64238 -0.766387 0
    outer loop
      vertex 96.2539 48.1449 0
      vertex 96.2539 48.1449 0.6
      vertex 95.8046 48.5215 0
    endloop
  endfacet
  facet normal -0.64238 -0.766387 -0
    outer loop
      vertex 95.8046 48.5215 0.6
      vertex 95.8046 48.5215 0
      vertex 96.2539 48.1449 0.6
    endloop
  endfacet
  facet normal -0.668861 -0.743387 0
    outer loop
      vertex 96.6908 47.7518 0
      vertex 96.6908 47.7518 0.6
      vertex 96.2539 48.1449 0
    endloop
  endfacet
  facet normal -0.668861 -0.743387 -0
    outer loop
      vertex 96.2539 48.1449 0.6
      vertex 96.2539 48.1449 0
      vertex 96.6908 47.7518 0.6
    endloop
  endfacet
  facet normal -0.694525 -0.719469 0
    outer loop
      vertex 97.1148 47.3425 0
      vertex 97.1148 47.3425 0.6
      vertex 96.6908 47.7518 0
    endloop
  endfacet
  facet normal -0.694525 -0.719469 -0
    outer loop
      vertex 96.6908 47.7518 0.6
      vertex 96.6908 47.7518 0
      vertex 97.1148 47.3425 0.6
    endloop
  endfacet
  facet normal -0.735091 -0.677968 0
    outer loop
      vertex 98.0275 46.3529 0
      vertex 98.0275 46.3529 0.6
      vertex 97.1148 47.3425 0
    endloop
  endfacet
  facet normal -0.735091 -0.677968 -0
    outer loop
      vertex 97.1148 47.3425 0.6
      vertex 97.1148 47.3425 0
      vertex 98.0275 46.3529 0.6
    endloop
  endfacet
  facet normal -0.787401 -0.616441 0
    outer loop
      vertex 98.8442 45.3097 0
      vertex 98.8442 45.3097 0.6
      vertex 98.0275 46.3529 0
    endloop
  endfacet
  facet normal -0.787401 -0.616441 -0
    outer loop
      vertex 98.0275 46.3529 0.6
      vertex 98.0275 46.3529 0
      vertex 98.8442 45.3097 0.6
    endloop
  endfacet
  facet normal -0.834408 -0.551147 0
    outer loop
      vertex 99.5647 44.2189 0
      vertex 99.5647 44.2189 0.6
      vertex 98.8442 45.3097 0
    endloop
  endfacet
  facet normal -0.834408 -0.551147 -0
    outer loop
      vertex 98.8442 45.3097 0.6
      vertex 98.8442 45.3097 0
      vertex 99.5647 44.2189 0.6
    endloop
  endfacet
  facet normal -0.875768 -0.482732 0
    outer loop
      vertex 100.189 43.0863 0
      vertex 100.189 43.0863 0.6
      vertex 99.5647 44.2189 0
    endloop
  endfacet
  facet normal -0.875768 -0.482732 -0
    outer loop
      vertex 99.5647 44.2189 0.6
      vertex 99.5647 44.2189 0
      vertex 100.189 43.0863 0.6
    endloop
  endfacet
  facet normal -0.910966 -0.412481 0
    outer loop
      vertex 100.718 41.918 0
      vertex 100.718 41.918 0.6
      vertex 100.189 43.0863 0
    endloop
  endfacet
  facet normal -0.910966 -0.412481 -0
    outer loop
      vertex 100.189 43.0863 0.6
      vertex 100.189 43.0863 0
      vertex 100.718 41.918 0.6
    endloop
  endfacet
  facet normal -0.940716 -0.339195 0
    outer loop
      vertex 101.15 40.7199 0
      vertex 101.15 40.7199 0.6
      vertex 100.718 41.918 0
    endloop
  endfacet
  facet normal -0.940716 -0.339195 -0
    outer loop
      vertex 100.718 41.918 0.6
      vertex 100.718 41.918 0
      vertex 101.15 40.7199 0.6
    endloop
  endfacet
  facet normal -0.96421 -0.26514 0
    outer loop
      vertex 101.486 39.498 0
      vertex 101.486 39.498 0.6
      vertex 101.15 40.7199 0
    endloop
  endfacet
  facet normal -0.96421 -0.26514 -0
    outer loop
      vertex 101.15 40.7199 0.6
      vertex 101.15 40.7199 0
      vertex 101.486 39.498 0.6
    endloop
  endfacet
  facet normal -0.981777 -0.190037 0
    outer loop
      vertex 101.726 38.2581 0
      vertex 101.726 38.2581 0.6
      vertex 101.486 39.498 0
    endloop
  endfacet
  facet normal -0.981777 -0.190037 -0
    outer loop
      vertex 101.486 39.498 0.6
      vertex 101.486 39.498 0
      vertex 101.726 38.2581 0.6
    endloop
  endfacet
  facet normal -0.993357 -0.115073 0
    outer loop
      vertex 101.871 37.0064 0
      vertex 101.871 37.0064 0.6
      vertex 101.726 38.2581 0
    endloop
  endfacet
  facet normal -0.993357 -0.115073 -0
    outer loop
      vertex 101.726 38.2581 0.6
      vertex 101.726 38.2581 0
      vertex 101.871 37.0064 0.6
    endloop
  endfacet
  facet normal -0.999273 -0.0381371 0
    outer loop
      vertex 101.919 35.7487 0
      vertex 101.919 35.7487 0.6
      vertex 101.871 37.0064 0
    endloop
  endfacet
  facet normal -0.999273 -0.0381371 -0
    outer loop
      vertex 101.871 37.0064 0.6
      vertex 101.871 37.0064 0
      vertex 101.919 35.7487 0.6
    endloop
  endfacet
  facet normal -0.999272 0.0381402 0
    outer loop
      vertex 101.871 34.4911 0
      vertex 101.871 34.4911 0.6
      vertex 101.919 35.7487 0
    endloop
  endfacet
  facet normal -0.999272 0.0381402 0
    outer loop
      vertex 101.919 35.7487 0.6
      vertex 101.919 35.7487 0
      vertex 101.871 34.4911 0.6
    endloop
  endfacet
  facet normal -0.993358 0.115064 0
    outer loop
      vertex 101.726 33.2393 0
      vertex 101.726 33.2393 0.6
      vertex 101.871 34.4911 0
    endloop
  endfacet
  facet normal -0.993358 0.115064 0
    outer loop
      vertex 101.871 34.4911 0.6
      vertex 101.871 34.4911 0
      vertex 101.726 33.2393 0.6
    endloop
  endfacet
  facet normal -0.981774 0.190051 0
    outer loop
      vertex 101.486 31.9995 0
      vertex 101.486 31.9995 0.6
      vertex 101.726 33.2393 0
    endloop
  endfacet
  facet normal -0.981774 0.190051 0
    outer loop
      vertex 101.726 33.2393 0.6
      vertex 101.726 33.2393 0
      vertex 101.486 31.9995 0.6
    endloop
  endfacet
  facet normal -0.964215 0.26512 0
    outer loop
      vertex 101.15 30.7775 0
      vertex 101.15 30.7775 0.6
      vertex 101.486 31.9995 0
    endloop
  endfacet
  facet normal -0.964215 0.26512 0
    outer loop
      vertex 101.486 31.9995 0.6
      vertex 101.486 31.9995 0
      vertex 101.15 30.7775 0.6
    endloop
  endfacet
  facet normal -0.940716 0.339195 0
    outer loop
      vertex 100.718 29.5794 0
      vertex 100.718 29.5794 0.6
      vertex 101.15 30.7775 0
    endloop
  endfacet
  facet normal -0.940716 0.339195 0
    outer loop
      vertex 101.15 30.7775 0.6
      vertex 101.15 30.7775 0
      vertex 100.718 29.5794 0.6
    endloop
  endfacet
  facet normal -0.910966 0.412481 0
    outer loop
      vertex 100.189 28.4111 0
      vertex 100.189 28.4111 0.6
      vertex 100.718 29.5794 0
    endloop
  endfacet
  facet normal -0.910966 0.412481 0
    outer loop
      vertex 100.718 29.5794 0.6
      vertex 100.718 29.5794 0
      vertex 100.189 28.4111 0.6
    endloop
  endfacet
  facet normal -0.87575 0.482765 0
    outer loop
      vertex 99.5647 27.2786 0
      vertex 99.5647 27.2786 0.6
      vertex 100.189 28.4111 0
    endloop
  endfacet
  facet normal -0.87575 0.482765 0
    outer loop
      vertex 100.189 28.4111 0.6
      vertex 100.189 28.4111 0
      vertex 99.5647 27.2786 0.6
    endloop
  endfacet
  facet normal -0.834431 0.551112 0
    outer loop
      vertex 98.8442 26.1877 0
      vertex 98.8442 26.1877 0.6
      vertex 99.5647 27.2786 0
    endloop
  endfacet
  facet normal -0.834431 0.551112 0
    outer loop
      vertex 99.5647 27.2786 0.6
      vertex 99.5647 27.2786 0
      vertex 98.8442 26.1877 0.6
    endloop
  endfacet
  facet normal -0.787401 0.616441 0
    outer loop
      vertex 98.0275 25.1445 0
      vertex 98.0275 25.1445 0.6
      vertex 98.8442 26.1877 0
    endloop
  endfacet
  facet normal -0.787401 0.616441 0
    outer loop
      vertex 98.8442 26.1877 0.6
      vertex 98.8442 26.1877 0
      vertex 98.0275 25.1445 0.6
    endloop
  endfacet
  facet normal -0.735057 0.678005 0
    outer loop
      vertex 97.1148 24.155 0
      vertex 97.1148 24.155 0.6
      vertex 98.0275 25.1445 0
    endloop
  endfacet
  facet normal -0.735057 0.678005 0
    outer loop
      vertex 98.0275 25.1445 0.6
      vertex 98.0275 25.1445 0
      vertex 97.1148 24.155 0.6
    endloop
  endfacet
  facet normal -0.678005 0.735057 0
    outer loop
      vertex 96.1253 23.2423 0
      vertex 96.1253 23.2423 0.6
      vertex 97.1148 24.155 0
    endloop
  endfacet
  facet normal -0.678005 0.735057 0
    outer loop
      vertex 97.1148 24.155 0.6
      vertex 97.1148 24.155 0
      vertex 96.1253 23.2423 0.6
    endloop
  endfacet
  facet normal -0.616394 0.787438 0
    outer loop
      vertex 95.0821 22.4257 0
      vertex 95.0821 22.4257 0.6
      vertex 96.1253 23.2423 0
    endloop
  endfacet
  facet normal -0.616394 0.787438 0
    outer loop
      vertex 96.1253 23.2423 0.6
      vertex 96.1253 23.2423 0
      vertex 95.0821 22.4257 0.6
    endloop
  endfacet
  facet normal -0.5512 0.834373 0
    outer loop
      vertex 93.9913 21.7051 0
      vertex 93.9913 21.7051 0.6
      vertex 95.0821 22.4257 0
    endloop
  endfacet
  facet normal -0.5512 0.834373 0
    outer loop
      vertex 95.0821 22.4257 0.6
      vertex 95.0821 22.4257 0
      vertex 93.9913 21.7051 0.6
    endloop
  endfacet
  facet normal -0.48285 0.875703 0
    outer loop
      vertex 92.8587 21.0806 0
      vertex 92.8587 21.0806 0.6
      vertex 93.9913 21.7051 0
    endloop
  endfacet
  facet normal -0.48285 0.875703 0
    outer loop
      vertex 93.9913 21.7051 0.6
      vertex 93.9913 21.7051 0
      vertex 92.8587 21.0806 0.6
    endloop
  endfacet
  facet normal -0.412092 0.911142 0
    outer loop
      vertex 91.6904 20.5522 0
      vertex 91.6904 20.5522 0.6
      vertex 92.8587 21.0806 0
    endloop
  endfacet
  facet normal -0.412092 0.911142 0
    outer loop
      vertex 92.8587 21.0806 0.6
      vertex 92.8587 21.0806 0
      vertex 91.6904 20.5522 0.6
    endloop
  endfacet
  facet normal -0.339473 0.940616 0
    outer loop
      vertex 90.4923 20.1198 0
      vertex 90.4923 20.1198 0.6
      vertex 91.6904 20.5522 0
    endloop
  endfacet
  facet normal -0.339473 0.940616 0
    outer loop
      vertex 91.6904 20.5522 0.6
      vertex 91.6904 20.5522 0
      vertex 90.4923 20.1198 0.6
    endloop
  endfacet
  facet normal -0.265267 0.964175 0
    outer loop
      vertex 89.2703 19.7836 0
      vertex 89.2703 19.7836 0.6
      vertex 90.4923 20.1198 0
    endloop
  endfacet
  facet normal -0.265267 0.964175 0
    outer loop
      vertex 90.4923 20.1198 0.6
      vertex 90.4923 20.1198 0
      vertex 89.2703 19.7836 0.6
    endloop
  endfacet
  facet normal -0.190204 0.981745 0
    outer loop
      vertex 88.0305 19.5434 0
      vertex 88.0305 19.5434 0.6
      vertex 89.2703 19.7836 0
    endloop
  endfacet
  facet normal -0.190204 0.981745 0
    outer loop
      vertex 89.2703 19.7836 0.6
      vertex 89.2703 19.7836 0
      vertex 88.0305 19.5434 0.6
    endloop
  endfacet
  facet normal -0.114368 0.993438 0
    outer loop
      vertex 86.7788 19.3993 0
      vertex 86.7788 19.3993 0.6
      vertex 88.0305 19.5434 0
    endloop
  endfacet
  facet normal -0.114368 0.993438 0
    outer loop
      vertex 88.0305 19.5434 0.6
      vertex 88.0305 19.5434 0
      vertex 86.7788 19.3993 0.6
    endloop
  endfacet
  facet normal -0.0382165 0.999269 0
    outer loop
      vertex 85.5211 19.3512 0
      vertex 85.5211 19.3512 0.6
      vertex 86.7788 19.3993 0
    endloop
  endfacet
  facet normal -0.0382165 0.999269 0
    outer loop
      vertex 86.7788 19.3993 0.6
      vertex 86.7788 19.3993 0
      vertex 85.5211 19.3512 0.6
    endloop
  endfacet
  facet normal 0.0382165 0.999269 -0
    outer loop
      vertex 84.2634 19.3993 0
      vertex 84.2634 19.3993 0.6
      vertex 85.5211 19.3512 0
    endloop
  endfacet
  facet normal 0.0382165 0.999269 0
    outer loop
      vertex 85.5211 19.3512 0.6
      vertex 85.5211 19.3512 0
      vertex 84.2634 19.3993 0.6
    endloop
  endfacet
endsolid OpenSCAD_Model
